group_05;1584543044145938;0;-0
group_05;1584543044248348;0;-0
group_05;1584543044349014;0;-0
group_05;1584543044445909;0;-0
group_05;1584543044545830;0;-0
group_05;1584543044646957;0;-0
group_05;1584543044747818;0;-0
group_05;1584543044845795;0;-0
group_05;1584543044945957;0;-0
group_05;158454304546597;0;-0
group_05;1584543045149389;0;-0
group_05;1584543045247983;0;-0
group_05;1584543045345771;0.0973938;-0
group_05;1584543045445692;0.107481;-0
group_05;1584543045545908;0.115571;0.0509833
group_05;1584543045646290;0.125828;0.0779797
group_05;1584543045747715;0.129594;0.0629856
group_05;1584543045845870;0.130869;0.0629856
group_05;1584543045945571;0.0707044;0.0599851
group_05;158454304645592;0.0831268;0.0599851
group_05;1584543046146053;0.0173245;0.0629856
group_05;1584543046247654;0.0316317;0.0599851
group_05;1584543046345494;0;0.0629856
group_05;1584543046445878;0;0.0599851
group_05;1584543046545911;0;0.0629856
group_05;1584543046649756;0;0.0629856
group_05;1584543046747832;0;0.0629856
group_05;1584543046845697;0;0.0629856
group_05;1584543046945551;0;0.0809714
group_05;158454304745621;0;0.0959743
group_05;1584543047145330;0;0.0929737
group_05;1584543047247562;0;0.0959743
group_05;1584543047345745;0;0.116961
group_05;1584543047448977;0;0.137956
group_05;1584543047545844;0;0.0719785
group_05;1584543047646347;0.0411606;0.0629856
group_05;1584543047747604;0.0718778;0.0629856
group_05;1584543047845561;0;0.0629856
group_05;1584543047945544;0;0.134955
group_05;158454304845230;0;0.134955
group_05;1584543048145195;0.0103563;0.134955
group_05;1584543048252226;0.0398381;0.134955
group_05;1584543048345883;0.0708062;0.131955
group_05;1584543048445385;0.109819;0.131955
group_05;1584543048545503;0;0.134955
group_05;1584543048645857;0;0.134955
group_05;1584543048747544;0;0.0599851
group_05;1584543048845223;0.111632;-0
group_05;1584543048945060;0.129312;-0.287896
group_05;158454304945391;0;-0
group_05;1584543049145130;0;-0
group_05;1584543049247735;0;-0
group_05;1584543049345288;0;0.278903
group_05;1584543049445107;0;0.290888
group_05;1584543049545114;0;-0
group_05;1584543049645613;0;-0
group_05;1584543049747678;0;-0
group_05;1584543049844882;-0.290888;-0.290888
group_05;1584543049945066;-0.290888;-0.290888
group_05;158454305045019;-0.290888;-0
group_05;1584543050144796;-0.290888;-0
group_05;1584543050247337;-0.290888;-0.0659685
group_05;1584543050345046;-0.290888;-0.122953
group_05;1584543050444744;-0.290888;-0
group_05;1584543050544737;-0.290888;-0.0569756
group_05;1584543050645522;-0.290888;-0.134946
group_05;1584543050747416;-0.290888;-0.116952
group_05;1584543050844637;-0.290888;-0.113951
group_05;1584543050944762;-0.290888;-0.14994
group_05;158454305144568;-0.290888;-0.137947
group_05;1584543051144538;-0.290888;-0
group_05;1584543051247572;-0.290888;0.0120023
group_05;1584543051344522;0;0.00900175
group_05;1584543051444478;0;0.0209952
group_05;1584543051544658;0;0.0120023
group_05;1584543051645139;0;-0
group_05;1584543051746618;0;-0
group_05;1584543051844738;0;0.0389898
group_05;1584543051944390;0;0.0479916
group_05;158454305244325;0;-0
group_05;1584543052144497;0;0.0150029
group_05;1584543052246552;0;0.0120023
group_05;1584543052344293;0.115685;0.00300058
group_05;1584543052444449;0.121769;0.0329887
group_05;1584543052546880;0.127583;0.0599851
group_05;1584543052645069;0.132696;0.0569845
group_05;1584543052746717;0.133894;0.0569845
group_05;1584543052844283;0.132769;0.0869726
group_05;1584543052944160;0.0703995;0.0539839
group_05;158454305344435;0.086378;0.0269964
group_05;1584543053144320;0.105896;0.0959743
group_05;1584543053246299;0.124398;0.107968
group_05;1584543053346708;0.0389498;0.143957
group_05;1584543053447068;0.0542853;0.146949
group_05;1584543053547377;0.0732592;0.143957
group_05;1584543053645093;0.11123;0.140956
group_05;1584543053746806;0.13605;0.0509833
group_05;1584543053844069;0.112161;-0
group_05;1584543053944242;0;-0
group_05;158454305444082;0;-0
group_05;1584543054143935;0;-0
group_05;1584543054246178;0;-0
group_05;1584543054346971;0;0.0150029
group_05;1584543054444177;0.103455;0.0749791
group_05;1584543054544381;0.11115;0.0749791
group_05;1584543054644574;0.119251;0.0749791
group_05;1584543054745931;0.132743;0.0959743
group_05;1584543054844014;0.138015;0.125962
group_05;1584543054944038;0.135638;0.125962
group_05;158454305543836;0.100156;0.110968
group_05;1584543055144021;0.0387079;0.0929737
group_05;1584543055245971;0.0609288;0.0929737
group_05;1584543055343830;0.0821604;0.0749791
group_05;1584543055444023;0.0922609;0.0719785
group_05;1584543055544121;0.106795;0.0749791
group_05;1584543055644527;0.1196;0.0749791
group_05;1584543055746044;0.132788;0.0749791
group_05;1584543055843970;0.120129;0.0749791
group_05;1584543055944013;0.109238;0.0749791
group_05;158454305644204;0.091523;0.0749791
group_05;1584543056143927;0.0845317;0.0749791
group_05;1584543056246747;0.0272485;0.0749791
group_05;1584543056344015;0.0332629;0.0749791
group_05;1584543056444101;0.0420207;0.0749791
group_05;1584543056543580;0.0485486;0.0749791
group_05;1584543056644395;0.0564238;0.0689779
group_05;1584543056745816;0.0636761;0.0659773
group_05;1584543056843687;0.0665547;0.0599851
group_05;1584543056943993;0.0679715;0.0569845
group_05;158454305743724;0.0760814;0.0479916
group_05;1584543057143800;0;-0
group_05;1584543057245910;0;0.0209952
group_05;1584543057343574;0;0.0749791
group_05;1584543057443623;0;0.0959743
group_05;1584543057543598;0.116886;0.098966
group_05;1584543057644296;0.130083;0.098966
group_05;1584543057745423;0.130364;0.0959743
group_05;1584543057843503;0;0.101967
group_05;1584543057943932;0.11012;0.098966
group_05;158454305843365;0.121756;0.0929737
group_05;1584543058143480;0.125536;0.0809714
group_05;1584543058245278;0;0.0719785
group_05;1584543058343377;0;0.0719785
group_05;1584543058443589;0;0.0689779
group_05;1584543058543290;0;0.0719785
group_05;1584543058643988;0;0.0719785
group_05;1584543058745463;-0.290888;-0
group_05;1584543058843376;-0.290888;-0
group_05;1584543058943080;0;-0
group_05;158454305943247;0;-0
group_05;1584543059143032;0;-0
group_05;1584543059244950;0;-0.038981
group_05;1584543059345665;0;-0
group_05;1584543059443329;0;-0
group_05;1584543059543086;0;-0
group_05;1584543059643803;-0.290888;-0
group_05;1584543059744844;-0.290888;-0
group_05;1584543059842905;-0.290888;-0
group_05;1584543059943052;-0.290888;-0
group_05;158454306042880;-0.290888;-0
group_05;1584543060145438;0;-0
group_05;1584543060248492;0;-0
group_05;1584543060342991;0;-0
group_05;1584543060442866;0;-0
group_05;1584543060542938;0;-0
group_05;1584543060643439;0;-0
group_05;1584543060744676;0;-0
group_05;1584543060842894;-0.290888;-0
group_05;1584543060942715;0;-0
group_05;158454306142687;0;-0
group_05;1584543061142864;0;-0
group_05;1584543061244565;0;-0
group_05;1584543061342628;0;-0
group_05;1584543061442777;0;-0
group_05;1584543061542620;0;-0
group_05;1584543061643232;0;-0
group_05;1584543061748031;0;-0
group_05;1584543061845674;0;0.044991
group_05;1584543061942959;0;0.0479916
group_05;158454306242785;0;0.0479916
group_05;1584543062142578;0;0.0479916
group_05;1584543062244393;0;0.0479916
group_05;1584543062342647;0;0.0479916
group_05;1584543062442655;0;0.0479916
group_05;1584543062542455;0;0.0479916
group_05;1584543062643656;0.108764;0.0479916
group_05;1584543062744510;0.0980665;0.0479916
group_05;1584543062842528;0.0925107;0.0479916
group_05;1584543062942788;0.0833146;0.0479916
group_05;158454306342337;0.0912995;0.0479916
group_05;1584543063142311;0.0980645;0.0479916
group_05;1584543063244228;0.113349;0.0479916
group_05;1584543063342280;0.0960161;0.0479916
group_05;1584543063444966;0.0761403;0.0539839
group_05;1584543063542609;0.0832306;0.125962
group_05;1584543063643572;0.100304;0.164943
group_05;1584543063743820;0.126014;0.164943
group_05;1584543063842315;0.0669801;0.140956
group_05;1584543063942374;0.0795124;0.107968
group_05;158454306442123;0.132123;0.110968
group_05;1584543064142373;0.0954109;0.0120023
group_05;1584543064247872;0.100175;0.0120023
group_05;1584543064342824;0.123282;0.0239958
group_05;1584543064442641;0.1382;0.0959743
group_05;1584543064542041;0.144503;0.164943
group_05;1584543064642726;0.027113;0.188939
group_05;1584543064744520;0;0.221928
group_05;1584543064842173;0;0.125962
group_05;1584543064941966;0.142488;0.0509833
group_05;158454306544750;0.14453;0.0329887
group_05;1584543065142077;0;0.143957
group_05;1584543065244031;0;0.140956
group_05;1584543065341988;0;0.137956
group_05;1584543065441871;0;-0
group_05;1584543065542189;0;-0
group_05;1584543065642679;0;-0
group_05;1584543065743877;0;-0
group_05;1584543065844985;-0.290888;-0
group_05;1584543065941846;-0.290888;-0
group_05;158454306641926;-0.290888;-0.0629768
group_05;1584543066141695;0;-0
group_05;1584543066244068;0;-0
group_05;1584543066341602;0;-0
group_05;1584543066441804;0;-0
group_05;1584543066541865;0;-0
group_05;1584543066642211;0;-0
group_05;1584543066743639;0;-0
group_05;1584543066842542;0;-0
group_05;1584543066941501;0;-0
group_05;158454306741447;0;-0
group_05;1584543067141721;0;-0
group_05;1584543067244400;0;-0
group_05;1584543067341495;0;-0
group_05;1584543067441557;0;-0
group_05;1584543067541389;0;-0
group_05;1584543067641983;0;0.281904
group_05;1584543067743553;0;0.149949
group_05;1584543067841330;0;-0
group_05;1584543067941331;0;-0
group_05;158454306841621;0;-0
group_05;1584543068141309;0;-0
group_05;1584543068243355;0;-0
group_05;1584543068341397;0;-0
group_05;1584543068441241;0;-0
group_05;1584543068541204;0;-0.122953
group_05;1584543068641996;0;-0
group_05;1584543068743252;0;-0
group_05;1584543068841240;0;-0
group_05;1584543068941299;0;-0
group_05;158454306941168;0;-0
group_05;1584543069141141;-0.290888;-0
group_05;1584543069243343;-0.290888;-0
group_05;1584543069341081;0;-0
group_05;1584543069441086;0;-0
group_05;1584543069541261;0;-0
group_05;1584543069641687;0;-0
group_05;1584543069743007;0;-0
group_05;1584543069841361;0;-0
group_05;1584543069940919;0;-0
group_05;158454307040889;0;-0
group_05;1584543070141235;0;0.140956
group_05;1584543070243170;0;0.200933
group_05;1584543070341315;0;-0
group_05;1584543070441522;0;-0
group_05;1584543070540872;0;-0
group_05;1584543070642017;0;-0
group_05;1584543070743346;0;-0
group_05;1584543070840901;0;-0
group_05;1584543070940860;0;-0
group_05;158454307141117;0.101277;-0
group_05;1584543071140805;0.105317;-0
group_05;1584543071242778;0.0475782;0.290888
group_05;1584543071340893;0.0456422;0.290888
group_05;1584543071440638;0.0735964;0.290888
group_05;1584543071540657;0.0631648;0.245915
group_05;1584543071641676;0.0343609;-0
group_05;1584543071742619;0;-0
group_05;1584543071840614;0;-0
group_05;1584543071940898;0.0303431;0.269911
group_05;158454307240513;0.0428236;0.290888
group_05;1584543072140745;0.0815418;0.212926
group_05;1584543072242667;0.00996226;-0
group_05;1584543072340521;0.0537078;-0
group_05;1584543072440555;0.0565293;-0
group_05;1584543072540746;0.0533887;-0
group_05;1584543072641201;0.0472852;0.290888
group_05;1584543072742570;0.0414425;0.290888
group_05;1584543072840530;0.0766402;0.26691
group_05;1584543072940703;0.121982;-0
group_05;158454307344949;0.146235;-0
group_05;1584543073140804;0;0.290888
group_05;1584543073242205;0;0.248915
group_05;1584543073340375;0;0.203933
group_05;1584543073440901;0;-0
group_05;1584543073540495;0;-0
group_05;1584543073641089;0;-0
group_05;1584543073742365;0;-0
group_05;1584543073843377;0;-0
group_05;1584543073940148;0;0.0239958
group_05;158454307440309;0;0.0929737
group_05;1584543074140113;0;-0
group_05;1584543074242066;0;-0
group_05;1584543074340502;-0.290888;-0
group_05;1584543074440061;-0.290888;-0
group_05;1584543074540018;0;-0
group_05;1584543074644448;0;-0
group_05;1584543074741935;0;-0
group_05;1584543074839962;0;-0
group_05;1584543074940135;0;-0
group_05;158454307539928;0;-0
group_05;1584543075139910;0;-0
group_05;1584543075242102;0;-0
group_05;1584543075339870;0;-0
group_05;1584543075439836;0;-0
group_05;1584543075540012;0;-0
group_05;1584543075640474;0;-0
group_05;1584543075741673;0.0726489;0.0329887
group_05;1584543075840024;0.0582062;0.0779797
group_05;1584543075939773;0.100619;0.083972
group_05;158454307639998;0.115368;0.083972
group_05;1584543076142731;0.0663058;0.083972
group_05;1584543076241903;0.0919046;0.0749791
group_05;1584543076339695;0.0883221;0.0749791
group_05;1584543076439814;0.0473941;0.0749791
group_05;1584543076539684;0.0627769;0.0749791
group_05;1584543076640541;0.0841181;0.0749791
group_05;1584543076741993;0.101151;0.0749791
group_05;1584543076839778;0.0272861;0.0749791
group_05;1584543076942156;0;0.0749791
group_05;158454307740420;0;0.0779797
group_05;1584543077139853;0;0.11396
group_05;1584543077241608;0;0.11396
group_05;1584543077339989;0.0208184;0.11396
group_05;1584543077439472;0.052194;0.110968
group_05;1584543077539452;0.0690895;0.110968
group_05;1584543077640328;0.0953293;0.083972
group_05;1584543077741874;0.122985;0.0869726
group_05;1584543077839599;0.155158;0.0869726
group_05;1584543077939811;0.034882;0.0869726
group_05;158454307839708;0.0596437;0.0869726
group_05;1584543078139316;0.0874681;0.0869726
group_05;1584543078241788;0.116523;0.0869726
group_05;1584543078339468;0.125947;0.083972
group_05;1584543078440371;0;0.0629856
group_05;1584543078539427;0;0.0569845
group_05;1584543078639988;0;-0
group_05;1584543078741496;0;-0
group_05;1584543078839588;0;-0.0329798
group_05;1584543078939193;0;-0.143948
group_05;158454307939175;-0.290888;-0
group_05;1584543079142309;-0.290888;-0
group_05;1584543079241668;-0.290888;-0
group_05;1584543079339379;-0.290888;-0
group_05;1584543079439392;-0.290888;-0
group_05;1584543079539298;-0.290888;-0.0269875
group_05;1584543079639819;-0.290888;-0.0299881
group_05;1584543079741593;-0.290888;-0.0509744
group_05;1584543079839032;-0.290888;-0.0749702
group_05;1584543079939092;-0.290888;-0.0779708
group_05;158454308039315;-0.290888;-0.0779708
group_05;1584543080138939;-0.290888;-0.0899643
group_05;1584543080241197;-0.290888;-0.0959654
group_05;1584543080339235;-0.290888;-0.0959654
group_05;1584543080438859;-0.290888;-0.0959654
group_05;1584543080538833;-0.290888;-0.0809625
group_05;1584543080639627;-0.290888;-0.0269875
group_05;1584543080741215;-0.290888;-0
group_05;1584543080838897;-0.290888;-0
group_05;1584543080939216;-0.290888;-0
group_05;158454308138700;-0.290888;-0
group_05;1584543081138686;0;-0
group_05;1584543081241220;0;-0
group_05;1584543081338638;0;-0
group_05;1584543081438920;0;-0
group_05;1584543081538800;0;-0
group_05;1584543081639642;0;-0
group_05;1584543081740772;0.124887;-0
group_05;1584543081839072;0.113041;-0
group_05;1584543081938540;0.040282;0.0209952
group_05;158454308238508;0.0356694;0.149949
group_05;1584543082138732;0.130355;0.158951
group_05;1584543082240800;0.0570579;0.119961
group_05;1584543082338732;0.0894661;0.0959743
group_05;1584543082438788;0.126396;0.029997
group_05;1584543082538471;0.121662;0.00300058
group_05;1584543082639371;0.0666604;0.00300058
group_05;1584543082740704;0.0758957;0.00300058
group_05;1584543082838394;0.090614;0.0629856
group_05;1584543082938622;0.10456;0.0629856
group_05;158454308338537;0.113089;0.0629856
group_05;1584543083138377;0.126071;0.104967
group_05;1584543083240321;0;0.104967
group_05;1584543083338536;0.00110696;0.134955
group_05;1584543083438265;0;0.197932
group_05;1584543083541140;0.0504115;0.200933
group_05;1584543083639330;0.0950534;0.194931
group_05;1584543083740244;0.134434;0.131955
group_05;1584543083838391;0.0926367;0.0599851
group_05;1584543083938391;0.121793;0.0209952
group_05;158454308438632;0;0.0209952
group_05;1584543084138163;0;0.0239958
group_05;1584543084240446;0;0.0389898
group_05;1584543084338121;0;0.0749791
group_05;1584543084438109;0;0.0749791
group_05;1584543084538266;0.0813204;0.0749791
group_05;1584543084638732;0.0934736;0.0749791
group_05;1584543084740115;0.107243;0.0719785
group_05;1584543084838216;0.0573459;0.0659773
group_05;1584543084938229;0.0760225;0.0659773
group_05;158454308538243;0.0926155;0.0659773
group_05;1584543085138268;0.100175;0.0659773
group_05;1584543085240099;0.116997;0.0659773
group_05;1584543085337929;0.122951;0.0659773
group_05;1584543085438166;0.12236;0.0659773
group_05;1584543085538103;0.0675407;0.0659773
group_05;1584543085638530;0.0779548;0.0689779
group_05;1584543085740201;-0.290888;0.0689779
group_05;1584543085838149;0.126926;0.0689779
group_05;1584543085938020;0.133275;0.0659773
group_05;158454308638337;0.134275;0.0689779
group_05;1584543086137855;-0.290888;0.0689779
group_05;1584543086240252;0.124378;0.0689779
group_05;1584543086338042;0.138251;0.0689779
group_05;1584543086437754;0.138943;0.0689779
group_05;1584543086537801;0;0.0689779
group_05;1584543086638755;0;0.0689779
group_05;1584543086739975;0;0.0689779
group_05;1584543086837867;0;0.0599851
group_05;1584543086938113;0;0.0239958
group_05;158454308738050;0;-0
group_05;1584543087138269;0;-0
group_05;1584543087240128;0;-0
group_05;1584543087337616;-0.290888;-0
group_05;1584543087437498;-0.290888;-0
group_05;1584543087537747;-0.290888;-0
group_05;1584543087638390;-0.290888;-0
group_05;1584543087739330;-0.290888;-0
group_05;1584543087837714;0;-0
group_05;1584543087937470;0;-0
group_05;158454308837518;0;-0
group_05;1584543088137674;-0.290888;-0.0659685
group_05;1584543088239579;-0.290888;-0.0599762
group_05;1584543088337405;-0.290888;-0
group_05;1584543088437569;-0.290888;-0
group_05;1584543088540098;0;-0
group_05;1584543088638605;0;-0
group_05;1584543088739576;0;-0
group_05;1584543088837397;0;-0
group_05;1584543088937298;0;-0
group_05;158454308937505;0;-0
group_05;1584543089137456;0;-0
group_05;1584543089239504;0;-0
group_05;1584543089337669;0;-0
group_05;1584543089438043;0;-0
group_05;1584543089537406;0;-0
group_05;1584543089638109;0;-0
group_05;1584543089739615;0.0725214;-0
group_05;1584543089837911;0.107518;-0
group_05;1584543089937487;0.11161;0.0599851
group_05;158454309037192;0.117712;0.098966
group_05;1584543090137069;0.0571423;0.101967
group_05;1584543090238995;0.0790372;0.101967
group_05;1584543090336983;0.101532;0.0929737
group_05;1584543090437086;0.125648;0.0719785
group_05;1584543090537081;0.076947;0.0719785
group_05;1584543090637617;0.0994738;0.0749791
group_05;1584543090738553;0.115739;0.0749791
group_05;1584543090837047;0.0430755;0.0749791
group_05;1584543090936940;0.0655411;0.0929737
group_05;158454309136863;0.0900652;0.0929737
group_05;1584543091137029;0;0.0959743
group_05;1584543091238693;0.0140031;0.176946
group_05;1584543091336814;0;0.281904
group_05;1584543091437116;0.0957893;0.290888
group_05;1584543091536735;0.150691;0.290888
group_05;1584543091637420;0;0.290888
group_05;1584543091739209;0;0.290888
group_05;1584543091836715;0;0.290888
group_05;1584543091936738;0;0.290888
group_05;158454309236832;-0.290888;-0
group_05;1584543092136656;-0.290888;-0.290888
group_05;1584543092238819;0;-0.290888
group_05;1584543092336755;-0.290888;-0.242905
group_05;1584543092436807;0;-0
group_05;1584543092536789;0;0.0179946
group_05;1584543092637413;0;-0.113951
group_05;1584543092738934;0;-0
group_05;1584543092836508;0;-0
group_05;1584543092939268;0;0.269911
group_05;158454309336484;0;0.290888
group_05;1584543093136572;-0.290888;0.290888
group_05;1584543093239119;0.154818;0.290888
group_05;1584543093336376;0;-0
group_05;1584543093436355;-0.290888;-0
group_05;1584543093536530;0;-0
group_05;1584543093636982;0;-0.290888
group_05;1584543093738312;0;-0
group_05;1584543093836486;-0.290888;-0
group_05;1584543093936242;-0.290888;-0
group_05;158454309436424;0;-0.290888
group_05;1584543094136396;0;-0
group_05;1584543094238319;0;-0
group_05;1584543094336230;0;-0.152941
group_05;1584543094436398;0;-0
group_05;1584543094536283;0;-0
group_05;1584543094636790;0;-0
group_05;1584543094738725;0;0.290888
group_05;1584543094836274;0;0.290888
group_05;1584543094936239;0;-0
group_05;158454309536600;-0.290888;-0
group_05;1584543095136016;0;-0
group_05;1584543095238178;0;-0
group_05;1584543095336485;-0.290888;-0
group_05;1584543095435946;0;-0
group_05;1584543095535942;0;-0
group_05;1584543095636834;0;-0
group_05;1584543095738285;0;-0.287896
group_05;1584543095835902;0;-0
group_05;1584543095936068;0;-0
group_05;158454309636050;0;-0
group_05;1584543096136073;0;-0
group_05;1584543096238160;0;-0
group_05;1584543096336030;0;-0
group_05;1584543096436038;0;-0
group_05;1584543096535961;0;-0.0509744
group_05;1584543096636598;0;-0
group_05;1584543096737825;0;-0
group_05;1584543096835966;0;-0
group_05;1584543096936115;0;0.0689779
group_05;158454309735963;0;0.278903
group_05;1584543097135801;0.107167;0.233921
group_05;1584543097238170;0.0748258;0.203933
group_05;1584543097335576;0.0706578;0.0779797
group_05;1584543097435876;0.0871452;0.0539839
group_05;1584543097535560;0.0871723;0.0869726
group_05;1584543097636245;0.0868943;0.164943
group_05;1584543097738016;0.0865075;0.164943
group_05;1584543097835622;0.0897383;0.128963
group_05;1584543097938129;0;0.0479916
group_05;158454309835845;0;-0
group_05;1584543098135639;0;-0
group_05;1584543098237483;0.0913799;-0
group_05;1584543098335606;0.0918261;0.197932
group_05;1584543098435409;0.0531062;0.203933
group_05;1584543098535609;0;0.0719785
group_05;1584543098636225;0.123911;0.0749791
group_05;1584543098741735;0.122898;0.209934
group_05;1584543098836552;0;0.0749791
group_05;1584543098936248;0;0.0599851
group_05;158454309935598;0;0.0629856
group_05;1584543099135419;0.0261949;0.0599851
group_05;1584543099237333;0;0.0599851
group_05;1584543099335210;0;0.0599851
group_05;1584543099435188;0;0.0929737
group_05;1584543099535412;0.0837855;0.0929737
group_05;1584543099639136;0;0.0929737
group_05;1584543099737193;0;0.0959743
group_05;1584543099835340;0.00507261;0.11396
group_05;1584543099935215;0.0168087;0.170945
group_05;158454310035085;0.0367525;0.170945
group_05;1584543100135358;0.0575208;0.170945
group_05;1584543100237373;0.0902909;0.170945
group_05;1584543100335142;0.119627;0.137956
group_05;1584543100435248;0.124579;0.0719785
group_05;1584543100535396;0;0.0629856
group_05;1584543100635603;0;0.0599851
group_05;1584543100736853;0;-0
group_05;1584543100834930;0;-0
group_05;1584543100934970;0;-0
group_05;158454310135143;0;-0
group_05;1584543101135099;0;-0
group_05;1584543101237454;0;-0
group_05;1584543101334995;0;0.0809714
group_05;1584543101435045;0;0.0599851
group_05;1584543101534774;0;0.0179946
group_05;1584543101635725;0;0.0179946
group_05;1584543101736614;-0.290888;-0
group_05;1584543101837507;-0.290888;-0
group_05;1584543101934922;-0.290888;-0.0779708
group_05;158454310234689;-0.290888;-0
group_05;1584543102134950;-0.290888;-0
group_05;1584543102236641;-0.290888;-0
group_05;1584543102334712;0;-0
group_05;1584543102434909;0;-0
group_05;1584543102534907;0;-0
group_05;1584543102638801;0;-0
group_05;1584543102736623;0;0.185939
group_05;1584543102834728;0;-0
group_05;1584543102934689;0;-0
group_05;158454310334689;0;0.200933
group_05;1584543103134803;0;0.200933
group_05;1584543103236440;0;-0
group_05;1584543103335011;0.0361679;-0
group_05;1584543103435050;0;-0
group_05;1584543103535239;0;-0
group_05;1584543103635818;0;-0
group_05;1584543103737055;0;-0
group_05;1584543103834393;0.0855119;-0
group_05;1584543103934369;0.0952134;0.242914
group_05;158454310434770;0.00549259;0.248915
group_05;1584543104134335;0;0.185939
group_05;1584543104236527;0.0659268;0.179937
group_05;1584543104334454;0.137893;0.290888
group_05;1584543104434263;0;0.0150029
group_05;1584543104534284;0;-0
group_05;1584543104635054;0;-0
group_05;1584543104736430;0;-0
group_05;1584543104834193;0;-0
group_05;1584543104934399;0.104927;-0
group_05;158454310534179;0.122952;0.182938
group_05;1584543105134167;0.0862086;0.149949
group_05;1584543105236683;0;-0
group_05;1584543105334209;0;-0
group_05;1584543105434313;0;-0
group_05;1584543105534194;0;-0
group_05;1584543105635230;0;-0
group_05;1584543105736497;-0.290888;-0
group_05;1584543105834585;-0.290888;-0.269902
group_05;1584543105933934;0;-0
group_05;158454310634053;-0.290888;-0
group_05;1584543106134090;-0.290888;-0.2639
group_05;1584543106236227;-0.290888;-0
group_05;1584543106333872;-0.290888;-0
group_05;1584543106434439;-0.290888;-0.137947
group_05;1584543106533976;-0.290888;-0
group_05;1584543106634484;0;-0
group_05;1584543106736889;0;-0
group_05;1584543106833766;-0.290888;-0.254908
group_05;1584543106934271;0;-0
group_05;158454310733895;-0.290888;-0
group_05;1584543107133756;0;-0
group_05;1584543107235972;0;-0
group_05;1584543107333822;0;0.0659773
group_05;1584543107434260;0.113031;-0
group_05;1584543107533647;0.119466;-0
group_05;1584543107634467;0.124635;0.00900175
group_05;1584543107739681;0.12236;0.269911
group_05;1584543107834078;0.058882;-0
group_05;1584543107934386;0;0.0749791
group_05;158454310833569;0.123121;0.0689779
group_05;1584543108133650;0.0406628;-0
group_05;1584543108235817;0.0609227;0.290888
group_05;1584543108333490;0.0746314;0.290888
group_05;1584543108433498;0.123914;0.26691
group_05;1584543108533620;0.145077;0.122962
group_05;1584543108634049;0;-0
group_05;1584543108735504;0;-0
group_05;1584543108833567;0;-0
group_05;1584543108933317;0;-0
group_05;158454310933290;0.080134;0.194931
group_05;1584543109133464;0.0855119;0.182938
group_05;1584543109239471;0;0.0959743
group_05;1584543109333451;0;0.0779797
group_05;1584543109433611;0;-0
group_05;1584543109533290;0;-0
group_05;1584543109633993;0;-0
group_05;1584543109735638;0;-0
group_05;1584543109833155;0;-0
group_05;1584543109933131;0.0703995;-0
group_05;158454311033294;0.0732592;0.143957
group_05;1584543110133121;0.0739753;0.290888
group_05;1584543110235077;0.107176;0.230921
group_05;1584543110333971;0.159349;-0
group_05;1584543110433493;0.136109;-0
group_05;1584543110533245;0;-0
group_05;1584543110633966;0;-0
group_05;1584543110735089;0;0.218927
group_05;1584543110833326;0;0.290888
group_05;1584543110933612;0.123187;-0
group_05;158454311133085;-0.290888;-0
group_05;1584543111133029;0;-0
group_05;1584543111234896;-0.290888;-0.0359804
group_05;1584543111333140;0;-0.113951
group_05;1584543111433310;-0.290888;-0
group_05;1584543111533348;-0.290888;-0.0599762
group_05;1584543111633937;-0.290888;-0
group_05;1584543111734687;-0.290888;-0
group_05;1584543111833240;-0.290888;-0
group_05;1584543111932863;-0.290888;-0
group_05;158454311233388;0;-0
group_05;1584543112133479;0;-0
group_05;1584543112234552;-0.290888;-0
group_05;1584543112333283;0;-0
group_05;1584543112433832;0;-0
group_05;1584543112532780;0;-0
group_05;1584543112633551;0;-0
group_05;1584543112735073;0.00508271;0.098966
group_05;1584543112835703;0.108471;0.122962
group_05;1584543112933287;0.0914842;0.125962
group_05;158454311332844;0.0549612;0.110968
group_05;1584543113132643;0.108271;0.00600117
group_05;1584543113234342;0;-0
group_05;1584543113332861;0;0.200933
group_05;1584543113432800;0.085871;0.290888
group_05;1584543113532627;0.110321;-0
group_05;1584543113636619;0;-0
group_05;1584543113734910;0.128269;0.290888
group_05;1584543113832647;0.141128;0.185939
group_05;1584543113932867;0;-0
group_05;158454311432731;0;0.185939
group_05;1584543114132490;0.117235;0.290888
group_05;1584543114235118;0.134094;0.290888
group_05;1584543114332387;0;0.290888
group_05;1584543114434976;0;-0
group_05;1584543114532727;0;-0.00599229
group_05;1584543114633228;-0.290888;-0.164934
group_05;1584543114734374;-0.290888;-0.248906
group_05;1584543114832475;-0.290888;-0
group_05;1584543114932342;-0.290888;-0
group_05;158454311532398;0;0.179937
group_05;1584543115132639;0;0.251916
group_05;1584543115234313;0;-0
group_05;1584543115332413;0;-0
group_05;1584543115432322;-0.290888;-0
group_05;1584543115532295;-0.290888;-0
group_05;1584543115633122;-0.290888;-0.0269875
group_05;1584543115734261;0;-0
group_05;1584543115832152;0;-0
group_05;1584543115934631;0;-0
group_05;158454311632793;-0.290888;-0.0929649
group_05;1584543116131950;-0.290888;-0
group_05;1584543116234042;0;-0
group_05;1584543116332134;0;-0
group_05;1584543116431934;0;-0
group_05;1584543116531963;0;-0
group_05;1584543116632755;0;-0
group_05;1584543116734027;0;-0
group_05;1584543116831932;0;-0
group_05;1584543116932006;0;-0
group_05;158454311731830;-0.290888;-0
group_05;1584543117131771;-0.290888;-0
group_05;1584543117234077;-0.290888;-0
group_05;1584543117331731;0;-0
group_05;1584543117431733;0;-0
group_05;1584543117532014;0;-0
group_05;1584543117632598;0;-0
group_05;1584543117733877;0;-0
group_05;1584543117831837;-0.290888;-0
group_05;1584543117931767;0;-0
group_05;158454311832026;0;-0
group_05;1584543118132058;0;-0
group_05;1584543118233910;0;-0
group_05;1584543118331632;0;-0
group_05;1584543118431726;0;0.0599851
group_05;1584543118531739;0;0.176946
group_05;1584543118632371;0;-0
group_05;1584543118733913;0.122401;-0
group_05;1584543118831558;0;-0
group_05;1584543118934305;0;0.0569845
group_05;158454311931999;0;0.0659773
group_05;1584543119131674;0;0.0659773
group_05;1584543119233589;0.0914535;0.083972
group_05;1584543119331804;0.0991257;0.0869726
group_05;1584543119431721;0.0751719;0.0869726
group_05;1584543119531808;0.0972363;0.0899731
group_05;1584543119632525;0;0.0899731
group_05;1584543119733550;0.12788;0.0869726
group_05;1584543119831839;0.0104814;0.0869726
group_05;1584543119931416;0.0308294;0.104967
group_05;158454312031349;0.0510459;0.134955
group_05;1584543120131383;0;0.134955
group_05;1584543120233574;0;0.125962
group_05;1584543120331182;0.0616697;0.125962
group_05;1584543120431341;0.103803;0.125962
group_05;1584543120531353;0.0377952;0.125962
group_05;1584543120631903;0.0748573;0.125962
group_05;1584543120733281;0;0.125962
group_05;1584543120831654;0;0.0869726
group_05;1584543120931072;0;-0
group_05;158454312131265;0;-0
group_05;1584543121131444;0;-0
group_05;1584543121232770;0;-0
group_05;1584543121331440;0;-0
group_05;1584543121431141;0.0925554;-0
group_05;1584543121531015;0;-0
group_05;1584543121631753;0;-0
group_05;1584543121732954;0;0.188939
group_05;1584543121833780;0;-0
group_05;1584543121934198;0;-0
group_05;158454312231770;0;-0
group_05;1584543122130993;0;-0
group_05;1584543122233481;0;-0
group_05;1584543122330945;0;-0
group_05;1584543122430904;0.1236;0.290888
group_05;1584543122530686;0.0805857;0.290888
group_05;1584543122631583;0.0328642;-0
group_05;1584543122732705;0.107326;-0
group_05;1584543122830654;0.114907;0.290888
group_05;1584543122930771;0.133404;-0
group_05;158454312331515;0.104842;-0
group_05;1584543123130578;0.100174;0.239922
group_05;1584543123232711;0.105802;0.290888
group_05;1584543123330887;0.00637844;0.290888
group_05;1584543123433252;0.0338854;0.290888
group_05;1584543123531231;0.0366458;0.0239958
group_05;1584543123631670;0.0340268;-0
group_05;1584543123733304;0.0315371;-0
group_05;1584543123830629;0.0304372;-0
group_05;1584543123930439;0.0322302;-0
group_05;158454312430383;0.0289069;-0
group_05;1584543124130557;0.0289069;-0
group_05;1584543124236753;0.0289069;-0
group_05;1584543124332982;0;-0
group_05;1584543124430495;0;-0
group_05;1584543124530309;0;-0
group_05;1584543124630995;0;-0
group_05;1584543124732415;0;-0
group_05;1584543124830252;0;-0
group_05;1584543124930222;0;-0
group_05;158454312530802;0;-0
group_05;1584543125134335;0;-0
group_05;1584543125232241;0;-0
group_05;1584543125232241;0;-0
