sent.seconds;sent.microseconds;received.seconds;received.microseconds;sampleTimeStamp.seconds;sampleTimeStamp.microseconds;magneticFieldX;magneticFieldY;magneticFieldZ;
1584543153;43975;868;537959;1584543153;43975;290.881;-95.09234;-125.3302;
1584543153;146583;868;638390;1584543153;146583;290.881;-95.09234;-125.3302;
1584543153;169548;868;662735;1584543153;169548;290.881;-95.09234;-125.3302;
1584543153;194539;868;686689;1584543153;194539;291.0561;-95.96796;-127.5231;
1584543153;216516;868;719046;1584543153;216516;291.0561;-95.96796;-127.5231;
1584543153;307937;868;800652;1584543153;307937;291.7566;-93.51622;-124.1495;
1584543153;391689;868;885269;1584543153;391689;291.7566;-93.51622;-124.1495;
1584543153;412331;868;906276;1584543153;412331;291.7566;-93.51622;-124.1495;
1584543153;515622;869;18001;1584543153;515622;291.9317;-96.49333;-128.0291;
1584543153;601480;869;94133;1584543153;601480;291.9317;-96.49333;-128.0291;
1584543153;634364;869;127356;1584543153;634364;291.5815;-96.49333;-127.3544;
1584543153;729552;869;226370;1584543153;729552;291.5815;-96.49333;-127.3544;
1584543153;817502;869;322152;1584543153;817502;289.3049;-95.26746;-125.4989;
1584543153;907423;869;401420;1584543153;907423;289.3049;-95.26746;-125.4989;
1584543153;938263;869;434027;1584543153;938263;289.3049;-95.26746;-125.4989;
1584543154;37937;869;530849;1584543154;37937;291.4063;-96.66845;-126.8484;
1584543154;117936;869;610661;1584543154;117936;290.1805;-97.54408;-125.3302;
1584543154;142862;869;637100;1584543154;142862;290.1805;-97.54408;-125.3302;
1584543154;171339;869;663169;1584543154;171339;290.1805;-97.54408;-125.3302;
1584543154;187886;869;679966;1584543154;187886;290.1805;-97.54408;-125.3302;
1584543154;204985;869;697114;1584543154;204985;291.9317;-94.39184;-126.0049;
1584543154;223194;869;723338;1584543154;223194;291.9317;-94.39184;-126.0049;
1584543154;256152;869;750449;1584543154;256152;291.9317;-94.39184;-126.0049;
1584543154;356523;869;849147;1584543154;356523;291.4063;-95.96796;-127.8604;
1584543154;373540;869;865738;1584543154;373540;291.4063;-95.96796;-127.8604;
1584543154;389564;869;881756;1584543154;389564;291.4063;-95.96796;-127.8604;
1584543154;408045;869;900382;1584543154;408045;291.4063;-95.96796;-127.8604;
1584543154;425471;869;935355;1584543154;425471;282.2999;-84.76002;-106.2692;
1584543154;519630;870;11793;1584543154;519630;282.2999;-84.76002;-106.2692;
1584543154;601941;870;93927;1584543154;601941;282.475;-83.18391;-105.4258;
1584543154;618711;870;110687;1584543154;618711;282.475;-83.18391;-105.4258;
1584543154;641427;870;133589;1584543154;641427;282.475;-83.18391;-105.4258;
1584543154;727459;870;225183;1584543154;727459;278.9725;-78.63068;-91.59396;
1584543154;762127;870;253936;1584543154;762127;278.9725;-78.63068;-91.59396;
1584543154;779461;870;271328;1584543154;779461;278.9725;-78.63068;-91.59396;
1584543154;796393;870;288583;1584543154;796393;267.4144;-33.44868;-17.03681;
1584543154;815241;870;307202;1584543154;815241;267.4144;-33.44868;-17.03681;
1584543154;839294;870;331356;1584543154;839294;267.4144;-33.44868;-17.03681;
1584543154;923350;870;415282;1584543154;923350;-137.6475;135.8962;181.1637;
1584543154;967964;870;460210;1584543154;967964;-137.6475;135.8962;181.1637;
1584543155;44972;870;537162;1584543155;44972;-164.9668;111.3789;102.2209;
1584543155;79372;870;571264;1584543155;79372;-164.9668;111.3789;102.2209;
1584543155;155762;870;653092;1584543155;155762;67.94811;-78.10531;-227.3824;
1584543155;178533;870;670605;1584543155;178533;67.94811;-78.10531;-227.3824;
1584543155;194937;870;688051;1584543155;194937;67.94811;-78.10531;-227.3824;
1584543155;212394;870;704667;1584543155;212394;67.94811;-78.10531;-227.3824;
1584543155;229583;870;721754;1584543155;229583;269.8661;-74.07745;-90.24451;
1584543155;255921;870;753967;1584543155;255921;269.8661;-74.07745;-90.24451;
1584543155;398527;870;890421;1584543155;398527;-171.4464;97.89432;83.83462;
1584543155;414918;870;906903;1584543155;414918;-171.4464;97.89432;83.83462;
1584543155;431909;870;926342;1584543155;431909;-171.4464;97.89432;83.83462;
1584543155;457417;870;955273;1584543155;457417;178.4514;18.73827;41.32692;
1584543155;501303;870;993467;1584543155;501303;178.4514;18.73827;41.32692;
1584543155;595712;871;87866;1584543155;595712;178.4514;18.73827;41.32692;
1584543155;675390;871;167310;1584543155;675390;310.67;-91.76498;-122.1253;
1584543155;703381;871;195263;1584543155;703381;310.67;-91.76498;-122.1253;
1584543155;721052;871;213268;1584543155;721052;310.67;-91.76498;-122.1253;
1584543155;739616;871;237172;1584543155;739616;-142.0256;58.66654;-47.06209;
1584543155;768173;871;260834;1584543155;768173;-142.0256;58.66654;-47.06209;
1584543155;785324;871;277450;1584543155;785324;-142.0256;58.66654;-47.06209;
1584543155;873428;871;365590;1584543155;873428;-134.6704;89.83862;25.13352;
1584543155;892892;871;385768;1584543155;892892;-134.6704;89.83862;25.13352;
1584543155;914603;871;406513;1584543155;914603;-134.6704;89.83862;25.13352;
1584543155;930836;871;422789;1584543155;930836;-134.6704;89.83862;25.13352;
1584543155;959867;871;452078;1584543155;959867;309.7944;-71.27547;-148.9456;
1584543156;40867;871;545928;1584543156;40867;-141.5002;66.19688;-45.54396;
1584543156;123268;871;615218;1584543156;123268;-141.5002;66.19688;-45.54396;
1584543156;141162;871;639715;1584543156;141162;-141.5002;66.19688;-45.54396;
1584543156;164418;871;661748;1584543156;164418;50.96109;104.8993;167.1632;
1584543156;186226;871;677852;1584543156;186226;50.96109;104.8993;167.1632;
1584543156;216598;871;708948;1584543156;216598;50.96109;104.8993;167.1632;
1584543156;234217;871;726185;1584543156;234217;50.96109;104.8993;167.1632;
1584543156;322157;871;814939;1584543156;322157;153.5838;-80.38192;-218.4423;
1584543156;342365;871;834310;1584543156;342365;153.5838;-80.38192;-218.4423;
1584543156;423253;871;915673;1584543156;423253;-146.7539;84.05952;-4.385714;
1584543156;442773;871;934992;1584543156;442773;-146.7539;84.05952;-4.385714;
1584543156;466084;871;981672;1584543156;466084;-146.7539;84.05952;-4.385714;
1584543156;567978;872;69210;1584543156;567978;-152.8833;69.17398;-29.85659;
1584543156;595570;872;87597;1584543156;595570;-152.8833;69.17398;-29.85659;
1584543156;613055;872;106605;1584543156;613055;-152.8833;69.17398;-29.85659;
1584543156;636750;872;128880;1584543156;636750;-162.5151;100.5212;73.54505;
1584543156;723973;872;219383;1584543156;723973;-162.5151;100.5212;73.54505;
1584543156;813852;872;306866;1584543156;813852;190.1847;-100.1709;-192.6341;
1584543156;848696;872;341215;1584543156;848696;190.1847;-100.1709;-192.6341;
1584543156;924848;872;417567;1584543156;924848;-28.37009;-11.20794;-99.85934;
1584543156;949018;872;444822;1584543156;949018;-28.37009;-11.20794;-99.85934;
1584543157;26029;872;519051;1584543157;26029;-28.37009;-11.20794;-99.85934;
1584543157;52796;872;545179;1584543157;52796;-18.73827;-9.281572;-112.5104;
1584543157;75919;872;593882;1584543157;75919;-18.73827;-9.281572;-112.5104;
1584543157;176593;872;670198;1584543157;176593;346.5704;-115.757;-226.539;
1584543157;277898;872;793131;1584543157;277898;346.5704;-115.757;-226.539;
1584543157;374178;872;867892;1584543157;374178;80.20679;-57.44067;-219.6231;
1584543157;564681;873;57791;1584543157;564681;80.20679;-57.44067;-219.6231;
1584543157;609032;873;101327;1584543157;609032;256.9069;-121.3609;-196.5137;
1584543157;708134;873;202289;1584543157;708134;256.9069;-121.3609;-196.5137;
1584543157;806882;873;300950;1584543157;806882;321.1774;-129.2415;-230.0813;
1584543157;908440;873;400757;1584543157;908440;321.1774;-129.2415;-230.0813;
1584543158;2716;873;500601;1584543158;2716;322.4033;-130.4674;-233.6236;
1584543158;108361;873;600763;1584543158;108361;322.4033;-130.4674;-233.6236;
1584543158;216607;873;709816;1584543158;216607;159.538;77.57993;52.12253;
1584543158;313646;873;807634;1584543158;313646;159.538;77.57993;52.12253;
1584543158;415360;873;908042;1584543158;415360;-107.0008;153.5838;130.0533;
1584543158;511939;874;8416;1584543158;511939;-107.0008;153.5838;130.0533;
1584543158;612887;874;106814;1584543158;612887;-155.8604;60.59291;-39.47143;
1584543158;714215;874;207758;1584543158;714215;-155.8604;60.59291;-39.47143;
1584543158;790880;874;306130;1584543158;790880;258.3079;14.53529;-21.42253;
1584543158;885481;874;378622;1584543158;885481;108.0515;-67.07249;-238.6841;
1584543158;986111;874;497212;1584543158;986111;108.0515;-67.07249;-238.6841;
1584543159;85930;874;589638;1584543159;85930;354.1007;-98.76994;-202.7549;
1584543159;186282;874;690592;1584543159;186282;354.1007;-98.76994;-202.7549;
1584543159;285442;874;778142;1584543159;285442;-163.741;64.27051;-40.31483;
1584543159;386384;874;890782;1584543159;386384;-163.741;64.27051;-40.31483;
1584543159;501848;875;2716;1584543159;501848;305.7665;-58.84167;-84.0033;
1584543159;602607;875;102470;1584543159;602607;305.7665;-58.84167;-84.0033;
1584543159;702660;875;202273;1584543159;702660;287.7288;-69.52423;-83.49725;
1584543159;796703;875;292379;1584543159;796703;-152.1828;156.736;129.7159;
1584543159;902558;875;396254;1584543159;902558;-152.1828;156.736;129.7159;
1584543160;3116;875;495822;1584543160;3116;291.2312;-61.46852;-37.61593;
1584543160;103540;875;596515;1584543160;103540;291.2312;-61.46852;-37.61593;
1584543160;203102;875;700529;1584543160;203102;260.0591;-160.939;-224.5148;
1584543160;298953;875;794014;1584543160;298953;260.0591;-160.939;-224.5148;
1584543160;387002;875;880218;1584543160;387002;87.38688;-97.54408;-227.8885;
1584543160;408688;875;901780;1584543160;408688;87.38688;-97.54408;-227.8885;
1584543160;587188;876;87649;1584543160;587188;5.779092;-78.98093;-145.572;
1584543160;624294;876;118055;1584543160;624294;5.779092;-78.98093;-145.572;
1584543160;711806;876;211665;1584543160;711806;5.779092;-78.98093;-145.572;
1584543160;746579;876;240407;1584543160;746579;30.47158;85.81076;166.6572;
1584543160;769109;876;266287;1584543160;769109;30.47158;85.81076;166.6572;
1584543160;804091;876;297443;1584543160;804091;30.47158;85.81076;166.6572;
1584543160;887398;876;389210;1584543160;887398;-113.3052;8.931324;-42.67637;
1584543160;925617;876;419058;1584543160;925617;-113.3052;8.931324;-42.67637;
1584543161;17553;876;518532;1584543161;17553;-53.76307;116.4575;128.3665;
1584543161;115642;876;608968;1584543161;115642;-53.76307;116.4575;128.3665;
1584543161;207817;876;701624;1584543161;207817;141.6753;55.51431;96.31703;
1584543161;307755;876;800885;1584543161;307755;93.34109;-90.18887;-220.4665;
1584543161;353606;876;846936;1584543161;353606;93.34109;-90.18887;-220.4665;
1584543161;437155;876;929753;1584543161;437155;93.34109;-90.18887;-220.4665;
1584543161;517563;877;18918;1584543161;517563;312.071;-67.59787;-56.67692;
1584543161;612792;877;106305;1584543161;612792;312.071;-67.59787;-56.67692;
1584543161;654878;877;148502;1584543161;654878;91.58986;-87.38688;-218.1049;
1584543161;730827;877;232237;1584543161;730827;91.58986;-87.38688;-218.1049;
1584543161;819042;877;312209;1584543161;819042;-143.7768;60.76803;12.98846;
1584543161;913649;877;406349;1584543161;913649;-143.7768;60.76803;12.98846;
1584543161;950634;877;443810;1584543161;950634;-143.7768;60.76803;12.98846;
1584543162;28459;877;524396;1584543162;28459;325.2053;-80.73217;-83.15989;
1584543162;118822;877;612035;1584543162;118822;325.2053;-80.73217;-83.15989;
1584543162;154157;877;646623;1584543162;154157;122.2366;-103.3232;-233.4549;
1584543162;230220;877;727739;1584543162;230220;122.2366;-103.3232;-233.4549;
1584543162;319169;877;811341;1584543162;319169;182.129;-108.9271;-217.5989;
1584543162;355174;877;848738;1584543162;355174;182.129;-108.9271;-217.5989;
1584543162;428533;877;927231;1584543162;428533;369.5117;-147.8047;-232.7802;
1584543162;527947;878;21474;1584543162;527947;369.5117;-147.8047;-232.7802;
1584543162;564396;878;56861;1584543162;564396;369.5117;-147.8047;-232.7802;
1584543162;658977;878;153339;1584543162;658977;-189.3091;147.2793;182.6819;
1584543162;738386;878;231881;1584543162;738386;-189.3091;147.2793;182.6819;
1584543162;823919;878;317042;1584543162;823919;42.73026;95.96796;193.3088;
1584543162;859661;878;353624;1584543162;859661;42.73026;95.96796;193.3088;
1584543162;933646;878;430303;1584543162;933646;302.4391;-160.2385;-195.5016;
1584543162;970497;878;463761;1584543162;970497;302.4391;-160.2385;-195.5016;
1584543163;48581;878;550701;1584543163;48581;362.3316;-95.09234;-128.3665;
1584543163;133847;878;631307;1584543163;133847;362.3316;-95.09234;-128.3665;
1584543163;224458;878;717727;1584543163;224458;18.2129;98.06944;168.344;
1584543163;249212;878;742295;1584543163;249212;18.2129;98.06944;168.344;
1584543163;334058;878;827345;1584543163;334058;318.7257;-57.79092;-30.7;
1584543163;370616;878;864356;1584543163;370616;318.7257;-57.79092;-30.7;
1584543163;447815;878;940861;1584543163;447815;144.8276;78.63068;118.2456;
1584543163;544341;879;43184;1584543163;544341;144.8276;78.63068;118.2456;
1584543163;634806;879;128425;1584543163;634806;116.2823;78.45556;139.6681;
1584543163;669624;879;161954;1584543163;669624;116.2823;78.45556;139.6681;
1584543163;745332;879;241799;1584543163;745332;116.2823;78.45556;139.6681;
1584543163;780188;879;274140;1584543163;780188;-130.9928;50.78596;-25.3022;
1584543163;873599;879;368266;1584543163;873599;-130.9928;50.78596;-25.3022;
1584543163;972630;879;465205;1584543163;972630;38.87753;-51.83671;-170.0308;
1584543164;44604;879;536979;1584543164;44604;38.87753;-51.83671;-170.0308;
1584543164;80228;879;573369;1584543164;80228;38.87753;-51.83671;-170.0308;
1584543164;164974;879;671054;1584543164;164974;-83.00878;143.6017;132.9209;
1584543164;282224;879;774833;1584543164;282224;-83.00878;143.6017;132.9209;
1584543164;365870;879;869947;1584543164;365870;-202.4434;170.2205;175.4286;
1584543164;490597;879;987156;1584543164;490597;280.8989;-53.58795;-56.0022;
1584543164;569963;880;63101;1584543164;569963;280.8989;-53.58795;-56.0022;
1584543164;660743;880;157777;1584543164;660743;67.94811;59.19191;141.0176;
1584543164;706358;880;198127;1584543164;706358;67.94811;59.19191;141.0176;
1584543164;780441;880;290013;1584543164;780441;67.94811;59.19191;141.0176;
1584543164;876370;880;369344;1584543164;876370;-201.3926;140.4494;181.1637;
1584543164;969896;880;463073;1584543164;969896;-201.3926;140.4494;181.1637;
1584543165;65038;880;558166;1584543165;65038;26.09348;88.08738;178.2962;
1584543165;107903;880;600636;1584543165;107903;26.09348;88.08738;178.2962;
1584543165;208981;880;701289;1584543165;208981;-39.05265;-39.05265;-103.4016;
1584543165;304641;880;797741;1584543165;304641;-39.05265;-39.05265;-103.4016;
1584543165;390704;880;882457;1584543165;390704;19.08852;-52.36208;-153.3313;
1584543165;495323;880;999595;1584543165;495323;19.08852;-52.36208;-153.3313;
1584543165;591069;881;84200;1584543165;591069;-156.5609;81.95804;65.44835;
1584543165;680229;881;173779;1584543165;680229;74.25258;80.55704;166.9945;
1584543165;710537;881;204912;1584543165;710537;74.25258;80.55704;166.9945;
1584543165;787154;881;280158;1584543165;787154;74.25258;80.55704;166.9945;
1584543165;891417;881;385065;1584543165;891417;164.4414;41.85464;65.9544;
1584543165;991638;881;484791;1584543165;991638;-129.5918;147.8047;157.5484;
1584543166;83806;881;577973;1584543166;83806;-129.5918;147.8047;157.5484;
1584543166;185046;881;685732;1584543166;185046;-153.5838;41.15414;-33.56758;
1584543166;294283;881;786013;1584543166;294283;289.48;-69.52423;-36.60385;
1584543166;371599;881;864672;1584543166;371599;289.48;-69.52423;-36.60385;
1584543166;462161;881;955322;1584543166;462161;-153.4086;34.32431;-21.92857;
1584543166;501078;881;998357;1584543166;501078;-153.4086;34.32431;-21.92857;
1584543166;598148;882;90486;1584543166;598148;-153.4086;34.32431;-21.92857;
1584543166;690073;882;183898;1584543166;690073;-16.11141;98.41969;141.0176;
1584543166;733538;882;226446;1584543166;733538;-16.11141;98.41969;141.0176;
1584543166;810973;882;312182;1584543166;810973;306.1168;-66.19688;-39.80879;
1584543166;910743;882;404265;1584543166;910743;306.1168;-66.19688;-39.80879;
1584543166;938511;882;431919;1584543166;938511;306.1168;-66.19688;-39.80879;
1584543166;962144;882;455993;1584543166;962144;-149.5559;51.13621;-30.36264;
1584543166;983530;882;488604;1584543166;983530;-149.5559;51.13621;-30.36264;
1584543167;70810;882;564506;1584543167;70810;91.23961;-95.44258;-226.8764;
1584543167;103265;882;595945;1584543167;103265;91.23961;-95.44258;-226.8764;
1584543167;194625;882;686811;1584543167;194625;88.43762;-99.99581;-221.4786;
1584543167;276767;882;770404;1584543167;276767;88.43762;-99.99581;-221.4786;
1584543167;312141;882;805227;1584543167;312141;226.7856;15.58604;9.614835;
1584543167;403254;882;896665;1584543167;403254;226.7856;15.58604;9.614835;
1584543167;435732;882;928888;1584543167;435732;226.7856;15.58604;9.614835;
1584543167;516805;883;9861;1584543167;516805;-88.08738;-5.078596;-46.05;
1584543167;603546;883;97281;1584543167;603546;-88.08738;-5.078596;-46.05;
1584543167;638965;883;131692;1584543167;638965;-190.3598;129.7669;163.1148;
1584543167;660035;883;153594;1584543167;660035;-190.3598;129.7669;163.1148;
1584543167;681224;883;174568;1584543167;681224;-190.3598;129.7669;163.1148;
1584543167;714285;883;206850;1584543167;714285;-190.3598;129.7669;163.1148;
1584543167;815017;883;307176;1584543167;815017;-141.1499;59.89241;-6.072527;
1584543167;843506;883;336666;1584543167;843506;-141.1499;59.89241;-6.072527;
1584543167;923083;883;416587;1584543167;923083;298.7616;-156.5609;-220.9725;
1584543168;24053;883;517516;1584543168;24053;-165.3171;149.9061;180.1516;
1584543168;54652;883;546826;1584543168;54652;-165.3171;149.9061;180.1516;
1584543168;75851;883;568273;1584543168;75851;-165.3171;149.9061;180.1516;
1584543168;95372;883;588504;1584543168;95372;-165.3171;149.9061;180.1516;
1584543168;178054;883;671044;1584543168;178054;-52.5372;-28.72034;-65.44835;
1584543168;198668;883;696456;1584543168;198668;-52.5372;-28.72034;-65.44835;
1584543168;283616;883;776289;1584543168;283616;94.91721;70.39985;155.8615;
1584543168;307593;883;810343;1584543168;307593;94.91721;70.39985;155.8615;
1584543168;405602;883;897499;1584543168;405602;-134.6704;149.0305;175.2599;
1584543168;487964;883;981499;1584543168;487964;-134.6704;149.0305;175.2599;
1584543168;512182;884;11936;1584543168;512182;-134.6704;149.0305;175.2599;
1584543168;611843;884;109110;1584543168;611843;313.8222;-50.78596;-15.51868;
1584543168;644883;884;138914;1584543168;644883;313.8222;-50.78596;-15.51868;
1584543168;731878;884;233771;1584543168;731878;-1.050744;107.5261;149.4516;
1584543168;833358;884;326050;1584543168;833358;-1.050744;107.5261;149.4516;
1584543168;928002;884;421692;1584543168;928002;-199.8165;98.24457;116.2214;
1584543169;32527;884;525867;1584543169;32527;134.4952;68.99886;116.7275;
1584543169;128373;884;620390;1584543169;128373;134.4952;68.99886;116.7275;
1584543169;160124;884;653277;1584543169;160124;134.4952;68.99886;116.7275;
1584543169;239109;884;741909;1584543169;239109;342.0172;-156.0355;-224.5148;
1584543169;270723;884;764406;1584543169;270723;342.0172;-156.0355;-224.5148;
1584543169;295772;884;797830;1584543169;295772;314.3476;-59.36704;-39.97747;
1584543169;388259;884;892783;1584543169;388259;314.3476;-59.36704;-39.97747;
1584543169;493623;884;986449;1584543169;493623;-192.4613;167.5937;193.1401;
1584543169;517357;885;14091;1584543169;517357;-192.4613;167.5937;193.1401;
1584543169;608354;885;102234;1584543169;608354;66.19688;-80.20679;-191.9593;
1584543169;640445;885;137192;1584543169;640445;66.19688;-80.20679;-191.9593;
1584543169;742716;885;243053;1584543169;742716;66.19688;-80.20679;-191.9593;
1584543169;836089;885;329833;1584543169;836089;69.17398;85.28539;160.7533;
1584543169;927189;885;420432;1584543169;927189;-157.0862;63.57001;-3.542308;
1584543169;960214;885;452976;1584543169;960214;-157.0862;63.57001;-3.542308;
1584543170;42780;885;535172;1584543170;42780;-157.0862;63.57001;-3.542308;
1584543170;129999;885;627078;1584543170;129999;89.48837;-84.93514;-216.7555;
1584543170;164628;885;657490;1584543170;164628;89.48837;-84.93514;-216.7555;
1584543170;244001;885;737052;1584543170;244001;115.2316;57.09043;123.1374;
1584543170;329448;885;822948;1584543170;329448;115.2316;57.09043;123.1374;
1584543170;365336;885;858600;1584543170;365336;69.52423;79.33118;168.85;
1584543170;444133;885;937782;1584543170;444133;69.52423;79.33118;168.85;
1584543170;472813;885;965379;1584543170;472813;69.52423;79.33118;168.85;
1584543170;493448;885;986787;1584543170;493448;-121.1858;137.6475;146.078;
1584543170;514253;886;7883;1584543170;514253;-121.1858;137.6475;146.078;
1584543170;644415;886;137724;1584543170;644415;-137.9977;30.82183;-29.01319;
1584543170;744295;886;237123;1584543170;744295;-137.9977;30.82183;-29.01319;
1584543170;837140;886;334448;1584543170;837140;-171.9718;86.86151;92.43736;
1584543170;919510;886;413504;1584543170;919510;-171.9718;86.86151;92.43736;
1584543170;953588;886;450560;1584543170;953588;-171.9718;86.86151;92.43736;
1584543171;46394;886;539275;1584543171;46394;308.5685;-61.9939;-35.76044;
1584543171;76440;886;569652;1584543171;76440;308.5685;-61.9939;-35.76044;
1584543171;164316;886;660563;1584543171;164316;299.6372;-43.60588;-15.35;
1584543171;196428;886;688781;1584543171;196428;299.6372;-43.60588;-15.35;
1584543171;279189;886;780522;1584543171;279189;44.65662;93.34109;183.694;
1584543171;364339;886;861656;1584543171;364339;44.65662;93.34109;183.694;
1584543171;399739;886;892908;1584543171;399739;117.6833;-91.76498;-209.8396;
1584543171;495358;886;988503;1584543171;495358;117.6833;-91.76498;-209.8396;
1584543171;517574;887;10867;1584543171;517574;161.4643;54.28844;90.75055;
1584543171;604623;887;96985;1584543171;604623;161.4643;54.28844;90.75055;
1584543171;624681;887;117854;1584543171;624681;161.4643;54.28844;90.75055;
1584543171;710507;887;203732;1584543171;710507;-185.9817;162.1648;192.2967;
1584543171;730553;887;223686;1584543171;730553;-185.9817;162.1648;192.2967;
1584543171;815737;887;308434;1584543171;815737;303.4899;-37.65166;-8.602747;
1584543171;842036;887;335135;1584543171;842036;303.4899;-37.65166;-8.602747;
1584543171;915739;887;408083;1584543171;915739;303.4899;-37.65166;-8.602747;
1584543171;945599;887;438790;1584543171;945599;28.72034;108.9271;187.2363;
1584543171;985926;887;478721;1584543171;985926;28.72034;108.9271;187.2363;
1584543172;60493;887;554522;1584543172;60493;-199.9916;114.8813;130.5593;
1584543172;159999;887;654476;1584543172;159999;-199.9916;114.8813;130.5593;
1584543172;256467;887;749683;1584543172;256467;-217.504;163.9161;209.8396;
1584543172;297084;887;789685;1584543172;297084;-217.504;163.9161;209.8396;
1584543172;377132;887;881090;1584543172;377132;-159.8882;41.85464;-7.590659;
1584543172;496081;887;988794;1584543172;496081;-159.8882;41.85464;-7.590659;
1584543172;576966;888;81422;1584543172;576966;328.7078;-161.6395;-214.7313;
1584543172;665847;888;159424;1584543172;665847;328.7078;-161.6395;-214.7313;
1584543172;762649;888;255169;1584543172;762649;49.73522;-77.75506;-174.7538;
1584543172;800538;888;293354;1584543172;800538;49.73522;-77.75506;-174.7538;
1584543172;888978;888;387657;1584543172;888978;276.5208;-149.3808;-198.2005;
1584543172;971271;888;471274;1584543172;971271;50.26059;85.63564;195.5016;
1584543173;63551;888;557317;1584543173;63551;50.26059;85.63564;195.5016;
1584543173;161047;888;654197;1584543173;161047;154.9847;61.81878;89.56978;
1584543173;202206;888;695211;1584543173;202206;154.9847;61.81878;89.56978;
1584543173;279653;888;772977;1584543173;279653;-68.47349;118.559;156.0302;
1584543173;396899;888;895205;1584543173;396899;-68.47349;118.559;156.0302;
1584543173;479614;888;972751;1584543173;479614;217.8543;18.2129;32.38681;
1584543173;510202;889;2961;1584543173;510202;217.8543;18.2129;32.38681;
1584543173;586844;889;80579;1584543173;586844;59.54216;77.05457;185.5495;
1584543173;624050;889;117318;1584543173;624050;59.54216;77.05457;185.5495;
1584543173;709960;889;203121;1584543173;709960;59.54216;77.05457;185.5495;
1584543173;731346;889;224767;1584543173;731346;-39.75315;-43.95613;-83.15989;
1584543173;757345;889;251683;1584543173;757345;-39.75315;-43.95613;-83.15989;
1584543173;836549;889;329768;1584543173;836549;-39.75315;-43.95613;-83.15989;
1584543173;865937;889;358942;1584543173;865937;331.3346;-73.90233;-71.18352;
1584543173;897360;889;397031;1584543173;897360;331.3346;-73.90233;-71.18352;
1584543173;978659;889;474721;1584543173;978659;-73.37696;124.1629;147.2588;
1584543174;76397;889;569506;1584543174;76397;-73.37696;124.1629;147.2588;
1584543174;175501;889;668886;1584543174;175501;-1.400992;100.8714;170.0308;
1584543174;265028;889;762217;1584543174;265028;-1.400992;100.8714;170.0308;
1584543174;365518;889;858946;1584543174;365518;-196.314;159.1877;200.5621;
1584543174;447754;889;940486;1584543174;447754;-196.314;159.1877;200.5621;
1584543174;478305;889;972291;1584543174;478305;-178.2762;157.9619;197.6945;
1584543174;568180;890;61668;1584543174;568180;-178.2762;157.9619;197.6945;
1584543174;604239;890;106411;1584543174;604239;-178.2762;157.9619;197.6945;
1584543174;715168;890;207326;1584543174;715168;97.19382;95.44258;159.7412;
1584543174;813531;890;308092;1584543174;813531;97.19382;95.44258;159.7412;
1584543174;914956;890;409334;1584543174;914956;-175.8245;168.119;194.3209;
1584543175;5039;890;505683;1584543175;5039;-175.8245;168.119;194.3209;
1584543175;92670;890;595196;1584543175;92670;-209.0981;137.6475;163.2835;
1584543175;189185;890;683281;1584543175;189185;-209.0981;137.6475;163.2835;
1584543175;223618;890;721477;1584543175;223618;-212.6005;139.0485;167.6692;
1584543175;320764;890;815129;1584543175;320764;-212.6005;139.0485;167.6692;
1584543175;343380;890;836778;1584543175;343380;-212.6005;139.0485;167.6692;
1584543175;387718;890;884409;1584543175;387718;258.1328;6.654712;0.3373626;
1584543175;471055;890;963687;1584543175;471055;258.1328;6.654712;0.3373626;
1584543175;509122;891;3131;1584543175;509122;258.1328;6.654712;0.3373626;
1584543175;593436;891;92638;1584543175;593436;358.3037;-109.2774;-171.3802;
1584543175;629897;891;122362;1584543175;629897;358.3037;-109.2774;-171.3802;
1584543175;713066;891;214415;1584543175;713066;87.73713;-78.98093;-203.5984;
1584543175;743313;891;235623;1584543175;743313;87.73713;-78.98093;-203.5984;
1584543175;767158;891;259918;1584543175;767158;87.73713;-78.98093;-203.5984;
1584543175;788161;891;281434;1584543175;788161;87.73713;-78.98093;-203.5984;
1584543175;878154;891;372046;1584543175;878154;342.0172;-123.4624;-184.706;
1584543175;975206;891;473564;1584543175;975206;342.0172;-123.4624;-184.706;
1584543176;11491;891;505195;1584543176;11491;124.5132;-94.0416;-198.5379;
1584543176;116047;891;617645;1584543176;116047;124.5132;-94.0416;-198.5379;
1584543176;198569;891;694329;1584543176;198569;339.0401;-74.25258;-94.7989;
1584543176;231361;891;723964;1584543176;231361;339.0401;-74.25258;-94.7989;
1584543176;315065;891;807893;1584543176;315065;339.0401;-74.25258;-94.7989;
1584543176;399387;891;896568;1584543176;399387;-206.121;124.1629;158.3918;
1584543176;423856;891;925172;1584543176;423856;-206.121;124.1629;158.3918;
1584543176;516224;892;9126;1584543176;516224;238.694;22.94124;18.72363;
1584543176;598599;892;92267;1584543176;598599;238.694;22.94124;18.72363;
1584543176;644620;892;138292;1584543176;644620;-199.4662;97.89432;92.94341;
1584543176;737925;892;234096;1584543176;737925;-199.4662;97.89432;92.94341;
1584543176;825654;892;318086;1584543176;825654;-153.0584;79.15605;21.59121;
1584543176;855887;892;349257;1584543176;855887;-153.0584;79.15605;21.59121;
1584543176;880526;892;373695;1584543176;880526;-153.0584;79.15605;21.59121;
1584543176;918275;892;412304;1584543176;918275;-153.0584;79.15605;21.59121;
1584543177;17122;892;510376;1584543177;17122;230.1129;-122.937;-170.0308;
1584543177;103575;892;596374;1584543177;103575;-198.9409;179.6772;202.4176;
1584543177;184523;892;677819;1584543177;184523;-198.9409;179.6772;202.4176;
1584543177;220094;892;712627;1584543177;220094;-198.9409;179.6772;202.4176;
1584543177;308892;892;802641;1584543177;308892;219.9557;-123.9878;-156.8736;
1584543177;393270;892;887389;1584543177;393270;219.9557;-123.9878;-156.8736;
1584543177;424065;892;916561;1584543177;424065;105.0744;-79.15605;-211.5264;
1584543177;499040;892;992823;1584543177;499040;105.0744;-79.15605;-211.5264;
1584543177;533238;893;29879;1584543177;533238;105.0744;-79.15605;-211.5264;
1584543177;626232;893;119272;1584543177;626232;-139.5738;163.0405;176.9467;
1584543177;655194;893;148345;1584543177;655194;-139.5738;163.0405;176.9467;
1584543177;679061;893;172253;1584543177;679061;-139.5738;163.0405;176.9467;
1584543177;758645;893;252196;1584543177;758645;117.6833;-78.10531;-210.5143;
1584543177;784883;893;278682;1584543177;784883;117.6833;-78.10531;-210.5143;
1584543177;879266;893;372482;1584543177;879266;-187.3827;90.71423;58.36374;
1584543177;964833;893;458152;1584543177;964833;-187.3827;90.71423;58.36374;
1584543177;998553;893;491713;1584543177;998553;-187.3827;90.71423;58.36374;
1584543178;75410;893;571805;1584543178;75410;299.6372;-37.65166;-17.03681;
1584543178;111415;893;605218;1584543178;111415;299.6372;-37.65166;-17.03681;
1584543178;195208;893;688405;1584543178;195208;259.1835;-135.8962;-183.5253;
1584543178;232982;893;726777;1584543178;232982;259.1835;-135.8962;-183.5253;
1584543178;314949;893;808347;1584543178;314949;259.1835;-135.8962;-183.5253;
1584543178;404729;893;898082;1584543178;404729;-47.28348;143.2514;113.6912;
1584543178;431766;893;925248;1584543178;431766;-47.28348;143.2514;113.6912;
1584543178;460118;893;952901;1584543178;460118;-47.28348;143.2514;113.6912;
1584543178;540083;894;40709;1584543178;540083;-132.744;75.65357;-33.06154;
1584543178;632699;894;129100;1584543178;632699;-141.6753;85.98589;-23.78407;
1584543178;665358;894;158370;1584543178;665358;-141.6753;85.98589;-23.78407;
1584543178;698860;894;191847;1584543178;698860;-141.6753;85.98589;-23.78407;
1584543178;776013;894;278791;1584543178;776013;274.2442;-117.3331;-184.2;
1584543178;807934;894;301134;1584543178;807934;274.2442;-117.3331;-184.2;
1584543178;835505;894;329128;1584543178;835505;274.2442;-117.3331;-184.2;
1584543178;915647;894;408911;1584543178;915647;80.73217;-41.50439;-207.9841;
1584543178;943298;894;438967;1584543178;943298;80.73217;-41.50439;-207.9841;
1584543179;26039;894;518549;1584543179;26039;80.73217;-41.50439;-207.9841;
1584543179;65629;894;558407;1584543179;65629;-164.2663;87.91225;4.385714;
1584543179;146839;894;641333;1584543179;146839;-164.2663;87.91225;4.385714;
1584543179;177138;894;680009;1584543179;177138;-112.4296;172.322;158.5604;
1584543179;266021;894;758214;1584543179;266021;-112.4296;172.322;158.5604;
1584543179;292585;894;786029;1584543179;292585;-112.4296;172.322;158.5604;
1584543179;389123;894;884070;1584543179;389123;292.1068;-33.97406;-34.07363;
1584543179;415078;894;908252;1584543179;415078;292.1068;-33.97406;-34.07363;
1584543179;435709;894;928795;1584543179;435709;292.1068;-33.97406;-34.07363;
1584543179;527034;895;20247;1584543179;527034;49.03472;-31.17207;-186.8989;
1584543179;564818;895;57941;1584543179;564818;49.03472;-31.17207;-186.8989;
1584543179;646671;895;140019;1584543179;646671;-52.5372;10.85769;-86.36484;
1584543179;740721;895;233356;1584543179;740721;291.9317;-33.44868;-21.42253;
1584543179;774326;895;267415;1584543179;774326;291.9317;-33.44868;-21.42253;
1584543179;880151;895;373025;1584543179;880151;291.9317;-33.44868;-21.42253;
1584543179;905490;895;398545;1584543179;905490;234.8413;-105.5998;-203.5984;
1584543179;927178;895;420378;1584543179;927178;234.8413;-105.5998;-203.5984;
1584543180;11687;895;504821;1584543180;11687;234.8413;-105.5998;-203.5984;
1584543180;34359;895;527284;1584543180;34359;-112.2545;37.30141;-41.32692;
1584543180;64260;895;562136;1584543180;64260;-112.2545;37.30141;-41.32692;
1584543180;141472;895;635298;1584543180;141472;-112.2545;37.30141;-41.32692;
1584543180;231522;895;725266;1584543180;231522;-127.8405;43.781;-33.73626;
1584543180;251896;895;745308;1584543180;251896;-127.8405;43.781;-33.73626;
1584543180;341151;895;834545;1584543180;341151;119.7848;-80.20679;-223.6714;
1584543180;398642;895;892136;1584543180;398642;119.7848;-80.20679;-223.6714;
1584543180;498512;895;991042;1584543180;498512;119.7848;-80.20679;-223.6714;
1584543180;522153;896;15218;1584543180;522153;46.93324;105.7749;184.8747;
1584543180;543228;896;36157;1584543180;543228;46.93324;105.7749;184.8747;
1584543180;632411;896;124739;1584543180;632411;295.084;-38.7024;-29.85659;
1584543180;651747;896;145180;1584543180;651747;295.084;-38.7024;-29.85659;
1584543180;736773;896;230440;1584543180;736773;295.084;-38.7024;-29.85659;
1584543180;762933;896;266906;1584543180;762933;302.264;-32.92331;-14.50659;
1584543180;856589;896;350873;1584543180;856589;302.264;-32.92331;-14.50659;
1584543180;952455;896;445794;1584543180;952455;-152.8833;85.28539;4.554396;
1584543181;45;896;493652;1584543181;45;-152.8833;85.28539;4.554396;
1584543181;100912;896;594792;1584543181;100912;-169.8703;105.4247;75.56923;
1584543181;123141;896;615351;1584543181;123141;-169.8703;105.4247;75.56923;
1584543181;143422;896;636786;1584543181;143422;-169.8703;105.4247;75.56923;
1584543181;180516;896;681877;1584543181;180516;-169.8703;105.4247;75.56923;
1584543181;289081;896;787221;1584543181;289081;-105.2495;41.15414;-44.70055;
1584543181;401186;896;894935;1584543181;401186;65.49638;-45.182;-209.8396;
1584543181;502317;896;995246;1584543181;502317;65.49638;-45.182;-209.8396;
1584543181;602522;897;95339;1584543181;602522;-168.6444;89.83862;14.00055;
1584543181;700832;897;193628;1584543181;700832;-168.6444;89.83862;14.00055;
1584543181;785136;897;290007;1584543181;785136;283.1755;-35.19992;-30.53132;
1584543181;895634;897;391298;1584543181;895634;283.1755;-35.19992;-30.53132;
1584543181;972406;897;491121;1584543181;972406;-151.8325;53.06258;-26.82033;
1584543182;78418;897;594098;1584543182;78418;-151.8325;53.06258;-26.82033;
1584543182;203858;897;696834;1584543182;203858;138.348;-92.81573;-205.1165;
1584543182;302824;897;796621;1584543182;302824;138.348;-92.81573;-205.1165;
1584543182;412256;897;905037;1584543182;412256;-202.2682;165.1419;186.0555;
1584543182;433502;897;926188;1584543182;433502;-202.2682;165.1419;186.0555;
1584543182;453346;897;946663;1584543182;453346;-202.2682;165.1419;186.0555;
1584543182;494666;897;993119;1584543182;494666;-22.94124;-31.69744;-118.9203;
1584543182;584752;898;81915;1584543182;584752;-22.94124;-31.69744;-118.9203;
1584543182;672550;898;176377;1584543182;672550;-196.314;170.3957;191.7907;
1584543182;773466;898;286301;1584543182;773466;-196.314;170.3957;191.7907;
1584543182;873901;898;372571;1584543182;873901;117.5082;103.4983;122.6313;
1584543182;973433;898;479011;1584543182;973433;117.5082;103.4983;122.6313;
1584543183;96015;898;588573;1584543183;96015;309.0939;-49.20985;-38.29066;
1584543183;188764;898;689257;1584543183;188764;309.0939;-49.20985;-38.29066;
1584543183;286095;898;790523;1584543183;286095;233.7906;-110.5033;-168.85;
1584543183;400386;898;896201;1584543183;400386;233.7906;-110.5033;-168.85;
1584543183;502429;899;1565;1584543183;502429;-194.0374;133.7947;101.5462;
1584543183;596139;899;92776;1584543183;596139;-194.0374;133.7947;101.5462;
1584543183;696328;899;193117;1584543183;696328;-152.7081;81.60779;-9.783517;
1584543183;783993;899;289814;1584543183;783993;-152.7081;81.60779;-9.783517;
1584543183;895252;899;388825;1584543183;895252;-125.0385;54.28844;-10.12088;
1584543183;979736;899;478129;1584543183;979736;-125.0385;54.28844;-10.12088;
1584543184;79359;899;580375;1584543184;79359;73.02671;-49.20985;-187.0676;
1584543184;176009;899;668458;1584543184;176009;73.02671;-49.20985;-187.0676;
1584543184;211935;899;707284;1584543184;211935;-162.8653;77.75506;-6.747253;
1584543184;312626;899;808524;1584543184;312626;-162.8653;77.75506;-6.747253;
1584543184;388252;899;880938;1584543184;388252;-124.6883;36.07555;-19.22967;
1584543184;419099;899;911094;1584543184;419099;-124.6883;36.07555;-19.22967;
1584543184;494571;899;986678;1584543184;494571;-124.6883;36.07555;-19.22967;
1584543184;527542;900;20078;1584543184;527542;297.1855;-39.75315;-32.5555;
1584543184;544260;900;36491;1584543184;544260;297.1855;-39.75315;-32.5555;
1584543184;563416;900;55521;1584543184;563416;297.1855;-39.75315;-32.5555;
1584543184;588823;900;81053;1584543184;588823;297.1855;-39.75315;-32.5555;
1584543184;619138;900;111097;1584543184;619138;313.8222;-43.781;-61.4;
1584543184;694850;900;187150;1584543184;694850;313.8222;-43.781;-61.4;
1584543184;725274;900;217661;1584543184;725274;74.4277;99.29531;180.6577;
1584543184;743431;900;235618;1584543184;743431;74.4277;99.29531;180.6577;
1584543184;759019;900;251006;1584543184;759019;74.4277;99.29531;180.6577;
1584543184;778748;900;271875;1584543184;778748;74.4277;99.29531;180.6577;
1584543184;820446;900;312345;1584543184;820446;304.1904;-30.99695;-2.867582;
1584543184;893245;900;385426;1584543184;893245;304.1904;-30.99695;-2.867582;
1584543184;923268;900;415304;1584543184;923268;-42.02976;152.0076;142.7044;
1584543184;947568;900;439814;1584543184;947568;-42.02976;152.0076;142.7044;
1584543184;964441;900;456569;1584543184;964441;-42.02976;152.0076;142.7044;
1584543184;982080;900;475226;1584543184;982080;-42.02976;152.0076;142.7044;
1584543185;3691;900;500231;1584543185;3691;15.23579;132.5689;183.3566;
1584543185;85463;900;578221;1584543185;85463;15.23579;132.5689;183.3566;
1584543185;128226;900;621029;1584543185;128226;15.23579;132.5689;183.3566;
1584543185;205153;900;701694;1584543185;205153;73.20184;-45.88249;-201.4055;
1584543185;246917;900;738894;1584543185;246917;73.20184;-45.88249;-201.4055;
1584543185;322822;900;814868;1584543185;322822;-166.0176;78.8058;-21.92857;
1584543185;350198;900;842177;1584543185;350198;-166.0176;78.8058;-21.92857;
1584543185;379393;900;871270;1584543185;379393;-166.0176;78.8058;-21.92857;
1584543185;397124;900;889387;1584543185;397124;-166.0176;78.8058;-21.92857;
1584543185;468977;900;960708;1584543185;468977;-184.5807;88.963;-19.22967;
1584543185;482059;900;973617;1584543185;482059;-184.5807;88.963;-19.22967;
1584543185;506394;900;998371;1584543185;506394;-216.6284;189.3091;180.6577;
1584543185;610011;901;107402;1584543185;610011;-216.6284;189.3091;180.6577;
1584543185;690108;901;192480;1584543185;690108;-234.3159;141.8504;131.9088;
1584543185;728898;901;224140;1584543185;728898;-234.3159;141.8504;131.9088;
1584543185;869483;901;361655;1584543185;869483;-212.7757;179.1519;180.9951;
1584543185;887597;901;379349;1584543185;887597;-212.7757;179.1519;180.9951;
1584543185;913119;901;414912;1584543185;913119;-212.7757;179.1519;180.9951;
1584543186;367;901;493535;1584543186;367;-89.66349;-2.451736;-70.50879;
1584543186;95009;901;586872;1584543186;95009;-89.66349;-2.451736;-70.50879;
1584543186;116141;901;617297;1584543186;116141;-89.66349;-2.451736;-70.50879;
1584543186;208080;901;707308;1584543186;208080;50.08546;102.6227;161.2593;
1584543186;308131;901;800906;1584543186;308131;174.2484;-111.554;-188.7544;
1584543186;390207;901;882119;1584543186;390207;174.2484;-111.554;-188.7544;
1584543186;407155;901;899042;1584543186;407155;174.2484;-111.554;-188.7544;
1584543186;500592;901;992826;1584543186;500592;-183.1797;173.0225;164.2956;
1584543186;532167;902;24331;1584543186;532167;-183.1797;173.0225;164.2956;
1584543186;606122;902;97936;1584543186;606122;250.4273;0.350248;-20.57912;
1584543186;642239;902;134261;1584543186;642239;250.4273;0.350248;-20.57912;
1584543186;710801;902;294380;1584543186;710801;-134.4952;153.7589;151.8132;
1584543186;897213;902;391137;1584543186;897213;-134.4952;153.7589;151.8132;
1584543186;973886;902;468774;1584543186;973886;347.0958;-106.4754;-192.2967;
1584543186;996524;902;501870;1584543186;996524;347.0958;-106.4754;-192.2967;
1584543187;82634;902;575268;1584543187;82634;347.0958;-106.4754;-192.2967;
1584543187;104739;902;598664;1584543187;104739;-76.35406;144.6524;114.3659;
1584543187;196371;902;690448;1584543187;196371;-76.35406;144.6524;114.3659;
1584543187;217136;902;709946;1584543187;217136;-76.35406;144.6524;114.3659;
1584543187;332159;902;825479;1584543187;332159;179.327;-108.9271;-221.9846;
1584543187;421960;902;919130;1584543187;421960;179.327;-108.9271;-221.9846;
1584543187;459769;902;952579;1584543187;459769;320.1267;-147.8047;-241.889;
1584543187;568584;903;62570;1584543187;568584;320.1267;-147.8047;-241.889;
1584543187;603502;903;97002;1584543187;603502;320.1267;-147.8047;-241.889;
1584543187;685540;903;179010;1584543187;685540;70.92522;-73.72721;-214.0566;
1584543187;772291;903;266240;1584543187;772291;12.25868;118.7341;152.1505;
1584543187;798109;903;303005;1584543187;798109;12.25868;118.7341;152.1505;
1584543187;900314;903;392744;1584543187;900314;12.25868;118.7341;152.1505;
1584543187;976353;903;469476;1584543187;976353;101.3968;-61.46852;-224.1775;
1584543187;999785;903;493678;1584543187;999785;101.3968;-61.46852;-224.1775;
1584543188;22571;903;515733;1584543188;22571;347.7963;-60.94315;-135.9571;
1584543188;54631;903;549258;1584543188;54631;347.7963;-60.94315;-135.9571;
1584543188;142556;903;635707;1584543188;142556;347.7963;-60.94315;-135.9571;
1584543188;250886;903;747991;1584543188;250886;69.69936;-52.18695;-213.2132;
1584543188;336041;903;828532;1584543188;336041;69.69936;-52.18695;-213.2132;
1584543188;418461;903;911242;1584543188;418461;-139.2236;60.41778;-34.91703;
1584543188;442699;903;935847;1584543188;442699;-139.2236;60.41778;-34.91703;
1584543188;548452;904;50822;1584543188;548452;42.20489;-44.65662;-199.8874;
1584543188;590808;904;86369;1584543188;590808;42.20489;-44.65662;-199.8874;
1584543188;675444;904;167922;1584543188;675444;265.3129;2.62686;-29.85659;
1584543188;765347;904;259646;1584543188;765347;265.3129;2.62686;-29.85659;
1584543188;851640;904;352817;1584543188;851640;-173.5479;70.92522;-31.88077;
1584543188;884784;904;377580;1584543188;884784;-173.5479;70.92522;-31.88077;
1584543188;910806;904;404089;1584543188;910806;-173.5479;70.92522;-31.88077;
1584543188;934563;904;438195;1584543188;934563;280.1984;-25.56811;-36.0978;
1584543189;27455;904;521084;1584543189;27455;280.1984;-25.56811;-36.0978;
1584543189;52825;904;545184;1584543189;52825;-209.6234;111.9042;84.17198;
1584543189;142191;904;634432;1584543189;142191;-209.6234;111.9042;84.17198;
1584543189;171846;904;668344;1584543189;171846;-209.6234;111.9042;84.17198;
1584543189;255480;904;756140;1584543189;255480;191.5857;64.44563;27.32637;
1584543189;288957;904;795098;1584543189;288957;191.5857;64.44563;27.32637;
1584543189;379796;904;874749;1584543189;379796;-149.2057;163.5658;156.1989;
1584543189;498910;904;995049;1584543189;498910;-149.2057;163.5658;156.1989;
1584543189;584576;905;78308;1584543189;584576;132.5689;93.34109;98.67857;
1584543189;682486;905;177831;1584543189;682486;132.5689;93.34109;98.67857;
1584543189;710229;905;204080;1584543189;710229;-46.75811;138.8733;102.3896;
1584543189;733106;905;225894;1584543189;733106;-46.75811;138.8733;102.3896;
1584543189;772202;905;269620;1584543189;772202;-46.75811;138.8733;102.3896;
1584543189;859086;905;352291;1584543189;859086;-52.5372;126.4395;102.8956;
1584543189;892181;905;385501;1584543189;892181;-52.5372;126.4395;102.8956;
1584543189;998170;905;491266;1584543189;998170;-52.5372;126.4395;102.8956;
1584543190;85130;905;592042;1584543190;85130;-223.9836;120.3102;115.8841;
1584543190;181341;905;674829;1584543190;181341;-223.9836;120.3102;115.8841;
1584543190;272337;905;765638;1584543190;272337;338.6898;-113.4804;-185.5495;
1584543190;358017;905;851748;1584543190;358017;338.6898;-113.4804;-185.5495;
1584543190;404062;905;898161;1584543190;404062;62.51927;80.38192;137.4753;
1584543190;503238;905;996956;1584543190;503238;62.51927;80.38192;137.4753;
1584543190;529323;906;21768;1584543190;529323;275.295;-40.27852;-32.72417;
1584543190;552165;906;49322;1584543190;552165;275.295;-40.27852;-32.72417;
1584543190;628915;906;122680;1584543190;628915;275.295;-40.27852;-32.72417;
1584543190;656876;906;149648;1584543190;656876;90.53912;-103.8485;-226.539;
1584543190;678158;906;189379;1584543190;678158;90.53912;-103.8485;-226.539;
1584543190;775358;906;268132;1584543190;775358;90.53912;-103.8485;-226.539;
1584543190;868894;906;364869;1584543190;868894;264.087;-167.0683;-196.6824;
1584543190;969027;906;462663;1584543190;969027;160.7638;-128.1908;-211.189;
1584543191;8544;906;500914;1584543191;8544;160.7638;-128.1908;-211.189;
1584543191;109969;906;603025;1584543191;109969;160.7638;-128.1908;-211.189;
1584543191;209451;906;703236;1584543191;209451;306.1168;-49.73522;-26.65165;
1584543191;309987;906;802948;1584543191;309987;306.1168;-49.73522;-26.65165;
1584543191;411756;906;905545;1584543191;411756;-160.2385;55.16406;25.13352;
1584543191;496077;906;993316;1584543191;496077;-148.8554;52.88745;8.096704;
1584543191;525122;907;18176;1584543191;525122;-148.8554;52.88745;8.096704;
1584543191;545986;907;39072;1584543191;545986;-148.8554;52.88745;8.096704;
1584543191;633191;907;125970;1584543191;633191;-182.8295;151.3071;186.8989;
1584543191;654979;907;150656;1584543191;654979;-182.8295;151.3071;186.8989;
1584543191;678976;907;172681;1584543191;678976;-182.8295;151.3071;186.8989;
1584543191;776060;907;268493;1584543191;776060;-9.806945;95.96796;129.5473;
1584543191;816187;907;309110;1584543191;816187;-9.806945;95.96796;129.5473;
1584543191;898689;907;397521;1584543191;898689;363.5574;-169.52;-233.4549;
1584543191;927635;907;424380;1584543191;927635;363.5574;-169.52;-233.4549;
1584543192;23042;907;516284;1584543192;23042;363.5574;-169.52;-233.4549;
1584543192;115577;907;608321;1584543192;115577;337.8142;-54.11332;-28.84451;
1584543192;213588;907;706843;1584543192;213588;337.8142;-54.11332;-28.84451;
1584543192;301847;907;793833;1584543192;301847;-18.56314;-41.67951;-85.01538;
1584543192;379802;907;872226;1584543192;379802;-18.56314;-41.67951;-85.01538;
1584543192;490554;907;983814;1584543192;490554;348.847;-160.0633;-221.9846;
1584543192;579828;908;80827;1584543192;579828;348.847;-160.0633;-221.9846;
1584543192;620274;908;114159;1584543192;620274;-182.129;151.6574;195.6703;
1584543192;708187;908;209560;1584543192;708187;-182.129;151.6574;195.6703;
1584543192;741949;908;234621;1584543192;741949;-182.129;151.6574;195.6703;
1584543192;824977;908;319164;1584543192;824977;-135.1957;49.38497;2.698901;
1584543192;851261;908;345091;1584543192;851261;-135.1957;49.38497;2.698901;
1584543192;930806;908;425014;1584543192;930806;372.4888;-144.4773;-222.1533;
1584543192;956173;908;448677;1584543192;956173;372.4888;-144.4773;-222.1533;
1584543192;987868;908;480511;1584543192;987868;372.4888;-144.4773;-222.1533;
1584543193;59754;908;553268;1584543193;59754;287.0283;-147.2793;-190.7786;
1584543193;95290;908;587666;1584543193;95290;287.0283;-147.2793;-190.7786;
1584543193;171280;908;664087;1584543193;171280;349.5475;-141.8504;-227.7198;
1584543193;255342;908;748754;1584543193;255342;349.5475;-141.8504;-227.7198;
1584543193;280184;908;773583;1584543193;280184;349.5475;-141.8504;-227.7198;
1584543193;361129;908;853504;1584543193;361129;308.2183;-152.0076;-211.8637;
1584543193;391561;908;884283;1584543193;391561;308.2183;-152.0076;-211.8637;
1584543193;486446;908;979494;1584543193;486446;-14.00992;121.5361;141.6923;
1584543193;565900;909;63282;1584543193;565900;-14.00992;121.5361;141.6923;
1584543193;650921;909;144670;1584543193;650921;85.98589;-82.83366;-233.6236;
1584543193;674234;909;167642;1584543193;674234;85.98589;-82.83366;-233.6236;
1584543193;756822;909;254538;1584543193;756822;320.6521;-153.934;-242.0577;
1584543193;787382;909;290984;1584543193;787382;320.6521;-153.934;-242.0577;
1584543193;870884;909;365878;1584543193;870884;98.41969;-106.1252;-231.0934;
1584543193;903434;909;397165;1584543193;903434;98.41969;-106.1252;-231.0934;
1584543193;994835;909;488193;1584543193;994835;288.6044;-51.83671;-25.3022;
1584543194;71532;909;568202;1584543194;71532;288.6044;-51.83671;-25.3022;
1584543194;107071;909;600716;1584543194;107071;288.6044;-51.83671;-25.3022;
1584543194;205229;909;697555;1584543194;205229;270.5666;-35.90042;-25.13352;
1584543194;235932;909;728459;1584543194;235932;270.5666;-35.90042;-25.13352;
1584543194;258397;909;750939;1584543194;258397;270.5666;-35.90042;-25.13352;
1584543194;351986;909;844663;1584543194;351986;252.5288;-14.36017;-19.22967;
1584543194;372116;909;869448;1584543194;372116;252.5288;-14.36017;-19.22967;
1584543194;457078;909;950420;1584543194;457078;-156.736;156.736;169.1874;
1584543194;491818;909;984363;1584543194;491818;-156.736;156.736;169.1874;
1584543194;569180;910;65239;1584543194;569180;-156.736;156.736;169.1874;
1584543194;657517;910;150766;1584543194;657517;-21.36513;112.0794;130.8967;
1584543194;694177;910;186494;1584543194;694177;-21.36513;112.0794;130.8967;
1584543194;767547;910;261029;1584543194;767547;-183.53;53.93819;15.18132;
1584543194;803736;910;296153;1584543194;803736;-183.53;53.93819;15.18132;
1584543194;835589;910;329042;1584543194;835589;-183.53;53.93819;15.18132;
1584543194;911646;910;404497;1584543194;911646;-160.7638;141.8504;160.2473;
1584543194;942907;910;436617;1584543194;942907;-160.7638;141.8504;160.2473;
1584543194;964900;910;457286;1584543194;964900;-160.7638;141.8504;160.2473;
1584543194;991046;910;484719;1584543194;991046;-193.6871;59.89241;50.6044;
1584543195;72289;910;565522;1584543195;72289;-193.6871;59.89241;50.6044;
1584543195;163319;910;656102;1584543195;163319;349.8978;-98.41969;-128.5352;
1584543195;192430;910;685651;1584543195;192430;349.8978;-98.41969;-128.5352;
1584543195;286765;910;780573;1584543195;286765;153.5838;73.02671;79.11154;
1584543195;362306;910;855936;1584543195;362306;153.5838;73.02671;79.11154;
1584543195;394509;910;887781;1584543195;394509;327.657;-170.0454;-235.3104;
1584543195;472928;910;972577;1584543195;472928;327.657;-170.0454;-235.3104;
1584543195;503201;910;997380;1584543195;503201;327.657;-170.0454;-235.3104;
1584543195;526797;911;26709;1584543195;526797;195.0882;-136.5967;-190.9473;
1584543195;612484;911;105777;1584543195;612484;195.0882;-136.5967;-190.9473;
1584543195;647461;911;139265;1584543195;647461;195.0882;-136.5967;-190.9473;
1584543195;722441;911;215672;1584543195;722441;-118.3838;21.01488;-28.33846;
1584543195;826704;911;319181;1584543195;826704;-118.3838;21.01488;-28.33846;
1584543195;913236;911;406084;1584543195;913236;116.1072;79.68143;123.9808;
1584543195;939297;911;432804;1584543195;939297;116.1072;79.68143;123.9808;
1584543196;17980;911;510610;1584543196;17980;-198.0652;89.48837;92.26868;
1584543196;50079;911;542682;1584543196;50079;-198.0652;89.48837;92.26868;
1584543196;123775;911;617020;1584543196;123775;-198.0652;89.48837;92.26868;
1584543196;158606;911;650800;1584543196;158606;44.83175;88.61275;166.9945;
1584543196;179562;911;673059;1584543196;179562;44.83175;88.61275;166.9945;
1584543196;269283;911;764236;1584543196;269283;44.83175;88.61275;166.9945;
1584543196;309364;911;802151;1584543196;309364;161.2892;72.32622;85.85879;
1584543196;384286;911;883730;1584543196;384286;161.2892;72.32622;85.85879;
1584543196;473406;911;966569;1584543196;473406;198.0652;-128.3659;-169.8621;
1584543196;502741;911;995316;1584543196;502741;198.0652;-128.3659;-169.8621;
1584543196;578041;912;71841;1584543196;578041;230.4632;30.82183;15.18132;
1584543196;606115;912;99206;1584543196;606115;230.4632;30.82183;15.18132;
1584543196;627236;912;124458;1584543196;627236;230.4632;30.82183;15.18132;
1584543196;728492;912;221789;1584543196;728492;-177.4006;162.34;185.3808;
1584543196;761515;912;254868;1584543196;761515;-177.4006;162.34;185.3808;
1584543196;834097;912;327370;1584543196;834097;-147.1042;45.53224;-12.14505;
1584543196;923072;912;417273;1584543196;923072;-147.1042;45.53224;-12.14505;
1584543196;959178;912;452430;1584543196;959178;222.5826;32.39794;24.12143;
1584543197;33503;912;526739;1584543197;33503;222.5826;32.39794;24.12143;
1584543197;84060;912;576463;1584543197;84060;222.5826;32.39794;24.12143;
1584543197;167379;912;660143;1584543197;167379;-149.3808;160.2385;176.9467;
1584543197;187340;912;695227;1584543197;187340;-149.3808;160.2385;176.9467;
1584543197;278187;912;770404;1584543197;278187;-68.47349;-25.04273;-55.83352;
1584543197;312492;912;804952;1584543197;312492;-68.47349;-25.04273;-55.83352;
1584543197;406016;912;899029;1584543197;406016;351.8241;-108.0515;-162.1028;
1584543197;483155;912;975384;1584543197;483155;351.8241;-108.0515;-162.1028;
1584543197;577944;913;71035;1584543197;577944;-162.8653;60.59291;-9.783517;
1584543197;672035;913;172731;1584543197;672035;-162.8653;60.59291;-9.783517;
1584543197;708747;913;201463;1584543197;708747;-162.8653;60.59291;-9.783517;
1584543197;792292;913;286174;1584543197;792292;-130.9928;24.51736;-21.25385;
1584543197;821901;913;314919;1584543197;821901;-130.9928;24.51736;-21.25385;
1584543197;845445;913;346626;1584543197;845445;301.3884;-42.20489;-19.73571;
1584543197;931659;913;424553;1584543197;931659;43.08051;90.36399;168.6813;
1584543197;960670;913;473583;1584543197;960670;43.08051;90.36399;168.6813;
1584543198;64053;913;558883;1584543198;64053;257.6074;-152.1828;-171.2115;
1584543198;163200;913;656860;1584543198;163200;257.6074;-152.1828;-171.2115;
1584543198;244743;913;738094;1584543198;244743;-148.33;157.7867;167.1632;
1584543198;279205;913;778761;1584543198;279205;-148.33;157.7867;167.1632;
1584543198;367428;913;860567;1584543198;367428;354.451;-100.5212;-136.6319;
1584543198;450358;913;952886;1584543198;450358;354.451;-100.5212;-136.6319;
1584543198;491231;913;984462;1584543198;491231;354.451;-100.5212;-136.6319;
1584543198;590606;914;84654;1584543198;590606;84.76002;82.30828;162.2714;
1584543198;675255;914;180137;1584543198;675255;-35.37505;123.2873;128.1978;
1584543198;774547;914;266718;1584543198;774547;-35.37505;123.2873;128.1978;
1584543198;867746;914;361004;1584543198;867746;90.53912;-79.33118;-207.3093;
1584543198;892838;914;385251;1584543198;892838;90.53912;-79.33118;-207.3093;
1584543198;915768;914;408180;1584543198;915768;90.53912;-79.33118;-207.3093;
1584543198;944193;914;437908;1584543198;944193;90.53912;-79.33118;-207.3093;
1584543199;21443;914;513813;1584543199;21443;263.7368;0.350248;-9.783517;
1584543199;42678;914;536101;1584543199;42678;263.7368;0.350248;-9.783517;
1584543199;70773;914;564859;1584543199;70773;263.7368;0.350248;-9.783517;
1584543199;145966;914;638589;1584543199;145966;338.6898;-123.9878;-188.9231;
1584543199;171755;914;665470;1584543199;171755;338.6898;-123.9878;-188.9231;
1584543199;267991;914;761823;1584543199;267991;-224.8592;154.4594;197.0198;
1584543199;355687;914;848565;1584543199;355687;-224.8592;154.4594;197.0198;
1584543199;449947;914;942662;1584543199;449947;281.074;-37.30141;0.1686813;
1584543199;485449;914;979957;1584543199;485449;281.074;-37.30141;0.1686813;
1584543199;583715;915;77880;1584543199;583715;-4.202976;102.2724;174.0791;
1584543199;665542;915;158286;1584543199;665542;-4.202976;102.2724;174.0791;
1584543199;760165;915;253328;1584543199;760165;339.7406;-137.6475;-190.6099;
1584543199;800665;915;292960;1584543199;800665;339.7406;-137.6475;-190.6099;
1584543199;901656;915;394375;1584543199;901656;340.4411;-147.4544;-201.4055;
1584543199;927955;915;421632;1584543199;927955;340.4411;-147.4544;-201.4055;
1584543199;950710;915;443512;1584543199;950710;340.4411;-147.4544;-201.4055;
1584543200;51933;915;544851;1584543200;51933;304.5406;-58.66654;-17.37418;
1584543200;86842;915;580029;1584543200;86842;304.5406;-58.66654;-17.37418;
1584543200;166131;915;660052;1584543200;166131;304.5406;-58.66654;-17.37418;
1584543200;268562;915;761478;1584543200;268562;286.5029;-36.07555;-0.6747253;
1584543200;360772;915;854588;1584543200;360772;286.5029;-36.07555;-0.6747253;
1584543200;390905;915;885159;1584543200;390905;-223.8085;128.541;161.5967;
1584543200;471003;915;963220;1584543200;471003;-223.8085;128.541;161.5967;
1584543200;512689;916;8144;1584543200;512689;-223.8085;128.541;161.5967;
1584543200;611262;916;108493;1584543200;611262;-193.3369;153.0584;192.2967;
1584543200;639577;916;132618;1584543200;639577;-193.3369;153.0584;192.2967;
1584543200;660935;916;154078;1584543200;660935;-193.3369;153.0584;192.2967;
1584543200;705120;916;197790;1584543200;705120;304.0153;-53.58795;3.710989;
1584543200;784047;916;289188;1584543200;784047;304.0153;-53.58795;3.710989;
1584543200;889608;916;386166;1584543200;889608;-46.75811;-37.30141;-58.86978;
1584543200;988744;916;481161;1584543200;988744;-46.75811;-37.30141;-58.86978;
1584543201;75798;916;570302;1584543201;75798;112.6047;-80.03167;-211.0203;
1584543201;110879;916;603436;1584543201;110879;112.6047;-80.03167;-211.0203;
1584543201;189893;916;684004;1584543201;189893;-89.83862;11.38306;-25.80824;
1584543201;271987;916;764324;1584543201;271987;-89.83862;11.38306;-25.80824;
1584543201;295475;916;792671;1584543201;295475;-89.83862;11.38306;-25.80824;
1584543201;403677;916;897763;1584543201;403677;351.4739;-108.752;-165.139;
1584543201;505898;917;3709;1584543201;505898;351.4739;-108.752;-165.139;
1584543201;614981;917;108165;1584543201;614981;289.1297;-153.934;-182.0071;
1584543201;698706;917;190859;1584543201;698706;289.1297;-153.934;-182.0071;
1584543201;790232;917;283085;1584543201;790232;92.46548;-73.55209;-200.056;
1584543201;882347;917;376014;1584543201;882347;92.46548;-73.55209;-200.056;
1584543201;963074;917;457183;1584543201;963074;-36.77604;129.942;153.8374;
1584543201;985340;917;477829;1584543201;985340;-36.77604;129.942;153.8374;
1584543202;83012;917;575790;1584543202;83012;43.60588;-53.76307;-166.8258;
1584543202;172361;917;670356;1584543202;172361;43.60588;-53.76307;-166.8258;
1584543202;209018;917;702636;1584543202;209018;43.60588;-53.76307;-166.8258;
1584543202;298051;917;791204;1584543202;298051;297.5357;-146.2285;-209.3335;
1584543202;391041;917;883323;1584543202;391041;82.13316;77.93018;171.5489;
1584543202;421951;917;915127;1584543202;421951;82.13316;77.93018;171.5489;
1584543202;503222;918;4179;1584543202;503222;82.13316;77.93018;171.5489;
1584543202;602413;918;95087;1584543202;602413;-186.6822;170.2205;205.7912;
1584543202;637602;918;131617;1584543202;637602;-186.6822;170.2205;205.7912;
1584543202;727266;918;223272;1584543202;727266;336.063;-141.6753;-213.7192;
1584543202;753970;918;247797;1584543202;753970;336.063;-141.6753;-213.7192;
1584543202;776993;918;270862;1584543202;776993;336.063;-141.6753;-213.7192;
1584543202;862511;918;356341;1584543202;862511;284.4014;-25.21786;12.14505;
1584543202;891424;918;384129;1584543202;891424;284.4014;-25.21786;12.14505;
1584543202;988774;918;481944;1584543202;988774;284.4014;-25.21786;12.14505;
1584543203;18405;918;511292;1584543203;18405;42.02976;103.3232;205.4538;
1584543203;98666;918;591786;1584543203;98666;42.02976;103.3232;205.4538;
1584543203;138432;918;630572;1584543203;138432;42.02976;103.3232;205.4538;
1584543203;225578;918;725405;1584543203;225578;-164.9668;171.6215;193.9835;
1584543203;308220;918;804436;1584543203;308220;109.1023;-78.28043;-204.6104;
1584543203;342457;918;834986;1584543203;342457;109.1023;-78.28043;-204.6104;
1584543203;366743;918;858973;1584543203;366743;109.1023;-78.28043;-204.6104;
1584543203;448787;918;941953;1584543203;448787;306.6422;-137.1221;-210.683;
1584543203;475850;918;976231;1584543203;475850;306.6422;-137.1221;-210.683;
1584543203;559971;919;61026;1584543203;559971;295.6093;-138.6982;-206.1286;
1584543203;649307;919;142188;1584543203;649307;214.702;-119.0843;-173.067;
1584543203;683148;919;176014;1584543203;683148;214.702;-119.0843;-173.067;
1584543203;758434;919;256363;1584543203;758434;273.7188;-142.0256;-198.5379;
1584543203;792764;919;285485;1584543203;792764;273.7188;-142.0256;-198.5379;
1584543203;871843;919;370881;1584543203;871843;273.7188;-142.0256;-198.5379;
1584543203;953276;919;469893;1584543203;953276;108.752;74.4277;141.861;
1584543204;53400;919;546794;1584543204;53400;108.752;74.4277;141.861;
1584543204;80338;919;578630;1584543204;80338;301.5635;-44.13125;-15.18132;
1584543204;169241;919;661778;1584543204;169241;301.5635;-44.13125;-15.18132;
1584543204;254440;919;747980;1584543204;254440;-194.5628;163.741;195.1643;
1584543204;286418;919;779264;1584543204;286418;-194.5628;163.741;195.1643;
1584543204;363823;919;860955;1584543204;363823;-129.4166;45.35712;-7.590659;
1584543204;396372;919;890526;1584543204;396372;-129.4166;45.35712;-7.590659;
1584543204;478002;919;971092;1584543204;478002;298.2362;-28.19497;-8.602747;
1584543204;508819;920;1198;1584543204;508819;298.2362;-28.19497;-8.602747;
1584543204;583924;920;77745;1584543204;583924;298.2362;-28.19497;-8.602747;
1584543204;674439;920;170959;1584543204;674439;284.9268;-13.8348;-19.39835;
1584543204;707881;920;201158;1584543204;707881;284.9268;-13.8348;-19.39835;
1584543204;785184;920;277957;1584543204;785184;-115.2316;40.97902;-33.3989;
1584543204;814152;920;307840;1584543204;814152;-115.2316;40.97902;-33.3989;
1584543204;846463;920;340887;1584543204;846463;-115.2316;40.97902;-33.3989;
1584543204;924726;920;424449;1584543204;924726;-77.22969;16.98703;-45.03791;
1584543204;959424;920;476372;1584543204;959424;-77.22969;16.98703;-45.03791;
1584543205;61855;920;555888;1584543205;61855;74.4277;-59.01679;-193.8148;
1584543205;92472;920;589867;1584543205;92472;74.4277;-59.01679;-193.8148;
1584543205;183253;920;680412;1584543205;183253;74.4277;-59.01679;-193.8148;
1584543205;265964;920;758158;1584543205;265964;343.0679;-119.6097;-211.3577;
1584543205;288489;920;781400;1584543205;288489;343.0679;-119.6097;-211.3577;
1584543205;369181;920;862241;1584543205;369181;-156.736;188.2583;164.8017;
1584543205;403846;920;896785;1584543205;403846;-156.736;188.2583;164.8017;
1584543205;480118;920;974076;1584543205;480118;-156.736;188.2583;164.8017;
1584543205;579899;921;72594;1584543205;579899;-142.2007;53.58795;-18.89231;
1584543205;672225;921;165661;1584543205;672225;-142.2007;53.58795;-18.89231;
1584543205;762194;921;256159;1584543205;762194;-84.40977;4.903472;-38.7967;
1584543205;796040;921;289172;1584543205;796040;-84.40977;4.903472;-38.7967;
1584543205;891710;921;392274;1584543205;891710;-167.2434;77.22969;14.33791;
1584543205;978825;921;471429;1584543205;978825;-167.2434;77.22969;14.33791;
1584543206;65486;921;558966;1584543206;65486;-192.8115;101.3968;54.1467;
1584543206;99945;921;597393;1584543206;99945;-192.8115;101.3968;54.1467;
1584543206;195750;921;689650;1584543206;195750;16.28653;126.2644;165.4764;
1584543206;271054;921;766675;1584543206;271054;16.28653;126.2644;165.4764;
1584543206;364473;921;858238;1584543206;364473;13.8348;115.4067;167.1632;
1584543206;403530;921;896285;1584543206;403530;13.8348;115.4067;167.1632;
1584543206;475157;921;972605;1584543206;475157;13.8348;115.4067;167.1632;
1584543206;569850;922;63693;1584543206;569850;-184.2305;68.99886;24.62747;
1584543206;606569;922;99730;1584543206;606569;-184.2305;68.99886;24.62747;
1584543206;691666;922;185352;1584543206;691666;211.1996;56.38993;22.94066;
1584543206;771354;922;265007;1584543206;771354;211.1996;56.38993;22.94066;
1584543206;888400;922;381736;1584543206;888400;19.26364;119.7848;165.9824;
1584543206;914797;922;408145;1584543206;914797;19.26364;119.7848;165.9824;
1584543206;935695;922;429228;1584543206;935695;19.26364;119.7848;165.9824;
1584543207;21297;922;514866;1584543207;21297;-25.21786;138.348;125.4989;
1584543207;44945;922;548629;1584543207;44945;-25.21786;138.348;125.4989;
1584543207;131672;922;625519;1584543207;131672;-25.21786;138.348;125.4989;
1584543207;166004;922;659119;1584543207;166004;315.0481;-13.48455;-18.0489;
1584543207;240680;922;733838;1584543207;240680;315.0481;-13.48455;-18.0489;
1584543207;326779;922;820224;1584543207;326779;-162.1648;82.65853;2.361538;
1584543207;347505;922;840567;1584543207;347505;-162.1648;82.65853;2.361538;
1584543207;431495;922;924725;1584543207;431495;197.3648;76.52919;65.9544;
1584543207;452275;922;956309;1584543207;452275;197.3648;76.52919;65.9544;
1584543207;536319;923;29227;1584543207;536319;197.3648;76.52919;65.9544;
1584543207;572043;923;66251;1584543207;572043;313.9973;-134.6704;-194.8269;
1584543207;689589;923;182484;1584543207;689589;-86.33614;168.9947;156.0302;
1584543207;772584;923;266518;1584543207;772584;-86.33614;168.9947;156.0302;
1584543207;862364;923;354604;1584543207;862364;179.8524;76.52919;66.62912;
1584543207;946229;923;439238;1584543207;946229;179.8524;76.52919;66.62912;
1584543207;984817;923;481697;1584543207;984817;179.8524;76.52919;66.62912;
1584543208;64054;923;557433;1584543208;64054;-164.9668;76.35406;32.38681;
1584543208;163363;923;657985;1584543208;163363;-164.9668;76.35406;32.38681;
1584543208;246422;923;739654;1584543208;246422;302.9645;-18.2129;-4.723077;
1584543208;270539;923;771777;1584543208;270539;302.9645;-18.2129;-4.723077;
1584543208;356221;923;848892;1584543208;356221;-89.66349;182.4792;160.5846;
1584543208;387035;923;889361;1584543208;387035;-89.66349;182.4792;160.5846;
1584543208;484446;923;992418;1584543208;484446;-89.66349;182.4792;160.5846;
1584543208;603195;924;96440;1584543208;603195;-134.8455;62.34415;-13.83187;
1584543208;689583;924;184681;1584543208;689583;-134.8455;62.34415;-13.83187;
1584543208;784505;924;278420;1584543208;784505;-167.9439;176.7001;172.8983;
1584543208;885383;924;377819;1584543208;885383;-43.25563;-40.80389;-125.6676;
1584543208;975606;924;476367;1584543208;975606;-43.25563;-40.80389;-125.6676;
1584543209;77265;924;592354;1584543209;77265;-73.37696;-23.29149;-88.22033;
1584543209;175987;924;685164;1584543209;175987;246.2243;-134.8455;-183.1879;
1584543209;277843;924;770958;1584543209;277843;246.2243;-134.8455;-183.1879;
1584543209;362990;924;855205;1584543209;362990;-226.9607;104.7242;75.90659;
1584543209;394460;924;888236;1584543209;394460;-226.9607;104.7242;75.90659;
1584543209;476600;924;969435;1584543209;476600;-226.9607;104.7242;75.90659;
1584543209;557231;925;50468;1584543209;557231;-229.5876;135.7211;136.8006;
1584543209;610387;925;102356;1584543209;610387;-229.5876;135.7211;136.8006;
1584543209;696150;925;188813;1584543209;696150;342.3674;-74.4277;-112.1731;
1584543209;777884;925;270493;1584543209;777884;342.3674;-74.4277;-112.1731;
1584543209;881889;925;376159;1584543209;881889;192.6364;-122.2366;-179.4769;
1584543209;982336;925;476364;1584543209;982336;192.6364;-122.2366;-179.4769;
1584543210;96705;925;593311;1584543210;96705;321.5277;-148.1549;-244.2505;
1584543210;191970;925;688785;1584543210;191970;321.5277;-148.1549;-244.2505;
1584543210;291913;925;785325;1584543210;291913;-118.2087;21.8905;-35.59176;
1584543210;390319;925;882080;1584543210;390319;344.2938;-142.5509;-235.4791;
1584543210;491762;925;985060;1584543210;491762;344.2938;-142.5509;-235.4791;
1584543210;597593;926;97672;1584543210;597593;279.1477;10.85769;-27.66374;
1584543210;698252;926;198232;1584543210;698252;-74.77795;5.779092;-67.97857;
1584543210;728654;926;222437;1584543210;728654;-74.77795;5.779092;-67.97857;
1584543210;753521;926;246529;1584543210;753521;-74.77795;5.779092;-67.97857;
1584543210;775284;926;277517;1584543210;775284;-74.77795;5.779092;-67.97857;
1584543210;858855;926;351090;1584543210;858855;245.5239;39.22778;-18.21758;
1584543210;892810;926;385525;1584543210;892810;245.5239;39.22778;-18.21758;
1584543210;973430;926;466937;1584543210;973430;73.90233;-60.94315;-216.2495;
1584543211;14283;926;512097;1584543211;14283;73.90233;-60.94315;-216.2495;
1584543211;98782;926;592063;1584543211;98782;-102.2724;15.41091;-49.92967;
1584543211;198506;926;691857;1584543211;198506;311.0202;-141.8504;-234.1297;
1584543211;228484;926;720857;1584543211;228484;311.0202;-141.8504;-234.1297;
1584543211;303502;926;802238;1584543211;303502;311.0202;-141.8504;-234.1297;
1584543211;398395;926;892203;1584543211;398395;291.9317;-35.55017;-35.59176;
1584543211;429945;926;923126;1584543211;429945;291.9317;-35.55017;-35.59176;
1584543211;455120;926;948650;1584543211;455120;347.9714;-72.67646;-129.3786;
1584543211;477446;926;969800;1584543211;477446;347.9714;-72.67646;-129.3786;
1584543211;563793;927;56214;1584543211;563793;347.9714;-72.67646;-129.3786;
1584543211;600069;927;92765;1584543211;600069;343.9435;-71.80084;-119.089;
1584543211;697646;927;190393;1584543211;697646;343.9435;-71.80084;-119.089;
1584543211;726954;927;220107;1584543211;726954;343.9435;-71.80084;-119.089;
1584543211;800362;927;293152;1584543211;800362;-70.22472;155.6852;110.1489;
1584543211;832480;927;325705;1584543211;832480;-70.22472;155.6852;110.1489;
1584543211;922085;927;420408;1584543211;922085;357.7784;-83.18391;-179.3082;
1584543212;10242;927;502455;1584543212;10242;357.7784;-83.18391;-179.3082;
1584543212;41563;927;534305;1584543212;41563;357.7784;-83.18391;-179.3082;
1584543212;131933;927;626147;1584543212;131933;-9.982068;118.559;130.0533;
1584543212;211049;927;704315;1584543212;211049;-9.982068;118.559;130.0533;
1584543212;310422;927;803387;1584543212;310422;127.8405;-106.8256;-221.6472;
1584543212;342415;927;835622;1584543212;342415;127.8405;-106.8256;-221.6472;
1584543212;419888;927;912394;1584543212;419888;-191.0603;148.6803;157.717;
1584543212;509991;928;2586;1584543212;509991;-191.0603;148.6803;157.717;
1584543212;540835;928;33870;1584543212;540835;-191.0603;148.6803;157.717;
1584543212;619889;928;113063;1584543212;619889;-161.4643;35.0248;-28.0011;
1584543212;651665;928;144839;1584543212;651665;-161.4643;35.0248;-28.0011;
1584543212;745897;928;239000;1584543212;745897;-160.2385;38.35216;-10.28956;
1584543212;770317;928;263261;1584543212;770317;-160.2385;38.35216;-10.28956;
1584543212;793540;928;296472;1584543212;793540;-160.2385;38.35216;-10.28956;
1584543212;880572;928;374170;1584543212;880572;-146.2285;149.731;155.0181;
1584543212;971110;928;464422;1584543212;971110;-146.2285;149.731;155.0181;
1584543213;4784;928;498100;1584543213;4784;-146.2285;149.731;155.0181;
1584543213;79893;928;573730;1584543213;79893;109.1023;-108.4018;-226.2016;
1584543213;165620;928;662914;1584543213;165620;368.2858;-135.7211;-205.2852;
1584543213;202464;928;695708;1584543213;202464;368.2858;-135.7211;-205.2852;
1584543213;276207;928;768965;1584543213;276207;368.2858;-135.7211;-205.2852;
1584543213;309985;928;802427;1584543213;309985;239.5696;-143.9519;-180.8264;
1584543213;384776;928;891359;1584543213;384776;239.5696;-143.9519;-180.8264;
1584543213;475402;928;968582;1584543213;475402;68.64861;-94.56696;-193.9835;
1584543213;565876;929;59183;1584543213;565876;97.19382;81.08241;142.8731;
1584543213;597989;929;91688;1584543213;597989;97.19382;81.08241;142.8731;
1584543213;619484;929;112725;1584543213;619484;97.19382;81.08241;142.8731;
1584543213;660080;929;153353;1584543213;660080;97.19382;81.08241;142.8731;
1584543213;753117;929;246767;1584543213;753117;309.7944;-56.21481;-43.68846;
1584543213;826546;929;318726;1584543213;826546;309.7944;-56.21481;-43.68846;
1584543213;858077;929;351409;1584543213;858077;-68.99886;-5.603968;-40.14615;
1584543213;883615;929;376835;1584543213;883615;-68.99886;-5.603968;-40.14615;
1584543213;921332;929;414467;1584543213;921332;-68.99886;-5.603968;-40.14615;
1584543214;5920;929;499253;1584543214;5920;317.4998;-33.44868;-30.19396;
1584543214;27166;929;519375;1584543214;27166;317.4998;-33.44868;-30.19396;
1584543214;111106;929;604001;1584543214;111106;-30.47158;-39.22778;-71.52088;
1584543214;128615;929;620869;1584543214;128615;-30.47158;-39.22778;-71.52088;
1584543214;150268;929;642369;1584543214;150268;-30.47158;-39.22778;-71.52088;
1584543214;167890;929;660120;1584543214;167890;-30.47158;-39.22778;-71.52088;
1584543214;199575;929;691777;1584543214;199575;259.7089;-143.0763;-164.4643;
1584543214;271369;929;766791;1584543214;271369;259.7089;-143.0763;-164.4643;
1584543214;358048;929;850075;1584543214;358048;-182.8295;96.66845;121.4505;
1584543214;387046;929;879121;1584543214;387046;-182.8295;96.66845;121.4505;
1584543214;406358;929;898450;1584543214;406358;-182.8295;96.66845;121.4505;
1584543214;429935;929;922012;1584543214;429935;-182.8295;96.66845;121.4505;
1584543214;451799;929;947189;1584543214;451799;-56.38993;-20.66463;-49.92967;
1584543214;475281;929;968245;1584543214;475281;-56.38993;-20.66463;-49.92967;
1584543214;496899;929;990882;1584543214;496899;-56.38993;-20.66463;-49.92967;
1584543214;516238;930;8477;1584543214;516238;-56.38993;-20.66463;-49.92967;
1584543214;543703;930;35395;1584543214;543703;380.5445;-112.955;-170.8742;
1584543214;567561;930;59761;1584543214;567561;380.5445;-112.955;-170.8742;
1584543214;602390;930;94118;1584543214;602390;380.5445;-112.955;-170.8742;
1584543214;691582;930;183768;1584543214;691582;386.3235;-127.8405;-200.3934;
1584543214;765841;930;258092;1584543214;765841;386.3235;-127.8405;-200.3934;
1584543214;797305;930;292355;1584543214;797305;-83.8844;13.8348;-37.27857;
1584543214;821876;930;313887;1584543214;821876;-83.8844;13.8348;-37.27857;
1584543214;838792;930;330788;1584543214;838792;-83.8844;13.8348;-37.27857;
1584543214;860532;930;352817;1584543214;860532;-83.8844;13.8348;-37.27857;
1584543214;888586;930;381296;1584543214;888586;286.5029;-152.0076;-190.2725;
1584543214;908336;930;400558;1584543214;908336;286.5029;-152.0076;-190.2725;
1584543214;925957;930;417952;1584543214;925957;286.5029;-152.0076;-190.2725;
1584543214;941128;930;436424;1584543214;941128;286.5029;-152.0076;-190.2725;
1584543214;965315;930;457603;1584543214;965315;343.243;-148.5052;-235.8165;
1584543214;997029;930;489510;1584543214;997029;343.243;-148.5052;-235.8165;
1584543215;71141;930;565872;1584543215;71141;-188.7837;174.4235;189.2604;
1584543215;187632;930;682128;1584543215;187632;-188.7837;174.4235;189.2604;
1584543215;266216;930;758245;1584543215;266216;305.2411;-48.50935;-75.40055;
1584543215;284260;930;776453;1584543215;284260;305.2411;-48.50935;-75.40055;
1584543215;307036;930;799163;1584543215;307036;305.2411;-48.50935;-75.40055;
1584543215;329219;930;822373;1584543215;329219;305.2411;-48.50935;-75.40055;
1584543215;421163;930;913435;1584543215;421163;-26.9691;117.3331;147.4275;
1584543215;442265;930;935104;1584543215;442265;-26.9691;117.3331;147.4275;
1584543215;526083;931;18043;1584543215;526083;68.12324;77.93018;137.8126;
1584543215;542234;931;34282;1584543215;542234;68.12324;77.93018;137.8126;
1584543215;564197;931;56430;1584543215;564197;68.12324;77.93018;137.8126;
1584543215;586016;931;78035;1584543215;586016;68.12324;77.93018;137.8126;
1584543215;676793;931;171996;1584543215;676793;-61.9939;104.7242;127.5231;
1584543215;696879;931;190220;1584543215;696879;-61.9939;104.7242;127.5231;
1584543215;722505;931;214591;1584543215;722505;-61.9939;104.7242;127.5231;
1584543215;740921;931;233478;1584543215;740921;-87.03663;-34.49943;-59.54451;
1584543215;759508;931;254977;1584543215;759508;-87.03663;-34.49943;-59.54451;
1584543215;785227;931;277310;1584543215;785227;-87.03663;-34.49943;-59.54451;
1584543215;802681;931;300901;1584543215;802681;-87.03663;-34.49943;-59.54451;
1584543215;890315;931;382541;1584543215;890315;98.94506;-115.0565;-217.7676;
1584543215;916315;931;408630;1584543215;916315;98.94506;-115.0565;-217.7676;
1584543216;3270;931;503753;1584543216;3270;250.0771;-14.36017;-15.85604;
1584543216;81593;931;574033;1584543216;81593;250.0771;-14.36017;-15.85604;
1584543216;100758;931;593083;1584543216;100758;-86.33614;125.2137;135.4511;
1584543216;190250;931;681964;1584543216;190250;-86.33614;125.2137;135.4511;
1584543216;206086;931;702002;1584543216;206086;-86.33614;125.2137;135.4511;
1584543216;286731;931;779083;1584543216;286731;325.0302;-65.14613;-61.4;
1584543216;314271;931;811597;1584543216;314271;325.0302;-65.14613;-61.4;
1584543216;400051;931;892184;1584543216;400051;336.7635;-79.33118;-129.7159;
1584543216;424422;931;916862;1584543216;424422;336.7635;-79.33118;-129.7159;
1584543216;440745;931;932956;1584543216;440745;336.7635;-79.33118;-129.7159;
1584543216;456704;931;950192;1584543216;456704;336.7635;-79.33118;-129.7159;
1584543216;486712;931;978676;1584543216;486712;29.24571;98.59482;154.6808;
1584543216;507010;931;998982;1584543216;507010;29.24571;98.59482;154.6808;
1584543216;592603;932;84952;1584543216;592603;211.3747;-144.8276;-171.2115;
1584543216;613540;932;105723;1584543216;613540;211.3747;-144.8276;-171.2115;
1584543216;636250;932;128412;1584543216;636250;211.3747;-144.8276;-171.2115;
1584543216;651666;932;143815;1584543216;651666;211.3747;-144.8276;-171.2115;
1584543216;837035;932;330334;1584543216;837035;-187.9081;59.36704;64.26759;
1584543216;858716;932;351922;1584543216;858716;-187.9081;59.36704;64.26759;
1584543216;896894;932;390138;1584543216;896894;-187.9081;59.36704;64.26759;
1584543216;989366;932;482833;1584543216;989366;-150.0813;37.65166;-25.13352;
1584543217;62781;932;556007;1584543217;62781;130.6425;-114.1809;-213.8879;
1584543217;96669;932;590314;1584543217;96669;130.6425;-114.1809;-213.8879;
1584543217;126876;932;619813;1584543217;126876;130.6425;-114.1809;-213.8879;
1584543217;203038;932;695109;1584543217;203038;362.6818;-123.4624;-164.4643;
1584543217;227968;932;721875;1584543217;227968;362.6818;-123.4624;-164.4643;
1584543217;254383;932;748045;1584543217;254383;362.6818;-123.4624;-164.4643;
1584543217;339379;932;832578;1584543217;339379;323.2789;-61.2934;-33.73626;
1584543217;361329;932;855101;1584543217;361329;323.2789;-61.2934;-33.73626;
1584543217;396123;932;889720;1584543217;396123;323.2789;-61.2934;-33.73626;
1584543217;468365;932;961251;1584543217;468365;342.1923;-66.19688;-56.67692;
1584543217;572176;933;65755;1584543217;572176;342.1923;-66.19688;-56.67692;
1584543217;658984;933;151290;1584543217;658984;344.1187;-83.8844;-104.4137;
1584543217;684075;933;181534;1584543217;684075;344.1187;-83.8844;-104.4137;
1584543217;763085;933;256097;1584543217;763085;344.1187;-83.8844;-104.4137;
1584543217;791133;933;291038;1584543217;791133;307.868;-171.2713;-205.7912;
1584543217;873291;933;381418;1584543217;873291;307.868;-171.2713;-205.7912;
1584543217;968082;933;461886;1584543217;968082;-51.83671;-38.87753;-65.78571;
1584543218;59224;933;553052;1584543218;59224;-51.83671;-38.87753;-65.78571;
1584543218;98944;933;592222;1584543218;98944;-51.83671;-38.87753;-65.78571;
1584543218;173935;933;668152;1584543218;173935;310.4949;-42.20489;-23.4467;
1584543218;262982;933;756347;1584543218;262982;310.4949;-42.20489;-23.4467;
1584543218;285250;933;795384;1584543218;285250;-189.1339;156.5609;194.6582;
1584543218;388671;933;881778;1584543218;388671;-189.1339;156.5609;194.6582;
1584543218;419274;933;921938;1584543218;419274;-153.0584;164.6166;175.4286;
1584543218;514773;934;8040;1584543218;514773;-153.0584;164.6166;175.4286;
1584543218;543774;934;36429;1584543218;543774;-153.0584;164.6166;175.4286;
1584543218;570965;934;64418;1584543218;570965;-166.718;84.40977;95.81099;
1584543218;668572;934;161327;1584543218;668572;-166.718;84.40977;95.81099;
1584543218;708005;934;200747;1584543218;708005;-166.718;84.40977;95.81099;
1584543218;783863;934;293768;1584543218;783863;162.1648;-109.2774;-182.1758;
1584543218;880008;934;373278;1584543218;880008;162.1648;-109.2774;-182.1758;
1584543218;969136;934;462750;1584543218;969136;-11.20794;114.5311;141.3549;
1584543219;6495;934;500347;1584543219;6495;-11.20794;114.5311;141.3549;
1584543219;79217;934;581868;1584543219;79217;-10.85769;-60.94315;-120.1011;
1584543219;182440;934;675178;1584543219;182440;-10.85769;-60.94315;-120.1011;
1584543219;211444;934;705038;1584543219;211444;-10.85769;-60.94315;-120.1011;
1584543219;290997;934;784119;1584543219;290997;319.0759;-61.2934;-56.33956;
1584543219;320020;934;813746;1584543219;320020;319.0759;-61.2934;-56.33956;
1584543219;411657;934;904750;1584543219;411657;46.40786;109.8027;158.3918;
1584543219;436835;934;930749;1584543219;436835;46.40786;109.8027;158.3918;
1584543219;461975;934;958756;1584543219;461975;46.40786;109.8027;158.3918;
1584543219;546415;935;39538;1584543219;546415;-197.3648;85.28539;64.94231;
1584543219;572365;935;65202;1584543219;572365;-197.3648;85.28539;64.94231;
1584543219;660411;935;153132;1584543219;660411;-197.3648;85.28539;64.94231;
1584543219;693644;935;187361;1584543219;693644;-124.8634;160.2385;134.439;
1584543219;724061;935;217095;1584543219;724061;-124.8634;160.2385;134.439;
1584543219;804386;935;305278;1584543219;804386;365.1335;-122.0614;-174.9225;
1584543219;837540;935;330943;1584543219;837540;365.1335;-122.0614;-174.9225;
1584543219;924113;935;417563;1584543219;924113;-183.0046;160.5887;196.1764;
1584543220;21305;935;516006;1584543220;21305;-183.0046;160.5887;196.1764;
1584543220;99983;935;593150;1584543220;99983;171.4464;78.98093;76.75;
1584543220;127339;935;620093;1584543220;127339;171.4464;78.98093;76.75;
1584543220;206348;935;699359;1584543220;206348;50.26059;-85.98589;-170.8742;
1584543220;238912;935;732414;1584543220;238912;50.26059;-85.98589;-170.8742;
1584543220;327931;935;821276;1584543220;327931;60.59291;99.47044;168.0066;
1584543220;355804;935;870275;1584543220;355804;60.59291;99.47044;168.0066;
1584543220;452411;935;946378;1584543220;452411;277.9218;-19.43876;-10.62692;
1584543220;474435;935;978845;1584543220;474435;277.9218;-19.43876;-10.62692;
1584543220;561251;936;54340;1584543220;561251;277.9218;-19.43876;-10.62692;
1584543220;658410;936;151043;1584543220;658410;188.6086;55.16406;50.09835;
1584543220;684687;936;177922;1584543220;684687;188.6086;55.16406;50.09835;
1584543220;708885;936;201677;1584543220;708885;291.5815;-164.7917;-191.7907;
1584543220;810226;936;303039;1584543220;810226;291.5815;-164.7917;-191.7907;
1584543220;843805;936;336251;1584543220;843805;303.8401;-168.2942;-194.8269;
1584543220;868041;936;361846;1584543220;868041;303.8401;-168.2942;-194.8269;
1584543220;959905;936;453304;1584543220;959905;303.8401;-168.2942;-194.8269;
1584543220;993474;936;486200;1584543220;993474;216.9787;29.24571;27.49505;
1584543221;68874;936;561667;1584543221;68874;216.9787;29.24571;27.49505;
1584543221;156368;936;655117;1584543221;156368;182.8295;-129.2415;-147.0901;
1584543221;194191;936;686803;1584543221;194191;182.8295;-129.2415;-147.0901;
1584543221;269189;936;762017;1584543221;269189;182.8295;-129.2415;-147.0901;
1584543221;387451;936;880848;1584543221;387451;-15.93629;103.4983;155.6929;
1584543221;460642;936;957560;1584543221;460642;-15.93629;103.4983;155.6929;
1584543221;556122;937;48515;1584543221;556122;194.5628;45.35712;57.18297;
1584543221;579495;937;89430;1584543221;579495;194.5628;45.35712;57.18297;
1584543221;675576;937;168969;1584543221;675576;302.7894;-43.95613;-9.952198;
1584543221;761991;937;254247;1584543221;761991;-141.6753;31.3472;-12.98846;
1584543221;798662;937;291155;1584543221;798662;-141.6753;31.3472;-12.98846;
1584543221;877272;937;370476;1584543221;877272;-141.6753;31.3472;-12.98846;
1584543221;967258;937;464612;1584543221;967258;218.0294;-137.8226;-139.8368;
1584543222;59445;937;551876;1584543222;59445;218.0294;-137.8226;-139.8368;
1584543222;156529;937;649056;1584543222;156529;218.3796;-131.5181;-152.994;
1584543222;193023;937;686351;1584543222;193023;218.3796;-131.5181;-152.994;
1584543222;286468;937;783331;1584543222;286468;338.6898;-51.13621;-60.72527;
1584543222;366327;937;858566;1584543222;366327;338.6898;-51.13621;-60.72527;
1584543222;407657;937;900152;1584543222;407657;363.9077;-109.2774;-166.3198;
1584543222;497981;937;990565;1584543222;497981;363.9077;-109.2774;-166.3198;
1584543222;520777;938;14595;1584543222;520777;-36.07555;-35.7253;-84.67802;
1584543222;607916;938;101341;1584543222;607916;-36.07555;-35.7253;-84.67802;
1584543222;637513;938;131672;1584543222;637513;-36.07555;-35.7253;-84.67802;
1584543222;716871;938;210962;1584543222;716871;2.451736;-72.50134;-125.8363;
1584543222;745018;938;238168;1584543222;745018;2.451736;-72.50134;-125.8363;
1584543222;821904;938;315389;1584543222;821904;180.0275;69.69936;65.11099;
1584543222;856891;938;350211;1584543222;856891;180.0275;69.69936;65.11099;
1584543222;881281;938;389820;1584543222;881281;180.0275;69.69936;65.11099;
1584543222;971676;938;465691;1584543222;971676;318.3755;-47.63373;-46.89341;
1584543223;65182;938;558607;1584543223;65182;318.3755;-47.63373;-46.89341;
1584543223;158074;938;651142;1584543223;158074;341.1416;-144.6524;-208.8275;
1584543223;193136;938;690062;1584543223;193136;341.1416;-144.6524;-208.8275;
1584543223;286545;938;778736;1584543223;286545;-100.8714;154.1091;170.0308;
1584543223;312948;938;806846;1584543223;312948;-100.8714;154.1091;170.0308;
1584543223;335697;938;836659;1584543223;335697;-100.8714;154.1091;170.0308;
1584543223;369532;938;862688;1584543223;369532;-100.8714;154.1091;170.0308;
1584543223;466351;938;959693;1584543223;466351;-58.66654;-34.14918;-59.88187;
1584543223;505098;938;997407;1584543223;505098;-58.66654;-34.14918;-59.88187;
1584543223;577109;939;70950;1584543223;577109;283.876;-20.83976;-8.265385;
1584543223;608532;939;102404;1584543223;608532;283.876;-20.83976;-8.265385;
1584543223;682780;939;178942;1584543223;682780;121.5361;-99.82069;-213.2132;
1584543223;718915;939;211877;1584543223;718915;121.5361;-99.82069;-213.2132;
1584543223;811454;939;305231;1584543223;811454;121.5361;-99.82069;-213.2132;
1584543223;836910;939;330906;1584543223;836910;-192.2862;94.21671;79.28022;
1584543223;868827;939;361576;1584543223;868827;-192.2862;94.21671;79.28022;
1584543223;956999;939;453413;1584543223;956999;-192.2862;94.21671;79.28022;
1584543224;57317;939;554191;1584543224;57317;-2.276612;117.5082;160.7533;
1584543224;142891;939;643017;1584543224;142891;70.04961;99.12019;181.5011;
1584543224;174039;939;674031;1584543224;174039;70.04961;99.12019;181.5011;
1584543224;337608;939;831675;1584543224;337608;-90.88936;1.926364;-30.86868;
1584543224;372467;939;865332;1584543224;372467;-90.88936;1.926364;-30.86868;
1584543224;466416;939;959742;1584543224;466416;-90.88936;1.926364;-30.86868;
1584543224;552174;940;50615;1584543224;552174;-41.15414;-35.55017;-84.8467;
1584543224;633008;940;126293;1584543224;633008;-41.15414;-35.55017;-84.8467;
1584543224;666465;940;159239;1584543224;666465;-133.0943;44.83175;-11.80769;
1584543224;743440;940;236351;1584543224;743440;-133.0943;44.83175;-11.80769;
1584543224;777938;940;271389;1584543224;777938;-133.0943;44.83175;-11.80769;
1584543224;871884;940;365579;1584543224;871884;-115.4067;28.54521;-17.71154;
1584543224;970087;940;462417;1584543224;970087;-213.8264;130.4674;130.0533;
1584543225;61241;940;558430;1584543225;61241;-213.8264;130.4674;130.0533;
1584543225;138772;940;631741;1584543225;138772;177.4006;-99.64556;-172.561;
1584543225;172855;940;665730;1584543225;172855;177.4006;-99.64556;-172.561;
1584543225;287237;940;782356;1584543225;287237;-175.6494;95.44258;60.55659;
1584543225;382838;940;876061;1584543225;382838;-175.6494;95.44258;60.55659;
1584543225;462685;940;970841;1584543225;462685;333.4361;-80.55704;-181.5011;
1584543225;550170;941;43253;1584543225;550170;333.4361;-80.55704;-181.5011;
1584543225;643704;941;136192;1584543225;643704;120.1351;-75.30332;-219.9604;
1584543225;677529;941;170755;1584543225;677529;120.1351;-75.30332;-219.9604;
1584543225;775293;941;268648;1584543225;775293;346.5704;-89.83862;-176.6093;
1584543225;796944;941;296564;1584543225;796944;346.5704;-89.83862;-176.6093;
1584543225;889618;941;382771;1584543225;889618;-55.51431;-20.48951;-81.81044;
1584543225;908339;941;401834;1584543225;908339;-55.51431;-20.48951;-81.81044;
1584543226;51;941;493160;1584543226;51;205.5956;57.44067;26.31429;
1584543226;25103;941;522171;1584543226;25103;205.5956;57.44067;26.31429;
1584543226;104724;941;598107;1584543226;104724;205.5956;57.44067;26.31429;
1584543226;134401;941;627419;1584543226;134401;125.2137;-87.73713;-210.0082;
1584543226;155510;941;648288;1584543226;155510;125.2137;-87.73713;-210.0082;
1584543226;196617;941;690163;1584543226;196617;125.2137;-87.73713;-210.0082;
1584543226;294622;941;787884;1584543226;294622;-149.2057;52.18695;-18.55494;
1584543226;315468;941;810810;1584543226;315468;-149.2057;52.18695;-18.55494;
1584543226;395445;941;887782;1584543226;395445;268.8153;-82.48341;-158.0544;
1584543226;414511;941;908611;1584543226;414511;268.8153;-82.48341;-158.0544;
1584543226;501449;941;994604;1584543226;501449;268.8153;-82.48341;-158.0544;
1584543226;527130;942;23724;1584543226;527130;108.2266;-76.35406;-213.5506;
1584543226;552256;942;45956;1584543226;552256;108.2266;-76.35406;-213.5506;
1584543226;591092;942;84371;1584543226;591092;108.2266;-76.35406;-213.5506;
1584543226;687422;942;181512;1584543226;687422;-113.4804;40.62877;-28.33846;
1584543226;760580;942;253435;1584543226;760580;-113.4804;40.62877;-28.33846;
1584543226;800765;942;293055;1584543226;800765;282.6501;-6.654712;-30.02527;
1584543226;892795;942;385918;1584543226;892795;282.6501;-6.654712;-30.02527;
1584543226;982051;942;483985;1584543226;982051;326.0809;-56.74018;-99.52198;
1584543227;64799;942;557556;1584543227;64799;326.0809;-56.74018;-99.52198;
1584543227;160537;942;654576;1584543227;160537;8.756201;-61.64365;-163.9582;
1584543227;199424;942;692629;1584543227;199424;8.756201;-61.64365;-163.9582;
1584543227;282628;942;774846;1584543227;282628;309.6192;-59.89241;-74.89451;
1584543227;311141;942;804858;1584543227;311141;309.6192;-59.89241;-74.89451;
1584543227;334687;942;827236;1584543227;334687;309.6192;-59.89241;-74.89451;
1584543227;415467;942;908578;1584543227;415467;194.3876;-121.5361;-181.8385;
1584543227;445091;942;939138;1584543227;445091;194.3876;-121.5361;-181.8385;
1584543227;520384;943;13594;1584543227;520384;-5.603968;123.2873;145.7407;
1584543227;545626;943;37984;1584543227;545626;-5.603968;123.2873;145.7407;
1584543227;566749;943;59882;1584543227;566749;-5.603968;123.2873;145.7407;
1584543227;611485;943;104569;1584543227;611485;-5.603968;123.2873;145.7407;
1584543227;695328;943;197483;1584543227;695328;12.25868;-47.98398;-139.3308;
1584543227;792132;943;285343;1584543227;792132;-166.718;181.7787;172.3923;
1584543227;875148;943;377913;1584543227;875148;-166.718;181.7787;172.3923;
1584543227;917229;943;411150;1584543227;917229;-166.718;181.7787;172.3923;
1584543228;7733;943;501198;1584543228;7733;-202.9687;111.554;99.69066;
1584543228;30393;943;527214;1584543228;30393;-202.9687;111.554;99.69066;
1584543228;117381;943;610207;1584543228;117381;366.8848;-42.90538;-78.77418;
1584543228;142967;943;638570;1584543228;142967;366.8848;-42.90538;-78.77418;
1584543228;168282;943;661080;1584543228;168282;366.8848;-42.90538;-78.77418;
1584543228;212351;943;706076;1584543228;212351;112.0794;-66.54713;-213.5506;
1584543228;291281;943;784424;1584543228;291281;112.0794;-66.54713;-213.5506;
1584543228;388936;943;882353;1584543228;388936;-124.8634;185.8066;167.1632;
1584543228;465055;943;957993;1584543228;465055;-124.8634;185.8066;167.1632;
1584543228;560183;944;53738;1584543228;560183;77.40481;-66.19688;-174.4165;
1584543228;595124;944;88569;1584543228;595124;77.40481;-66.19688;-174.4165;
1584543228;694554;944;187828;1584543228;694554;-142.2007;184.2305;180.489;
1584543228;776733;944;270000;1584543228;776733;-142.2007;184.2305;180.489;
1584543228;801247;944;294416;1584543228;801247;-142.2007;184.2305;180.489;
1584543228;891442;944;384396;1584543228;891442;-55.51431;138.8733;147.5962;
1584543228;991502;944;484277;1584543228;991502;-55.51431;138.8733;147.5962;
1584543229;79185;944;572508;1584543229;79185;347.7963;-84.40977;-137.9813;
1584543229;175335;944;668580;1584543229;175335;347.7963;-84.40977;-137.9813;
1584543229;257113;944;749913;1584543229;257113;99.29531;-72.32622;-185.0434;
1584543229;282869;944;775628;1584543229;282869;99.29531;-72.32622;-185.0434;
1584543229;367393;944;863694;1584543229;367393;-79.15605;170.2205;158.2231;
1584543229;405027;944;898137;1584543229;405027;-79.15605;170.2205;158.2231;
1584543229;501236;944;994022;1584543229;501236;32.57307;-37.47654;-154.1747;
1584543229;582676;945;75975;1584543229;582676;32.57307;-37.47654;-154.1747;
1584543229;611702;945;112006;1584543229;611702;32.57307;-37.47654;-154.1747;
1584543229;701571;945;194681;1584543229;701571;306.9924;-23.64174;-55.49615;
1584543229;737612;945;230499;1584543229;737612;306.9924;-23.64174;-55.49615;
1584543229;825198;945;317996;1584543229;825198;-201.7429;182.4792;188.5857;
1584543229;846864;945;341727;1584543229;846864;-201.7429;182.4792;188.5857;
1584543229;873451;945;367806;1584543229;873451;-201.7429;182.4792;188.5857;
1584543229;910055;945;402791;1584543229;910055;-201.7429;182.4792;188.5857;
1584543230;5088;945;498268;1584543230;5088;-49.03472;-30.47158;-108.6308;
1584543230;107530;945;600276;1584543230;107530;-49.03472;-30.47158;-108.6308;
1584543230;192301;945;688658;1584543230;192301;-194.5628;179.5021;180.9951;
1584543230;215821;945;708971;1584543230;215821;-194.5628;179.5021;180.9951;
1584543230;244859;945;738546;1584543230;244859;122.0614;-90.18887;-211.6951;
1584543230;330606;945;824406;1584543230;330606;122.0614;-90.18887;-211.6951;
1584543230;354040;945;847988;1584543230;354040;143.9519;99.82069;65.78571;
1584543230;378410;945;875913;1584543230;378410;143.9519;99.82069;65.78571;
1584543230;405630;945;899198;1584543230;405630;143.9519;99.82069;65.78571;
1584543230;432489;945;925021;1584543230;432489;143.9519;99.82069;65.78571;
1584543230;468742;945;962124;1584543230;468742;-208.3976;81.25754;30.7;
1584543230;547388;946;42552;1584543230;547388;-208.3976;81.25754;30.7;
1584543230;573426;946;67091;1584543230;573426;-208.3976;81.25754;30.7;
1584543230;653073;946;145487;1584543230;653073;275.4701;-142.3758;-219.7918;
1584543230;690973;946;183764;1584543230;690973;275.4701;-142.3758;-219.7918;
1584543230;779115;946;272785;1584543230;779115;-163.5658;44.4815;-42.50769;
1584543230;858763;946;352246;1584543230;858763;-163.5658;44.4815;-42.50769;
1584543230;953124;946;446479;1584543230;953124;77.93018;47.45861;139.4995;
1584543230;990748;946;484463;1584543230;990748;77.93018;47.45861;139.4995;
1584543231;79976;946;573469;1584543231;79976;-154.2843;54.81382;-31.54341;
1584543231;184860;946;679661;1584543231;184860;-154.2843;54.81382;-31.54341;
1584543231;272481;946;765839;1584543231;272481;-175.2991;96.84357;57.52033;
1584543231;296274;946;793923;1584543231;296274;-175.2991;96.84357;57.52033;
1584543231;375089;946;869133;1584543231;375089;-177.7509;99.29531;62.58077;
1584543231;404646;946;897500;1584543231;404646;-177.7509;99.29531;62.58077;
1584543231;426701;946;918933;1584543231;426701;-177.7509;99.29531;62.58077;
1584543231;512456;947;6106;1584543231;512456;-178.8016;99.99581;63.25549;
1584543231;542780;947;36151;1584543231;542780;-178.8016;99.99581;63.25549;
1584543231;619487;947;112992;1584543231;619487;-178.8016;99.29531;62.58077;
1584543231;646597;947;140310;1584543231;646597;-178.8016;99.29531;62.58077;
1584543231;728492;947;222117;1584543231;728492;-178.8016;99.29531;62.58077;
1584543231;764020;947;257338;1584543231;764020;101.3968;-93.34109;-254.5401;
1584543231;852517;947;344981;1584543231;852517;101.3968;-93.34109;-254.5401;
1584543231;876730;947;368733;1584543231;876730;101.3968;-93.34109;-254.5401;
1584543231;963630;947;457433;1584543231;963630;288.2541;-59.19191;-51.61648;
1584543231;998358;947;491320;1584543231;998358;288.2541;-59.19191;-51.61648;
1584543232;85903;947;578975;1584543232;85903;138.1728;27.84472;87.5456;
1584543232;115712;947;608488;1584543232;115712;138.1728;27.84472;87.5456;
1584543232;136310;947;637588;1584543232;136310;138.1728;27.84472;87.5456;
1584543232;198864;947;692659;1584543232;198864;138.1728;27.84472;87.5456;
1584543232;282807;947;777493;1584543232;282807;-88.78787;116.4575;161.428;
1584543232;314248;947;807364;1584543232;314248;-88.78787;116.4575;161.428;
1584543232;389188;947;881995;1584543232;389188;-81.25754;113.1301;162.2714;
1584543232;416697;947;910023;1584543232;416697;-81.25754;113.1301;162.2714;
1584543232;447971;947;942033;1584543232;447971;-81.43266;113.3052;161.428;
1584543232;525870;948;18904;1584543232;525870;-81.43266;113.3052;161.428;
1584543232;554371;948;52557;1584543232;554371;-81.43266;113.3052;161.428;
1584543232;634633;948;127300;1584543232;634633;-81.60779;114.8813;163.9582;
1584543232;668787;948;161747;1584543232;668787;-81.60779;114.8813;163.9582;
1584543232;757921;948;250617;1584543232;757921;-83.35902;114.8813;164.2956;
1584543232;778904;948;273147;1584543232;778904;-83.35902;114.8813;164.2956;
1584543232;816170;948;309136;1584543232;816170;-83.35902;114.8813;164.2956;
1584543232;893001;948;385720;1584543232;893001;-82.83366;114.0057;164.4643;
1584543232;919505;948;413169;1584543232;919505;-82.83366;114.0057;164.4643;
1584543232;940721;948;433255;1584543232;940721;-82.83366;114.0057;164.4643;
1584543233;24507;948;517800;1584543233;24507;-81.95804;113.8306;163.9582;
1584543233;45309;948;549037;1584543233;45309;-81.95804;113.8306;163.9582;
1584543233;129837;948;623103;1584543233;129837;-81.95804;113.8306;163.9582;
1584543233;178191;948;670116;1584543233;178191;-82.48341;113.6555;162.4401;
1584543233;275110;948;767723;1584543233;275110;-82.48341;113.6555;162.4401;
1584543233;363059;948;856300;1584543233;363059;-82.48341;114.0057;165.139;
