sent.seconds;sent.microseconds;received.seconds;received.microseconds;sampleTimeStamp.seconds;sampleTimeStamp.microseconds;angularVelocityX;angularVelocityY;angularVelocityZ;
1584543153;36460;868;533608;1584543153;36460;0.4882812;0.4882812;0.3662109;
1584543153;133522;868;635174;1584543153;133522;0.4272461;0.4882812;0.6713867;
1584543153;166335;868;659133;1584543153;166335;0.4272461;0.6713867;0.4272461;
1584543153;190946;868;684133;1584543153;190946;0.6713867;0.4882812;0.4882812;
1584543153;212360;868;706103;1584543153;212360;0.4272461;0.5493164;0.3662109;
1584543153;303237;868;797527;1584543153;303237;0.3662109;0.4882812;0.4272461;
1584543153;388415;868;881265;1584543153;388415;0.4272461;0.5493164;0.3662109;
1584543153;409087;868;901908;1584543153;409087;0.4272461;0.5493164;0.3051758;
1584543153;508319;869;5209;1584543153;508319;0.4272461;0.4882812;0.4272461;
1584543153;598779;869;91083;1584543153;598779;0.3051758;0.4272461;0.5493164;
1584543153;630760;869;123995;1584543153;630760;0.5493164;0.5493164;0.1831055;
1584543153;719255;869;219115;1584543153;719255;0.3662109;0.4272461;0.3662109;
1584543153;814144;869;307084;1584543153;814144;0.4272461;0.4272461;0.5493164;
1584543153;904321;869;397013;1584543153;904321;0.3662109;0.3662109;0.4882812;
1584543153;934747;869;427873;1584543153;934747;0.4272461;0.4272461;0.4272461;
1584543154;34035;869;527362;1584543154;34035;0.3662109;0.4882812;0.7324219;
1584543154;115084;869;607408;1584543154;115084;-0.3051758;-0.3051758;0.7324219;
1584543154;140231;869;632482;1584543154;140231;0.3662109;-0.4882812;0.6713867;
1584543154;163956;869;659373;1584543154;163956;0;0;0.2441406;
1584543154;185351;869;677470;1584543154;185351;0.5493164;0.3662109;0.4272461;
1584543154;202621;869;694578;1584543154;202621;0.3662109;0.8544922;0.5493164;
1584543154;219116;869;712777;1584543154;219116;0.6713867;0.3051758;0.4882812;
1584543154;253589;869;745780;1584543154;253589;0.5493164;0.6713867;0.4272461;
1584543154;353855;869;846157;1584543154;353855;0.4882812;0.3662109;0.2441406;
1584543154;370881;869;863177;1584543154;370881;0.4272461;0.3051758;0.3662109;
1584543154;387179;869;879211;1584543154;387179;0.3051758;0.4272461;0.3662109;
1584543154;403164;869;897639;1584543154;403164;0.4272461;0.6713867;0.3051758;
1584543154;422912;869;915102;1584543154;422912;0.4272461;0.3662109;0.3662109;
1584543154;517082;870;9213;1584543154;517082;0.4882812;0.5493164;0.4882812;
1584543154;598930;870;91360;1584543154;598930;0.3051758;0.4272461;0.4882812;
1584543154;616142;870;108356;1584543154;616142;0.4882812;0.6713867;0.5493164;
1584543154;639084;870;131082;1584543154;639084;0.5493164;0.4272461;0.4272461;
1584543154;724757;870;217066;1584543154;724757;0.4272461;0.4882812;0.5493164;
1584543154;748871;870;250658;1584543154;748871;0.4272461;0.4882812;0.3662109;
1584543154;776861;870;269051;1584543154;776861;0.4272461;0.5493164;0.3662109;
1584543154;793578;870;285984;1584543154;793578;0.4272461;0.4882812;0.4272461;
1584543154;809246;870;304809;1584543154;809246;1.586914;2.075195;0.3051758;
1584543154;828755;870;328926;1584543154;828755;2.01416;-1.159668;0.6713867;
1584543154;920781;870;412970;1584543154;920781;-0.9155273;0.9765625;2.807617;
1584543154;963235;870;457532;1584543154;963235;0.7324219;0.9765625;1.403809;
1584543155;42569;870;534580;1584543155;42569;2.929688;0.9765625;5.004883;
1584543155;76735;870;568953;1584543155;76735;1.89209;6.835938;5.249023;
1584543155;152944;870;645402;1584543155;152944;9.094238;-13.67188;4.699707;
1584543155;175901;870;668183;1584543155;175901;-4.272461;15.13672;5.249023;
1584543155;192309;870;684582;1584543155;192309;-1.037598;-0.9765625;9.155273;
1584543155;209861;870;702021;1584543155;209861;-4.821777;-7.385254;4.577637;
1584543155;227176;870;719190;1584543155;227176;3.90625;11.71875;7.141113;
1584543155;253340;870;745547;1584543155;253340;11.65771;-0.9155273;5.493164;
1584543155;395944;870;888118;1584543155;395944;-10.55908;-2.563477;11.71875;
1584543155;412379;870;904511;1584543155;412379;-2.746582;2.990723;5.371094;
1584543155;429307;870;921540;1584543155;429307;6.958008;-11.41357;9.70459;
1584543155;454923;870;947010;1584543155;454923;0.9155273;8.605957;7.141113;
1584543155;498905;870;990887;1584543155;498905;-13.12256;-2.563477;2.807617;
1584543155;592813;871;85286;1584543155;592813;-6.347656;-5.737305;4.333496;
1584543155;672468;871;165001;1584543155;672468;-11.77979;4.638672;-1.89209;
1584543155;700877;871;192962;1584543155;700877;5.981445;-11.2915;2.380371;
1584543155;718627;871;210637;1584543155;718627;-10.00977;20.81299;2.868652;
1584543155;734915;871;229229;1584543155;734915;6.286621;9.399414;1.037598;
1584543155;759296;871;257777;1584543155;759296;13.5498;0.9765625;5.493164;
1584543155;782950;871;274930;1584543155;782950;-15.80811;12.93945;3.479004;
1584543155;871008;871;363043;1584543155;871008;3.723145;-4.699707;1.037598;
1584543155;890507;871;382480;1584543155;890507;4.699707;15.68604;2.685547;
1584543155;912040;871;404192;1584543155;912040;0.2441406;-1.281738;4.02832;
1584543155;928243;871;420469;1584543155;928243;1.037598;-13.73291;-1.037598;
1584543155;957258;871;449511;1584543155;957258;-6.835938;23.68164;4.333496;
1584543156;35937;871;530492;1584543156;35937;-7.324219;25.93994;-0.4882812;
1584543156;120577;871;612905;1584543156;120577;-5.065918;-2.563477;-1.464844;
1584543156;135675;871;628028;1584543156;135675;5.493164;13.85498;5.554199;
1584543156;162496;871;654051;1584543156;162496;-5.92041;-16.17432;-1.281738;
1584543156;183995;871;675879;1584543156;183995;-9.216309;-13.24463;0.3662109;
1584543156;203301;871;706172;1584543156;203301;15.99121;2.563477;2.258301;
1584543156;231595;871;723872;1584543156;231595;-3.173828;9.094238;0.7324219;
1584543156;319476;871;811797;1584543156;319476;-7.995605;-17.08984;0.1220703;
1584543156;336864;871;829028;1584543156;336864;10.37598;7.8125;3.051758;
1584543156;420445;871;912874;1584543156;420445;5.249023;6.286621;2.441406;
1584543156;437445;871;932376;1584543156;437445;-0.4272461;-0.793457;1.464844;
1584543156;463515;871;955696;1584543156;463515;0.2441406;-15.99121;5.126953;
1584543156;565323;872;57583;1584543156;565323;18.55469;4.333496;4.150391;
1584543156;593065;872;85162;1584543156;593065;-8.911133;17.15088;0.9155273;
1584543156;609248;872;102016;1584543156;609248;-0.7324219;43.396;1.647949;
1584543156;634341;872;126340;1584543156;634341;-24.23096;12.93945;-2.502441;
1584543156;652939;872;213588;1584543156;652939;-1.281738;18.49365;2.929688;
1584543156;810654;872;303324;1584543156;810654;-30.63965;10.55908;0.1831055;
1584543156;831435;872;338358;1584543156;831435;28.56445;-30.76172;2.441406;
1584543156;921093;872;414441;1584543156;921093;-44.18945;40.64941;5.126953;
1584543156;942626;872;438635;1584543156;942626;-17.15088;-15.50293;-3.78418;
1584543157;22433;872;515638;1584543157;22433;7.873535;-19.40918;6.469727;
1584543157;49195;872;542397;1584543157;49195;38.39111;-12.57324;6.04248;
1584543157;71746;872;565513;1584543157;71746;28.44238;-23.25439;5.615234;
1584543157;171146;872;664001;1584543157;171146;-29.35791;29.96826;6.164551;
1584543157;271697;872;767317;1584543157;271697;7.568359;-16.96777;3.234863;
1584543157;371293;872;863794;1584543157;371293;-14.83154;-16.54053;-2.075195;
1584543157;561621;873;54292;1584543157;561621;9.338379;-7.080078;-2.746582;
1584543157;605464;873;98633;1584543157;605464;5.737305;-10.92529;0.8544922;
1584543157;701206;873;197734;1584543157;701206;-11.77979;8.117676;1.464844;
1584543157;781936;873;296466;1584543157;781936;-17.82227;10.80322;2.075195;
1584543157;882082;873;396925;1584543157;882082;1.708984;3.90625;4.272461;
1584543157;982009;873;487287;1584543157;982009;10.86426;3.356934;4.089355;
1584543158;82113;873;597948;1584543158;82113;6.530762;-12.87842;4.943848;
1584543158;212546;873;705140;1584543158;212546;0.3051758;15.19775;-0.9155273;
1584543158;308517;873;803233;1584543158;308517;2.197266;18.43262;-20.99609;
1584543158;387373;873;904922;1584543158;387373;19.40918;-4.150391;-25.14648;
1584543158;508207;874;1515;1584543158;508207;30.82275;17.76123;-21.30127;
1584543158;587378;874;102484;1584543158;587378;-2.868652;6.774902;-27.22168;
1584543158;687532;874;203799;1584543158;687532;18.18848;9.277344;-26.18408;
1584543158;787605;874;280513;1584543158;787605;2.746582;-16.29639;-24.53613;
1584543158;882459;874;375091;1584543158;882459;-10.0708;10.98633;-26.48926;
1584543158;982833;874;475725;1584543158;982833;-4.699707;7.629395;-23.80371;
1584543159;82702;874;575396;1584543159;82702;18.18848;-2.563477;-28.9917;
1584543159;183027;874;675890;1584543159;183027;-8.789062;5.371094;-19.65332;
1584543159;282767;874;775052;1584543159;282767;-11.90186;-13.06152;-21.42334;
1584543159;383058;874;875991;1584543159;383058;37.10938;1.098633;-15.31982;
1584543159;497632;874;991267;1584543159;497632;6.04248;13.18359;-17.15088;
1584543159;598622;875;92192;1584543159;598622;-11.04736;10.31494;-17.63916;
1584543159;698719;875;192256;1584543159;698719;-20.99609;8.972168;-17.33398;
1584543159;793977;875;286274;1584543159;793977;-23.31543;14.22119;-23.62061;
1584543159;898766;875;392131;1584543159;898766;1.342773;2.197266;-14.77051;
1584543159;996966;875;492682;1584543159;996966;27.34375;0.9765625;-18.67676;
1584543160;98854;875;593104;1584543160;98854;9.82666;10.74219;-21.48438;
1584543160;199033;875;692696;1584543160;199033;7.202148;-6.408691;-27.46582;
1584543160;288595;875;788535;1584543160;288595;-13.91602;2.624512;-37.78076;
1584543160;383704;875;876617;1584543160;383704;-11.16943;20.87402;-36.9873;
1584543160;404922;875;898326;1584543160;404922;-11.77979;-7.568359;-47.66846;
1584543160;584005;876;76806;1584543160;584005;27.03857;3.662109;-44.43359;
1584543160;613392;876;113884;1584543160;613392;19.53125;-0.4272461;-45.89844;
1584543160;708553;876;201386;1584543160;708553;2.441406;13.73291;-48.0957;
1584543160;743388;876;236187;1584543160;743388;0.793457;-0.6713867;-46.75293;
1584543160;766157;876;258736;1584543160;766157;12.02393;-8.422852;-47.60742;
1584543160;791249;876;293659;1584543160;791249;-7.873535;20.69092;-47.30225;
1584543160;884135;876;377013;1584543160;884135;6.04248;8.728027;-49.98779;
1584543160;915104;876;414587;1584543160;915104;-30.57861;-6.469727;-50.90332;
1584543161;13511;876;507135;1584543161;13511;13.30566;5.79834;-42.78564;
1584543161;111996;876;605158;1584543161;111996;4.02832;3.356934;-45.95947;
1584543161;204231;876;697409;1584543161;204231;9.460449;-11.2915;-46.08154;
1584543161;304303;876;797359;1584543161;304303;-12.93945;21.24023;-31.43311;
1584543161;327540;876;843209;1584543161;327540;-15.31982;-2.746582;-35.7666;
1584543161;428296;876;926767;1584543161;428296;4.394531;10.74219;-14.70947;
1584543161;514595;877;7149;1584543161;514595;-13.85498;-21.30127;-12.87842;
1584543161;609349;877;102368;1584543161;609349;-13.5498;7.080078;-11.1084;
1584543161;651508;877;144500;1584543161;651508;-21.24023;-11.59668;-9.216309;
1584543161;724244;877;220424;1584543161;724244;7.507324;6.713867;13.42773;
1584543161;814931;877;308644;1584543161;814931;17.21191;2.746582;23.13232;
1584543161;910046;877;403235;1584543161;910046;-3.90625;3.967285;7.507324;
1584543161;942578;877;439330;1584543161;942578;-2.13623;-5.065918;5.67627;
1584543162;24476;877;518041;1584543162;24476;-9.277344;5.187988;0.4882812;
1584543162;115066;877;608342;1584543162;115066;4.821777;9.58252;2.929688;
1584543162;146445;877;643747;1584543162;146445;8.972168;-7.69043;2.380371;
1584543162;226528;877;719362;1584543162;226528;-2.13623;-10.55908;9.399414;
1584543162;315424;877;808757;1584543162;315424;-35.88867;-3.540039;-2.441406;
1584543162;349011;877;844776;1584543162;349011;-25.32959;-7.263184;7.507324;
1584543162;425310;877;918268;1584543162;425310;-8.544922;-8.789062;3.234863;
1584543162;524252;878;17539;1584543162;524252;2.13623;-5.79834;2.868652;
1584543162;561390;878;53982;1584543162;561390;17.8833;8.483887;5.126953;
1584543162;645394;878;148590;1584543162;645394;-1.89209;-0.2441406;3.601074;
1584543162;730752;878;227134;1584543162;730752;21.85059;-10.55908;6.835938;
1584543162;820080;878;313511;1584543162;820080;15.31982;1.708984;1.708984;
1584543162;846686;878;349275;1584543162;846686;5.187988;-0.9155273;-2.01416;
1584543162;930600;878;423232;1584543162;930600;-3.417969;2.807617;-1.586914;
1584543162;967329;878;460117;1584543162;967329;0.2441406;4.760742;-3.601074;
1584543163;44518;878;538206;1584543163;44518;-10.25391;10.43701;-1.464844;
1584543163;130652;878;623275;1584543163;130652;7.507324;2.685547;-2.807617;
1584543163;220606;878;714056;1584543163;220606;5.554199;-1.647949;5.79834;
1584543163;245648;878;738807;1584543163;245648;0.7324219;-8.300781;2.01416;
1584543163;330864;878;823649;1584543163;330864;-13.00049;-3.417969;2.868652;
1584543163;367188;878;860227;1584543163;367188;-10.80322;0.6103516;0.5493164;
1584543163;443650;878;937420;1584543163;443650;-12.39014;-1.281738;2.929688;
1584543163;540657;879;33947;1584543163;540657;23.19336;2.990723;4.882812;
1584543163;631664;879;124401;1584543163;631664;11.16943;0.2441406;2.502441;
1584543163;657570;879;159227;1584543163;657570;13.48877;-1.220703;1.831055;
1584543163;740824;879;234941;1584543163;740824;23.07129;9.399414;-1.464844;
1584543163;777044;879;269803;1584543163;777044;17.33398;5.554199;0.1220703;
1584543163;871060;879;363218;1584543163;871060;23.13232;1.159668;1.098633;
1584543163;961172;879;461534;1584543163;961172;22.82715;17.45605;-0.1831055;
1584543164;41432;879;534219;1584543164;41432;-22.27783;0.9765625;4.577637;
1584543164;76375;879;569820;1584543164;76375;-28.07617;-0.06103516;4.699707;
1584543164;162300;879;654594;1584543164;162300;-2.319336;11.90186;5.432129;
1584543164;278926;879;771830;1584543164;278926;-10.13184;3.417969;8.483887;
1584543164;361953;879;855295;1584543164;361953;14.64844;4.333496;6.04248;
1584543164;460755;879;980187;1584543164;460755;7.080078;-1.708984;2.685547;
1584543164;567086;880;59406;1584543164;567086;3.356934;4.272461;0.6713867;
1584543164;656910;880;150365;1584543164;656910;25.26855;1.403809;5.371094;
1584543164;701642;880;194891;1584543164;701642;6.286621;-4.882812;2.807617;
1584543164;777112;880;270074;1584543164;777112;29.90723;11.16943;-3.601074;
1584543164;872319;880;365968;1584543164;872319;39.61182;18.55469;-2.13623;
1584543164;962044;880;455304;1584543164;962044;-14.64844;-9.58252;-9.70459;
1584543165;62046;880;554649;1584543165;62046;16.6626;9.033203;-10.31494;
1584543165;103162;880;597501;1584543165;103162;26.79443;22.46094;-0.3051758;
1584543165;204594;880;697803;1584543165;204594;28.74756;-5.310059;-1.098633;
1584543165;289102;880;781666;1584543165;289102;0;26.18408;-3.479004;
1584543165;378021;880;871546;1584543165;378021;7.141113;3.234863;-2.929688;
1584543165;491671;880;984914;1584543165;491671;-13.48877;2.502441;-2.929688;
1584543165;587354;881;80644;1584543165;587354;-3.90625;-2.807617;-1.586914;
1584543165;673134;881;169836;1584543165;673134;10.25391;17.21191;-1.098633;
1584543165;698279;881;200186;1584543165;698279;4.272461;-11.84082;0.6713867;
1584543165;783703;881;276716;1584543165;783703;5.371094;9.82666;-3.479004;
1584543165;888137;881;381011;1584543165;888137;0.793457;3.479004;-1.403809;
1584543165;987950;881;481213;1584543165;987950;-30.45654;56.39648;-0.4272461;
1584543166;78182;881;573423;1584543166;78182;-0.06103516;-16.72363;4.02832;
1584543166;178479;881;674675;1584543166;178479;-5.310059;2.929688;-3.601074;
1584543166;278382;881;774161;1584543166;278382;-23.68164;9.765625;0.1831055;
1584543166;368021;881;861205;1584543166;368021;12.93945;-1.525879;-3.295898;
1584543166;458806;881;951808;1584543166;458806;-9.338379;-2.319336;-2.197266;
1584543166;498385;881;990679;1584543166;498385;4.760742;-19.53125;-0.9765625;
1584543166;594369;882;87865;1584543166;594369;14.83154;7.141113;-3.234863;
1584543166;686797;882;179672;1584543166;686797;-17.76123;-9.58252;-7.202148;
1584543166;712051;882;223168;1584543166;712051;-4.150391;4.516602;-6.408691;
1584543166;803574;882;300562;1584543166;803574;-19.28711;-11.59668;-12.75635;
1584543166;904063;882;400341;1584543166;904063;-11.65771;2.075195;-7.080078;
1584543166;935636;882;428134;1584543166;935636;-1.525879;6.835938;-4.943848;
1584543166;959058;882;451753;1584543166;959058;-6.713867;0.9155273;-4.516602;
1584543166;980691;882;473158;1584543166;980691;8.850098;13.97705;-6.774902;
1584543167;67698;882;560415;1584543167;67698;18.49365;-3.417969;-1.342773;
1584543167;98706;882;591943;1584543167;98706;13.5498;-0.793457;-3.662109;
1584543167;178679;882;684214;1584543167;178679;-15.74707;-5.859375;-2.075195;
1584543167;273603;882;766384;1584543167;273603;-18.73779;-8.056641;-0.2441406;
1584543167;304459;882;801729;1584543167;304459;-12.69531;24.29199;-0.6103516;
1584543167;399357;882;892839;1584543167;399357;14.16016;-35.03418;-0.5493164;
1584543167;431765;882;925315;1584543167;431765;7.995605;-10.92529;-0.3662109;
1584543167;513125;883;6396;1584543167;513125;-5.493164;-7.141113;-2.685547;
1584543167;599984;883;93136;1584543167;599984;7.629395;-3.112793;-2.685547;
1584543167;634868;883;128563;1584543167;634868;5.737305;-3.051758;-3.112793;
1584543167;656890;883;149678;1584543167;656890;-10.13184;-3.662109;-5.67627;
1584543167;677392;883;170823;1584543167;677392;18.79883;11.04736;5.126953;
1584543167;707934;883;203877;1584543167;707934;-6.103516;8.666992;-18.31055;
1584543167;808688;883;304608;1584543167;808688;-15.625;-4.760742;-33.93555;
1584543167;839881;883;333105;1584543167;839881;-4.638672;-19.77539;-36.86523;
1584543167;919389;883;412730;1584543167;919389;7.141113;6.835938;-35.5835;
1584543168;20369;883;513650;1584543168;20369;1.831055;-9.460449;-32.83691;
1584543168;51521;883;544263;1584543168;51521;11.59668;8.239746;-33.44727;
1584543168;72662;883;565509;1584543168;72662;2.990723;-7.751465;-39.61182;
1584543168;92471;883;585010;1584543168;92471;13.42773;23.55957;-30.15137;
1584543168;174978;883;667748;1584543168;174978;8.483887;19.83643;-36.8042;
1584543168;195525;883;688281;1584543168;195525;0.9765625;15.74707;-33.14209;
1584543168;279834;883;773218;1584543168;279834;-1.037598;-1.77002;-37.17041;
1584543168;301215;883;797253;1584543168;301215;6.286621;6.958008;-39.00146;
1584543168;397201;883;891249;1584543168;397201;-6.164551;20.26367;-36.25488;
1584543168;484793;883;977546;1584543168;484793;14.52637;5.065918;-41.07666;
1584543168;508282;884;1754;1584543168;508282;7.507324;5.92041;-40.71045;
1584543168;608314;884;101433;1584543168;608314;1.586914;6.835938;-35.15625;
1584543168;634158;884;134494;1584543168;634158;5.371094;9.70459;-36.25488;
1584543168;728353;884;221563;1584543168;728353;2.075195;-0.3662109;-40.34424;
1584543168;829184;884;322947;1584543168;829184;1.403809;4.699707;-37.53662;
1584543168;924834;884;417301;1584543168;924834;9.399414;13.30566;-42.5415;
1584543169;28669;884;522124;1584543169;28669;2.380371;-12.69531;-46.20361;
1584543169;116505;884;611379;1584543169;116505;0;-9.277344;-47.72949;
1584543169;156346;884;649722;1584543169;156346;11.2915;7.507324;-45.77637;
1584543169;235498;884;728705;1584543169;235498;-11.71875;0;-55.05371;
1584543169;267606;884;760333;1584543169;267606;-6.652832;-3.78418;-46.14258;
1584543169;292341;884;785388;1584543169;292341;7.93457;11.59668;-47.72949;
1584543169;385016;884;877905;1584543169;385016;13.79395;-5.065918;-7.141113;
1584543169;489932;884;983213;1584543169;489932;-5.92041;-8.300781;-7.629395;
1584543169;510436;885;6930;1584543169;510436;7.385254;4.699707;-6.591797;
1584543169;605192;885;97971;1584543169;605192;3.234863;9.70459;-7.141113;
1584543169;637323;885;130213;1584543169;637323;7.080078;-2.929688;0;
1584543169;738563;885;232313;1584543169;738563;-15.38086;-5.981445;-4.882812;
1584543169;830367;885;325688;1584543169;830367;0.1831055;-19.47021;-14.09912;
1584543169;919946;885;415534;1584543169;919946;-12.02393;6.408691;-15.44189;
1584543169;956254;885;449818;1584543169;956254;-8.239746;16.05225;-13.79395;
1584543170;39831;885;532404;1584543170;39831;8.239746;0.06103516;-5.187988;
1584543170;127746;885;619569;1584543170;127746;-4.577637;-10.31494;-5.432129;
1584543170;160415;885;654213;1584543170;160415;15.01465;-6.164551;-1.098633;
1584543170;240080;885;733605;1584543170;240080;5.187988;-14.70947;-3.662109;
1584543170;323830;885;819130;1584543170;323830;-20.08057;6.652832;-2.01416;
1584543170;361598;885;854923;1584543170;361598;-1.708984;-8.056641;-3.051758;
1584543170;436366;885;933857;1584543170;436366;-12.26807;5.187988;-5.79834;
1584543170;468522;885;962428;1584543170;468522;23.80371;-15.31982;-3.356934;
1584543170;489647;885;983067;1584543170;489647;-24.29199;10.55908;-2.746582;
1584543170;510977;886;3892;1584543170;510977;16.05225;-6.530762;-4.821777;
1584543170;641342;886;134033;1584543170;641342;15.01465;-15.01465;-24.4751;
1584543170;736263;886;233900;1584543170;736263;-7.995605;-0.8544922;-10.43701;
1584543170;833609;886;326674;1584543170;833609;28.13721;-7.69043;-3.723145;
1584543170;916276;886;409140;1584543170;916276;-12.20703;13.61084;-6.652832;
1584543170;950588;886;443205;1584543170;950588;0.1220703;-12.69531;-7.995605;
1584543171;39161;886;535985;1584543171;39161;2.380371;-6.164551;-11.04736;
1584543171;72906;886;566034;1584543171;72906;16.47949;-4.272461;-6.713867;
1584543171;156204;886;652942;1584543171;156204;25.08545;-5.432129;-9.399414;
1584543171;193625;886;686011;1584543171;193625;25.6958;7.507324;-2.502441;
1584543171;276261;886;768816;1584543171;276261;-12.26807;-11.84082;-9.460449;
1584543171;356999;886;853954;1584543171;356999;7.751465;-1.831055;-7.263184;
1584543171;396140;886;889325;1584543171;396140;26.48926;23.62061;-0.6103516;
1584543171;491706;886;984948;1584543171;491706;3.356934;0.4882812;-12.20703;
1584543171;514608;887;7172;1584543171;514608;2.01416;7.141113;-3.845215;
1584543171;601966;887;94207;1584543171;601966;9.765625;-11.1084;-4.089355;
1584543171;621458;887;114297;1584543171;621458;24.90234;-8.911133;-0.6713867;
1584543171;706901;887;200095;1584543171;706901;-8.911133;-3.78418;-4.089355;
1584543171;726698;887;220179;1584543171;726698;-1.403809;-1.220703;-4.455566;
1584543171;812009;887;305323;1584543171;812009;-18.49365;3.845215;-2.563477;
1584543171;838509;887;331640;1584543171;838509;-15.80811;-1.159668;-2.746582;
1584543171;911958;887;405331;1584543171;911958;-0.8544922;3.173828;-0.2441406;
1584543171;942030;887;435193;1584543171;942030;2.807617;2.319336;0.6713867;
1584543171;972181;887;474036;1584543171;972181;0.793457;9.82666;-2.929688;
1584543172;56961;887;549838;1584543172;56961;-13.12256;8.300781;-4.211426;
1584543172;156781;887;649618;1584543172;156781;-9.643555;0.4272461;-5.371094;
1584543172;252761;887;746065;1584543172;252761;-20.81299;9.887695;-6.469727;
1584543172;292767;887;785758;1584543172;292767;-10.0708;-18.12744;-7.507324;
1584543172;367708;887;866749;1584543172;367708;30.0293;-2.441406;-2.685547;
1584543172;491006;887;985655;1584543172;491006;-26.7334;10.80322;-4.882812;
1584543172;567896;888;61109;1584543172;567896;-9.58252;-13.06152;-5.432129;
1584543172;662642;888;155310;1584543172;662642;3.295898;-19.47021;-2.990723;
1584543172;758957;888;252257;1584543172;758957;-13.5498;-2.258301;-4.943848;
1584543172;796693;888;290126;1584543172;796693;-13.73291;15.625;-1.586914;
1584543172;882064;888;378577;1584543172;882064;-1.77002;13.91602;-1.831055;
1584543172;967780;888;460908;1584543172;967780;-0.06103516;-7.080078;-2.197266;
1584543173;60371;888;553179;1584543173;60371;-17.02881;-3.662109;-1.464844;
1584543173;157401;888;650644;1584543173;157401;-31.37207;3.173828;19.77539;
1584543173;198745;888;691801;1584543173;198745;-15.80811;1.098633;32.04346;
1584543173;272760;888;769259;1584543173;272760;-13.97705;23.98682;54.80957;
1584543173;389864;888;886501;1584543173;389864;-21.11816;9.216309;19.104;
1584543173;473962;888;969239;1584543173;473962;-21.91162;0.9155273;-2.258301;
1584543173;506305;888;999813;1584543173;506305;-9.765625;-9.82666;-1.708984;
1584543173;583500;889;76455;1584543173;583500;18.85986;6.347656;8.483887;
1584543173;620378;889;113646;1584543173;620378;11.84082;7.8125;2.746582;
1584543173;705496;889;199340;1584543173;705496;8.605957;11.53564;3.662109;
1584543173;728079;889;220985;1584543173;728079;-9.58252;8.544922;1.220703;
1584543173;754338;889;246661;1584543173;754338;13.24463;-18.61572;-2.563477;
1584543173;833377;889;326175;1584543173;833377;6.530762;-0.1220703;-4.394531;
1584543173;859956;889;354697;1584543173;859956;-0.4272461;13.5498;-13.85498;
1584543173;885993;889;386932;1584543173;885993;6.164551;6.286621;-21.54541;
1584543173;974412;889;468264;1584543173;974412;6.713867;5.004883;-15.86914;
1584543174;68788;889;565910;1584543174;68788;2.502441;12.63428;-4.211426;
1584543174;171235;889;665106;1584543174;171235;5.371094;-1.159668;-25.57373;
1584543174;262090;889;754354;1584543174;262090;8.422852;-4.211426;-33.75244;
1584543174;361376;889;855115;1584543174;361376;4.699707;2.258301;-34.36279;
1584543174;443878;889;937351;1584543174;443878;4.02832;3.90625;-32.53174;
1584543174;471834;889;967916;1584543174;471834;1.403809;5.67627;-35.40039;
1584543174;564986;890;57792;1584543174;564986;-13.3667;-24.23096;-26.48926;
1584543174;600525;890;93815;1584543174;600525;-9.277344;-6.225586;-26.18408;
1584543174;701994;890;203822;1584543174;701994;-3.356934;6.958008;-30.94482;
1584543174;801150;890;303136;1584543174;801150;2.868652;2.319336;-26.85547;
1584543174;903780;890;404552;1584543174;903780;-3.540039;-15.07568;-36.07178;
1584543175;2055;890;494624;1584543175;2055;-8.911133;-1.953125;-36.07178;
1584543175;89447;890;582213;1584543175;89447;0.3051758;2.502441;-36.9873;
1584543175;184288;890;678838;1584543175;184288;3.295898;-9.521484;-14.03809;
1584543175;210099;890;713257;1584543175;210099;0.793457;-7.385254;-11.41357;
1584543175;310071;890;810416;1584543175;310071;3.662109;-4.394531;-8.178711;
1584543175;340577;890;832976;1584543175;340577;7.507324;0.1220703;-6.896973;
1584543175;384501;890;877308;1584543175;384501;-6.164551;-1.159668;-3.967285;
1584543175;468153;890;960658;1584543175;468153;12.51221;11.16943;-4.455566;
1584543175;500596;890;998679;1584543175;500596;13.00049;6.164551;-2.075195;
1584543175;590328;891;83023;1584543175;590328;-0.9155273;10.13184;-25.20752;
1584543175;627035;891;119339;1584543175;627035;14.52637;10.0708;-28.50342;
1584543175;710240;891;202651;1584543175;710240;-12.81738;5.615234;-31.67725;
1584543175;739690;891;232913;1584543175;739690;-4.333496;6.103516;-30.39551;
1584543175;760382;891;256756;1584543175;760382;16.35742;-5.92041;-22.33887;
1584543175;784309;891;277807;1584543175;784309;-12.146;4.516602;-16.11328;
1584543175;875313;891;367809;1584543175;875313;2.746582;5.371094;-8.178711;
1584543175;972027;891;464821;1584543175;972027;21.42334;-3.967285;-5.065918;
1584543176;8171;891;501077;1584543176;8171;19.71436;9.82666;-6.652832;
1584543176;108103;891;605623;1584543176;108103;-6.469727;-15.44189;-5.187988;
1584543176;194630;891;688166;1584543176;194630;29.11377;-9.94873;-6.896973;
1584543176;219519;891;718856;1584543176;219519;23.07129;-16.72363;-7.385254;
1584543176;310525;891;804335;1584543176;310525;-2.197266;-3.540039;-32.16553;
1584543176;395552;891;888975;1584543176;395552;-0.3662109;11.77979;-36.19385;
1584543176;420084;891;913445;1584543176;420084;7.629395;7.629395;-41.56494;
1584543176;511555;892;5808;1584543176;511555;3.234863;5.554199;-25.81787;
1584543176;595350;892;88274;1584543176;595350;4.882812;22.09473;-23.62061;
1584543176;625272;892;134231;1584543176;625272;-2.319336;28.25928;-27.83203;
1584543176;726963;892;225646;1584543176;726963;-13.97705;-9.887695;-49.98779;
1584543176;822245;892;315310;1584543176;822245;1.586914;-0.9765625;-44.25049;
1584543176;852294;892;345475;1584543176;852294;1.159668;28.44238;-48.40088;
1584543176;876767;892;370125;1584543176;876767;1.098633;17.33398;-46.69189;
1584543176;908806;892;407804;1584543176;908806;3.295898;-36.62109;-50.10986;
1584543177;5393;892;506761;1584543177;5393;-0.3051758;-13.79395;-48.58398;
1584543177;100313;892;593165;1584543177;100313;3.295898;-4.638672;-52.79541;
1584543177;180867;892;674131;1584543177;180867;-17.15088;13.91602;-48.15674;
1584543177;210395;892;709708;1584543177;210395;2.258301;14.4043;-46.69189;
1584543177;305065;892;798496;1584543177;305065;4.089355;0.6713867;-33.44727;
1584543177;390401;892;882878;1584543177;390401;11.2915;21.42334;-6.530762;
1584543177;419760;892;913690;1584543177;419760;13.61084;11.84082;-4.272461;
1584543177;495786;892;988661;1584543177;495786;7.324219;-3.112793;-23.4375;
1584543177;529583;893;22835;1584543177;529583;9.155273;32.04346;-27.83203;
1584543177;622445;893;115832;1584543177;622445;-7.568359;-6.774902;-33.93555;
1584543177;651721;893;144815;1584543177;651721;-7.080078;4.089355;-26.85547;
1584543177;673093;893;168673;1584543177;673093;0.7324219;5.92041;-31.00586;
1584543177;755415;893;248262;1584543177;755415;7.141113;9.399414;-9.70459;
1584543177;781937;893;274524;1584543177;781937;0.06103516;20.56885;-11.59668;
1584543177;870558;893;368884;1584543177;870558;-16.17432;-9.70459;-13.06152;
1584543177;961149;893;454439;1584543177;961149;5.432129;15.19775;-35.40039;
1584543177;994263;893;488130;1584543177;994263;13.30566;4.333496;-38.26904;
1584543178;71728;893;565006;1584543178;71728;2.746582;-9.399414;-31.49414;
1584543178;106760;893;600996;1584543178;106760;-2.563477;-4.638672;-21.54541;
1584543178;191508;893;684832;1584543178;191508;14.09912;-9.82666;-4.272461;
1584543178;230897;893;722605;1584543178;230897;5.981445;-11.53564;-5.187988;
1584543178;311707;893;804246;1584543178;311707;-8.483887;2.197266;-32.16553;
1584543178;402068;893;894313;1584543178;402068;-25.6958;-4.943848;-45.71533;
1584543178;421367;893;921021;1584543178;421367;10.0708;0.4272461;-44.31152;
1584543178;456471;893;949725;1584543178;456471;19.16504;-35.7666;-43.27393;
1584543178;537010;894;29696;1584543178;537010;42.5415;4.150391;-16.23535;
1584543178;626922;894;122224;1584543178;626922;-32.83691;2.746582;-5.126953;
1584543178;661975;894;154955;1584543178;661975;34.85107;-5.737305;-3.417969;
1584543178;687434;894;188435;1584543178;687434;-21.85059;7.324219;-4.211426;
1584543178;772133;894;265121;1584543178;772133;31.12793;-7.93457;0.4272461;
1584543178;804139;894;297512;1584543178;804139;4.699707;33.75244;5.126953;
1584543178;826350;894;325105;1584543178;826350;9.399414;35.03418;4.577637;
1584543178;911908;894;405245;1584543178;911908;15.74707;20.38574;2.441406;
1584543178;939672;894;432904;1584543178;939672;-10.13184;-24.23096;-5.004883;
1584543179;22211;894;515790;1584543179;22211;22.70508;5.432129;2.441406;
1584543179;61615;894;555228;1584543179;61615;-12.3291;-11.41357;-7.080078;
1584543179;143147;894;636460;1584543179;143147;-7.202148;1.281738;-9.765625;
1584543179;174396;894;666746;1584543179;174396;14.28223;4.150391;-6.286621;
1584543179;261519;894;755623;1584543179;261519;-1.89209;-1.586914;0.4272461;
1584543179;288785;894;782162;1584543179;288785;8.361816;9.399414;-0.793457;
1584543179;386644;894;878724;1584543179;386644;-2.929688;-27.09961;-8.117676;
1584543179;411452;894;904670;1584543179;411452;4.699707;33.20312;1.342773;
1584543179;432881;894;925303;1584543179;432881;-9.82666;23.37646;-6.958008;
1584543179;523173;895;16716;1584543179;523173;-1.77002;36.62109;-4.272461;
1584543179;544219;895;54432;1584543179;544219;-4.089355;-17.76123;0;
1584543179;642507;895;136279;1584543179;642507;1.708984;17.63916;-2.502441;
1584543179;737499;895;230455;1584543179;737499;9.94873;12.63428;-4.272461;
1584543179;770872;895;263144;1584543179;770872;-11.1084;-8.911133;-2.807617;
1584543179;876919;895;369772;1584543179;876919;5.371094;13.42773;-4.760742;
1584543179;902744;895;395094;1584543179;902744;-3.479004;-1.708984;-7.019043;
1584543179;923540;895;416777;1584543179;923540;-2.258301;-9.399414;-8.911133;
1584543180;7918;895;501273;1584543180;7918;12.69531;-55.41992;-1.342773;
1584543180;30612;895;523953;1584543180;30612;-3.479004;61.15723;-4.760742;
1584543180;51608;895;553860;1584543180;51608;-3.234863;-2.01416;-4.02832;
1584543180;138189;895;631102;1584543180;138189;1.525879;-4.638672;-4.638672;
1584543180;228054;895;721153;1584543180;228054;-3.173828;27.22168;-4.455566;
1584543180;249079;895;741509;1584543180;249079;4.211426;-2.13623;-1.953125;
1584543180;337643;895;830391;1584543180;337643;30.27344;14.22119;-1.77002;
1584543180;394074;895;888231;1584543180;394074;-26.12305;-3.601074;-6.103516;
1584543180;494489;895;988098;1584543180;494489;8.056641;6.347656;2.380371;
1584543180;518431;896;11759;1584543180;518431;2.380371;-22.15576;-5.187988;
1584543180;540053;896;32859;1584543180;540053;-15.25879;-22.88818;-4.333496;
1584543180;628274;896;121181;1584543180;628274;9.765625;-2.685547;-1.220703;
1584543180;647786;896;141358;1584543180;647786;3.540039;7.263184;0.06103516;
1584543180;733320;896;226410;1584543180;733320;20.1416;6.591797;0.1831055;
1584543180;755235;896;252554;1584543180;755235;16.72363;-0.9155273;-7.141113;
1584543180;853507;896;346218;1584543180;853507;19.16504;-0.5493164;-4.089355;
1584543180;948323;896;442062;1584543180;948323;-12.26807;-1.342773;-3.234863;
1584543180;996535;896;489636;1584543180;996535;47.60742;-18.06641;0.4882812;
1584543181;97959;896;590509;1584543181;97959;-43.09082;14.34326;-2.929688;
1584543181;119566;896;612757;1584543181;119566;-37.29248;10.31494;-0.4272461;
1584543181;140187;896;633053;1584543181;140187;-7.629395;-2.441406;-3.845215;
1584543181;162152;896;670224;1584543181;162152;-15.13672;12.146;-1.647949;
1584543181;267520;896;778681;1584543181;267520;40.1001;-4.699707;18.24951;
1584543181;398593;896;890773;1584543181;398593;0.8544922;-21.66748;20.75195;
1584543181;498776;896;991909;1584543181;498776;-22.52197;19.53125;23.92578;
1584543181;598063;897;92117;1584543181;598063;-39.18457;37.8418;20.50781;
1584543181;682847;897;190418;1584543181;682847;19.77539;-4.394531;22.33887;
1584543181;772833;897;269778;1584543181;772833;28.68652;-37.17041;24.04785;
1584543181;869329;897;385245;1584543181;869329;-4.02832;-0.2441406;11.04736;
1584543181;968907;897;462040;1584543181;968907;-42.48047;59.08203;11.2915;
1584543182;69424;897;562696;1584543182;69424;8.178711;5.065918;7.93457;
1584543182;177390;897;692298;1584543182;177390;-28.74756;5.310059;2.502441;
1584543182;277171;897;792420;1584543182;277171;20.1416;-1.342773;1.220703;
1584543182;408000;897;901007;1584543182;408000;23.31543;1.831055;-5.004883;
1584543182;430074;897;923105;1584543182;430074;20.69092;-4.699707;-7.080078;
1584543182;450400;897;942971;1584543182;450400;14.52637;5.249023;-6.103516;
1584543182;490962;897;984257;1584543182;490962;5.187988;-14.03809;-3.295898;
1584543182;570387;898;74338;1584543182;570387;37.23145;-3.112793;2.258301;
1584543182;669416;898;162153;1584543182;669416;11.35254;-10.00977;7.141113;
1584543182;770137;898;263084;1584543182;770137;-11.2915;26.36719;2.441406;
1584543182;870349;898;363291;1584543182;870349;3.90625;4.882812;1.220703;
1584543182;970026;898;463050;1584543182;970026;29.29688;-2.807617;3.112793;
1584543183;75071;898;572537;1584543183;75071;10.31494;-10.80322;-1.403809;
1584543183;175199;898;678299;1584543183;175199;-5.92041;-12.45117;-1.403809;
1584543183;275254;898;775639;1584543183;275254;-14.52637;5.859375;1.403809;
1584543183;385191;898;889996;1584543183;385191;6.04248;0.3662109;12.75635;
1584543183;492734;898;992034;1584543183;492734;4.821777;-21.72852;17.33398;
1584543183;591522;899;85720;1584543183;591522;11.1084;-23.01025;17.76123;
1584543183;680319;899;185911;1584543183;680319;23.74268;-7.751465;22.27783;
1584543183;780507;899;273605;1584543183;780507;-13.67188;-3.845215;19.47021;
1584543183;890080;899;384847;1584543183;890080;20.56885;-5.981445;17.51709;
1584543183;975444;899;469337;1584543183;975444;-23.13232;-17.27295;17.02881;
1584543184;75862;899;568978;1584543184;75862;6.408691;-0.9155273;22.82715;
1584543184;172015;899;665608;1584543184;172015;-15.625;10.55908;18.55469;
1584543184;204160;899;701523;1584543184;204160;-22.15576;-12.81738;17.08984;
1584543184;292351;899;802231;1584543184;292351;17.02881;-0.1831055;22.15576;
1584543184;385621;899;877855;1584543184;385621;1.220703;9.155273;7.69043;
1584543184;413227;899;908708;1584543184;413227;-16.78467;20.56885;4.577637;
1584543184;491969;899;984166;1584543184;491969;-31.61621;-6.774902;-8.239746;
1584543184;524555;900;17168;1584543184;524555;-10.74219;-4.943848;-13.79395;
1584543184;541552;900;33865;1584543184;541552;-2.929688;-3.479004;-18.61572;
1584543184;560776;900;53024;1584543184;560776;5.493164;-0.1831055;-33.93555;
1584543184;586295;900;78404;1584543184;586295;-8.361816;8.666992;-41.74805;
1584543184;606733;900;108757;1584543184;606733;0.1220703;1.037598;-44.06738;
1584543184;686593;900;184426;1584543184;686593;4.699707;0.8544922;-53.4668;
1584543184;722217;900;214906;1584543184;722217;13.00049;-12.20703;-52.00195;
1584543184;740754;900;233055;1584543184;740754;-2.624512;12.20703;-47.9126;
1584543184;756307;900;248655;1584543184;756307;-15.74707;-1.464844;-53.22266;
1584543184;774283;900;268379;1584543184;774283;3.662109;-13.00049;-50.354;
1584543184;807213;900;299220;1584543184;807213;6.408691;-4.02832;-50.1709;
1584543184;890832;900;382877;1584543184;890832;3.295898;-8.178711;-51.26953;
1584543184;916730;900;412906;1584543184;916730;15.68604;9.277344;-52.4292;
1584543184;944892;900;437187;1584543184;944892;14.03809;-19.83643;-51.51367;
1584543184;961902;900;454035;1584543184;961902;-13.06152;0.6103516;-46.14258;
1584543184;978796;900;471696;1584543184;978796;3.112793;2.01416;-49.92676;
1584543185;157;900;493316;1584543185;157;4.760742;17.21191;-49.80469;
1584543185;82430;900;575085;1584543185;82430;-7.873535;18.06641;-47.60742;
1584543185;120021;900;617852;1584543185;120021;-5.493164;-1.89209;-50.96436;
1584543185;201959;900;694747;1584543185;201959;16.11328;18.37158;-51.26953;
1584543185;244331;900;736533;1584543185;244331;6.04248;6.225586;-49.92676;
1584543185;320215;900;812435;1584543185;320215;-3.234863;-2.868652;-51.63574;
1584543185;347499;900;839801;1584543185;347499;-0.6713867;4.02832;-48.33984;
1584543185;376693;900;868983;1584543185;376693;10.19287;10.37598;-44.18945;
1584543185;394716;900;886710;1584543185;394716;8.239746;-1.037598;-54.93164;
1584543185;466929;900;958632;1584543185;466929;2.258301;14.83154;-49.92676;
1584543185;479986;900;971720;1584543185;479986;0.4272461;-14.4043;-49.43848;
1584543185;503286;900;996004;1584543185;503286;7.69043;18.37158;-49.74365;
1584543185;607079;901;99214;1584543185;607079;-11.1084;-9.033203;-43.33496;
1584543185;686864;901;179417;1584543185;686864;13.00049;-9.277344;-5.004883;
1584543185;725983;901;218588;1584543185;725983;18.00537;9.155273;-4.394531;
1584543185;867020;901;359117;1584543185;867020;12.69531;-17.15088;-1.464844;
1584543185;881303;901;377177;1584543185;881303;-1.831055;3.173828;-2.502441;
1584543185;903506;901;402694;1584543185;903506;-4.211426;11.65771;-2.624512;
1584543185;997642;901;489956;1584543185;997642;-2.258301;-12.69531;-7.873535;
1584543186;92309;901;584597;1584543186;92309;-0.4882812;1.159668;-24.04785;
1584543186;110690;901;605748;1584543186;110690;-2.868652;-5.859375;-23.92578;
1584543186;202674;901;697704;1584543186;202674;-3.417969;-0.06103516;-47.54639;
1584543186;305357;901;797755;1584543186;305357;1.098633;4.150391;-46.875;
1584543186;387578;901;879816;1584543186;387578;15.07568;13.30566;-35.33936;
1584543186;404416;901;896747;1584543186;404416;21.54541;14.64844;-34.05762;
1584543186;497514;901;990186;1584543186;497514;0.8544922;1.708984;-8.361816;
1584543186;517242;902;21786;1584543186;517242;-6.835938;-7.8125;-8.422852;
1584543186;603336;902;95720;1584543186;603336;0.793457;-9.399414;-3.78418;
1584543186;636257;902;131848;1584543186;636257;-3.540039;4.333496;-3.479004;
1584543186;708167;902;200397;1584543186;708167;-10.68115;19.16504;-9.033203;
1584543186;882563;902;386737;1584543186;882563;-1.831055;17.94434;-26.18408;
1584543186;969958;902;463305;1584543186;969958;2.624512;-10.80322;-44.92188;
1584543186;992301;902;486132;1584543186;992301;-1.159668;9.643555;-47.79053;
1584543187;78875;902;572245;1584543187;78875;14.46533;-3.295898;-41.87012;
1584543187;101277;902;594374;1584543187;101277;-1.708984;10.13184;-47.11914;
1584543187;193011;902;686010;1584543187;193011;-2.868652;4.272461;-41.62598;
1584543187;213357;902;706761;1584543187;213357;-13.30566;-6.652832;-39.55078;
1584543187;329411;902;821759;1584543187;329411;5.371094;7.8125;-7.93457;
1584543187;418292;902;911396;1584543187;418292;0;-5.371094;11.53564;
1584543187;456486;902;949365;1584543187;456486;5.310059;-8.789062;14.77051;
1584543187;565382;903;58219;1584543187;565382;-23.07129;23.31543;61.34033;
1584543187;588353;903;93075;1584543187;588353;6.896973;3.601074;62.31689;
1584543187;682399;903;175155;1584543187;682399;-31.25;16.47949;33.3252;
1584543187;769113;903;261919;1584543187;769113;9.338379;-7.019043;0.1220703;
1584543187;794469;903;287801;1584543187;794469;3.173828;-2.13623;-1.525879;
1584543187;881179;903;388910;1584543187;881179;19.47021;-13.97705;2.01416;
1584543187;973456;903;466061;1584543187;973456;9.521484;-1.89209;0.4272461;
1584543187;996823;903;489460;1584543187;996823;19.53125;5.493164;0.4882812;
1584543188;18737;903;512189;1584543188;18737;8.789062;-5.187988;3.662109;
1584543188;48475;903;544336;1584543188;48475;-6.958008;0.6103516;2.13623;
1584543188;139345;903;632189;1584543188;139345;-5.554199;25.57373;-41.50391;
1584543188;243921;903;740514;1584543188;243921;6.652832;-0.3662109;-10.80322;
1584543188;328858;903;825640;1584543188;328858;-35.7666;12.87842;0;
1584543188;414177;903;906638;1584543188;414177;0;0;-9.155273;
1584543188;439588;903;932318;1584543188;439588;8.422852;-13.3667;-7.019043;
1584543188;544703;904;38055;1584543188;544703;18.98193;-6.225586;0.06103516;
1584543188;587009;904;80398;1584543188;587009;27.9541;17.21191;0.8544922;
1584543188;669078;904;165048;1584543188;669078;7.141113;2.502441;-1.403809;
1584543188;761237;904;254981;1584543188;761237;7.93457;8.605957;-2.746582;
1584543188;848751;904;341278;1584543188;848751;-2.197266;-25.6958;-3.234863;
1584543188;881118;904;374411;1584543188;881118;1.098633;-4.760742;-2.807617;
1584543188;906944;904;400418;1584543188;906944;8.789062;-1.098633;-1.953125;
1584543188;930765;904;424264;1584543188;930765;-6.591797;9.460449;-6.469727;
1584543189;24571;904;517063;1584543189;24571;11.2915;9.521484;0.9155273;
1584543189;49571;904;542442;1584543189;49571;4.272461;13.18359;-4.455566;
1584543189;134391;904;631795;1584543189;134391;-8.666992;9.460449;-36.19385;
1584543189;167442;904;661445;1584543189;167442;-0.5493164;2.807617;-37.41455;
1584543189;250991;904;745080;1584543189;250991;-7.995605;-9.643555;-38.14697;
1584543189;285326;904;778569;1584543189;285326;-1.89209;-0.06103516;-41.99219;
1584543189;375602;904;869316;1584543189;375602;14.77051;-6.347656;-25.39062;
1584543189;493583;904;988474;1584543189;493583;7.629395;6.347656;-19.16504;
1584543189;578213;905;74206;1584543189;578213;-7.873535;-1.525879;-15.74707;
1584543189;679048;905;172146;1584543189;679048;-5.493164;-0.1831055;-20.26367;
1584543189;706072;905;199885;1584543189;706072;4.943848;17.02881;-16.05225;
1584543189;729200;905;222705;1584543189;729200;-16.41846;-1.220703;-11.53564;
1584543189;768249;905;261832;1584543189;768249;-8.911133;-20.81299;-20.1416;
1584543189;855386;905;348687;1584543189;855386;-0.793457;3.967285;-24.4751;
1584543189;888569;905;381783;1584543189;888569;-9.460449;2.01416;-24.10889;
1584543189;983195;905;487822;1584543189;983195;-11.2915;-4.882812;-22.33887;
1584543190;81180;905;574731;1584543190;81180;-6.530762;10.98633;-35.40039;
1584543190;174306;905;670951;1584543190;174306;3.356934;2.563477;-56.39648;
1584543190;264853;905;760807;1584543190;264853;24.29199;14.52637;-59.93652;
1584543190;354772;905;847639;1584543190;354772;-8.666992;-0.3051758;-65.979;
1584543190;385990;905;893633;1584543190;385990;-6.286621;8.666992;-59.93652;
1584543190;500017;905;992822;1584543190;500017;-15.50293;0.3662109;-66.10107;
1584543190;526156;906;18923;1584543190;526156;1.77002;21.48438;-59.32617;
1584543190;546222;906;41772;1584543190;546222;6.530762;-18.55469;-65.36865;
1584543190;625659;906;118513;1584543190;625659;-5.554199;-26.42822;-61.58447;
1584543190;653076;906;146478;1584543190;653076;3.90625;3.234863;-65.7959;
1584543190;674914;906;167858;1584543190;674914;-9.643555;-12.02393;-65.49072;
1584543190;771963;906;264955;1584543190;771963;0;16.8457;-66.46729;
1584543190;865876;906;358538;1584543190;865876;8.361816;14.64844;-63.59863;
1584543190;965959;906;458691;1584543190;965959;-3.234863;-2.13623;-54.32129;
1584543191;4940;906;498138;1584543191;4940;-0.9155273;-6.286621;-47.60742;
1584543191;106493;906;599392;1584543191;106493;-14.03809;11.35254;-46.38672;
1584543191;206690;906;699040;1584543191;206690;3.417969;-11.90186;-41.80908;
1584543191;305476;906;799397;1584543191;305476;-1.098633;-9.033203;-15.625;
1584543191;407504;906;901376;1584543191;407504;3.845215;-21.78955;-17.08984;
1584543191;489181;906;985680;1584543191;489181;20.69092;3.90625;20.69092;
1584543191;518545;907;14768;1584543191;518545;-3.173828;-5.554199;29.35791;
1584543191;543185;907;35509;1584543191;543185;-6.896973;-2.746582;55.9082;
1584543191;629115;907;122787;1584543191;629115;0.8544922;-1.586914;17.45605;
1584543191;650414;907;144583;1584543191;650414;-11.84082;-19.22607;11.41357;
1584543191;675611;907;168595;1584543191;675611;3.967285;-3.356934;6.469727;
1584543191;771324;907;265677;1584543191;771324;-0.3051758;12.69531;5.615234;
1584543191;812414;907;305780;1584543191;812414;0.6103516;-2.319336;0.9155273;
1584543191;891759;907;387858;1584543191;891759;-9.094238;3.845215;2.075195;
1584543191;923347;907;417257;1584543191;923347;1.831055;11.71875;5.126953;
1584543192;10842;907;512650;1584543192;10842;-11.84082;4.02832;4.699707;
1584543192;112097;907;605188;1584543192;112097;6.04248;-9.399414;6.835938;
1584543192;203023;907;703179;1584543192;203023;-12.146;-2.197266;6.591797;
1584543192;294285;907;791304;1584543192;294285;4.882812;3.234863;5.92041;
1584543192;376504;907;869430;1584543192;376504;10.37598;13.42773;-6.958008;
1584543192;486939;907;980179;1584543192;486939;9.82666;0.2441406;-26.61133;
1584543192;576901;908;69448;1584543192;576901;15.25879;-15.31982;-6.530762;
1584543192;617084;908;109893;1584543192;617084;7.568359;6.225586;-10.0708;
1584543192;702080;908;197796;1584543192;702080;2.929688;7.263184;-7.446289;
1584543192;739545;908;231354;1584543192;739545;1.281738;-10.98633;-0.793457;
1584543192;821561;908;314654;1584543192;821561;-0.4272461;21.1792;-0.4882812;
1584543192;848361;908;340876;1584543192;848361;-7.019043;-13.12256;-3.723145;
1584543192;927458;908;420406;1584543192;927458;1.342773;15.86914;-1.586914;
1584543192;952390;908;445772;1584543192;952390;5.126953;7.385254;1.220703;
1584543192;983985;908;477465;1584543192;983985;-5.004883;-4.943848;-8.483887;
1584543193;56840;908;549369;1584543193;56840;-9.033203;8.850098;-6.347656;
1584543193;90542;908;584892;1584543193;90542;-0.5493164;9.460449;-2.01416;
1584543193;162976;908;660622;1584543193;162976;-0.7324219;-13.48877;-5.92041;
1584543193;252423;908;744953;1584543193;252423;4.272461;1.89209;-5.737305;
1584543193;276412;908;769786;1584543193;276412;-7.385254;4.760742;-2.380371;
1584543193;357586;908;850746;1584543193;357586;-5.249023;8.789062;-6.408691;
1584543193;387988;908;881154;1584543193;387988;5.065918;6.286621;-2.075195;
1584543193;482750;908;976040;1584543193;482750;2.624512;-9.82666;-1.342773;
1584543193;562507;909;55319;1584543193;562507;1.647949;17.39502;-5.371094;
1584543193;647378;909;140545;1584543193;647378;5.310059;-25.93994;-4.882812;
1584543193;668467;909;163863;1584543193;668467;-3.417969;-3.967285;-3.540039;
1584543193;752038;909;246375;1584543193;752038;-7.69043;10.98633;-9.643555;
1584543193;783915;909;277024;1584543193;783915;-2.13623;0.2441406;-10.25391;
1584543193;867406;909;360529;1584543193;867406;8.605957;5.371094;-7.446289;
1584543193;900266;909;393024;1584543193;900266;8.361816;32.4707;-7.8125;
1584543193;990946;909;484359;1584543193;990946;9.216309;-5.371094;-8.850098;
1584543194;68032;909;561140;1584543194;68032;-0.6713867;14.22119;-6.225586;
1584543194;103707;909;596666;1584543194;103707;-0.6713867;-16.8457;-2.990723;
1584543194;200561;909;694812;1584543194;200561;-15.38086;-8.361816;45.28809;
1584543194;232425;909;725544;1584543194;232425;-3.173828;-5.371094;37.17041;
1584543194;254683;909;748003;1584543194;254683;-22.2168;-17.02881;9.033203;
1584543194;348181;909;841598;1584543194;348181;1.098633;-10.25391;0.1831055;
1584543194;369352;909;861734;1584543194;369352;-8.483887;7.873535;4.699707;
1584543194;453175;909;946690;1584543194;453175;2.746582;-1.708984;4.272461;
1584543194;480752;909;981407;1584543194;480752;-4.02832;-4.150391;5.249023;
1584543194;565289;910;58734;1584543194;565289;2.929688;9.155273;5.67627;
1584543194;653443;910;147133;1584543194;653443;2.258301;1.831055;6.958008;
1584543194;682157;910;183776;1584543194;682157;13.42773;0;2.075195;
1584543194;763783;910;257157;1584543194;763783;12.93945;1.89209;0.793457;
1584543194;800017;910;293325;1584543194;800017;-5.065918;1.403809;-1.831055;
1584543194;823701;910;324920;1584543194;823701;-4.760742;1.159668;14.22119;
1584543194;908438;910;401243;1584543194;908438;5.187988;-2.258301;52.00195;
1584543194;940089;910;432535;1584543194;940089;5.187988;-6.530762;36.92627;
1584543194;961953;910;454522;1584543194;961953;9.521484;13.06152;22.09473;
1584543194;987846;910;480664;1584543194;987846;0.6713867;26.00098;13.97705;
1584543195;69030;910;561899;1584543195;69030;4.02832;7.263184;5.67627;
1584543195;158939;910;651892;1584543195;158939;4.333496;-10.74219;3.417969;
1584543195;188702;910;682019;1584543195;188702;-11.1084;-5.432129;1.342773;
1584543195;280272;910;776362;1584543195;280272;10.19287;13.73291;7.8125;
1584543195;358999;910;851931;1584543195;358999;-9.216309;28.19824;7.507324;
1584543195;390853;910;884108;1584543195;390853;18.79883;-18.00537;5.79834;
1584543195;469170;910;962539;1584543195;469170;5.554199;15.07568;4.211426;
1584543195;500039;910;992814;1584543195;500039;21.24023;-15.13672;2.319336;
1584543195;522940;911;16420;1584543195;522940;8.239746;-22.88818;-3.662109;
1584543195;609128;911;102118;1584543195;609128;5.859375;-9.765625;-22.76611;
1584543195;638116;911;131851;1584543195;638116;3.417969;11.04736;-23.80371;
1584543195;719244;911;212078;1584543195;719244;1.342773;15.01465;-35.94971;
1584543195;822504;911;316294;1584543195;822504;10.49805;4.821777;-59.75342;
1584543195;909253;911;402847;1584543195;909253;-7.202148;9.338379;-61.58447;
1584543195;930151;911;428305;1584543195;930151;11.77979;-17.08984;-61.4624;
1584543196;14193;911;507385;1584543196;14193;-10.92529;-7.080078;-62.25586;
1584543196;42785;911;539704;1584543196;42785;9.58252;2.746582;-65.61279;
1584543196;119970;911;613395;1584543196;119970;-3.051758;5.432129;-65.06348;
1584543196;155040;911;648226;1584543196;155040;18.18848;5.554199;-65.30762;
1584543196;176358;911;669174;1584543196;176358;5.371094;6.469727;-66.04004;
1584543196;264549;911;758504;1584543196;264549;2.441406;7.568359;-48.82812;
1584543196;305569;911;798962;1584543196;305569;-10.19287;2.13623;-43.5791;
1584543196;380133;911;873889;1584543196;380133;-1.708984;21.78955;-27.70996;
1584543196;469884;911;963080;1584543196;469884;-0.1220703;8.789062;-8.178711;
1584543196;499017;911;992352;1584543196;499017;-15.99121;-0.9155273;-11.53564;
1584543196;575164;912;67714;1584543196;575164;3.356934;5.249023;-53.16162;
1584543196;602505;912;95788;1584543196;602505;6.286621;1.831055;-50.1709;
1584543196;623977;912;116866;1584543196;623977;-1.647949;-1.037598;-60.18066;
1584543196;724726;912;218105;1584543196;724726;6.04248;-8.666992;-62.31689;
1584543196;757436;912;251119;1584543196;757436;10.13184;-1.77002;-61.09619;
1584543196;830361;912;323718;1584543196;830361;4.638672;-12.39014;-60.4248;
1584543196;920082;912;412760;1584543196;920082;-4.577637;4.272461;-62.56104;
1584543196;950916;912;448784;1584543196;950916;4.516602;-1.403809;-62.86621;
1584543197;30465;912;523129;1584543197;30465;-0.4882812;5.859375;-63.35449;
1584543197;77574;912;573653;1584543197;77574;-8.850098;-1.159668;-61.76758;
1584543197;163694;912;656990;1584543197;163694;10.37598;5.615234;-69.51904;
1584543197;183937;912;676956;1584543197;183937;-6.896973;-7.446289;-66.71143;
1584543197;275320;912;767819;1584543197;275320;15.86914;20.93506;-64.7583;
1584543197;309201;912;802118;1584543197;309201;10.80322;-16.47949;-59.75342;
1584543197;385090;912;895617;1584543197;385090;7.202148;-12.26807;-68.17627;
1584543197;480214;912;972815;1584543197;480214;5.249023;13.18359;-13.85498;
1584543197;574670;913;67381;1584543197;574670;5.004883;5.554199;-6.408691;
1584543197;666075;913;161103;1584543197;666075;-7.873535;8.117676;-0.1831055;
1584543197;704505;913;198340;1584543197;704505;0.1220703;13.30566;0.4882812;
1584543197;789404;913;281884;1584543197;789404;15.80811;-6.103516;-8.056641;
1584543197;818758;913;311379;1584543197;818758;15.80811;-10.62012;2.380371;
1584543197;842386;913;335090;1584543197;842386;-9.82666;-8.178711;20.38574;
1584543197;927186;913;420348;1584543197;927186;6.591797;12.26807;58.53271;
1584543197;957132;913;450259;1584543197;957132;-2.01416;14.34326;41.38184;
1584543198;59076;913;553679;1584543198;59076;-9.094238;-8.300781;6.04248;
1584543198;149409;913;652813;1584543198;149409;0;10.92529;6.713867;
1584543198;241129;913;734361;1584543198;241129;-3.173828;-2.624512;2.01416;
1584543198;275355;913;768824;1584543198;275355;5.981445;-0.6713867;1.220703;
1584543198;364260;913;857045;1584543198;364260;-0.5493164;2.441406;-2.807617;
1584543198;446890;913;940005;1584543198;446890;-3.601074;19.40918;0.06103516;
1584543198;487377;913;980824;1584543198;487377;-4.821777;-13.85498;0.6713867;
1584543198;586759;914;80196;1584543198;586759;8.972168;-0.6103516;-3.234863;
1584543198;671658;914;164874;1584543198;671658;-4.943848;-6.652832;2.197266;
1584543198;770744;914;264161;1584543198;770744;-10.43701;3.417969;2.01416;
1584543198;856843;914;357373;1584543198;856843;-6.04248;-11.2915;-27.771;
1584543198;889182;914;382458;1584543198;889182;-7.568359;3.295898;-34.60693;
1584543198;912825;914;405412;1584543198;912825;6.591797;9.58252;-48.88916;
1584543198;940760;914;433812;1584543198;940760;15.31982;17.76123;-45.53223;
1584543199;18498;914;511073;1584543199;18498;11.77979;-1.708984;-6.835938;
1584543199;39047;914;532296;1584543199;39047;10.31494;-17.7002;-5.67627;
1584543199;68434;914;560396;1584543199;68434;1.464844;12.39014;-5.92041;
1584543199;141501;914;634487;1584543199;141501;11.47461;-10.55908;-7.8125;
1584543199;168952;914;661395;1584543199;168952;1.464844;-2.380371;-10.31494;
1584543199;257939;914;750174;1584543199;257939;-19.53125;-14.89258;-10.74219;
1584543199;352171;914;845312;1584543199;352171;4.272461;-3.845215;-9.155273;
1584543199;447062;914;939346;1584543199;447062;-0.2441406;16.60156;-2.685547;
1584543199;475350;914;974981;1584543199;475350;1.464844;9.521484;-1.403809;
1584543199;566779;915;73297;1584543199;566779;7.995605;-9.82666;-7.629395;
1584543199;662170;915;155163;1584543199;662170;0.7324219;8.850098;-1.281738;
1584543199;756788;915;249794;1584543199;756788;4.150391;4.089355;-4.882812;
1584543199;795964;915;289379;1584543199;795964;13.12256;-1.831055;-1.647949;
1584543199;898197;915;391252;1584543199;898197;-7.324219;5.737305;-3.967285;
1584543199;924870;915;417561;1584543199;924870;3.173828;-13.42773;-7.385254;
1584543199;946916;915;440310;1584543199;946916;-5.859375;-10.92529;-10.80322;
1584543200;48199;915;541538;1584543200;48199;0.8544922;19.59229;3.051758;
1584543200;69521;915;576440;1584543200;69521;8.300781;-27.64893;1.586914;
1584543200;162551;915;655750;1584543200;162551;-1.403809;-7.93457;-8.666992;
1584543200;263259;915;756890;1584543200;263259;-4.211426;11.77979;-1.647949;
1584543200;357116;915;850426;1584543200;357116;-4.211426;20.20264;-13.79395;
1584543200;387553;915;880529;1584543200;387553;-3.356934;0.1220703;-22.46094;
1584543200;467773;915;960627;1584543200;467773;-7.202148;17.15088;-45.8374;
1584543200;508882;916;2337;1584543200;508882;3.90625;5.92041;-43.94531;
1584543200;607703;916;100857;1584543200;607703;-2.685547;11.53564;-16.29639;
1584543200;636003;916;129182;1584543200;636003;0;3.662109;-7.446289;
1584543200;657198;916;150545;1584543200;657198;3.601074;-3.723145;-4.638672;
1584543200;683722;916;189999;1584543200;683722;7.873535;-1.403809;-4.333496;
1584543200;778184;916;273681;1584543200;778184;2.502441;-1.403809;-13.85498;
1584543200;873539;916;379118;1584543200;873539;5.004883;9.94873;-4.02832;
1584543200;981221;916;478336;1584543200;981221;-1.708984;19.59229;-5.371094;
1584543201;68151;916;565384;1584543201;68151;-10.74219;4.882812;-6.469727;
1584543201;102775;916;600480;1584543201;102775;-5.981445;-3.967285;-6.103516;
1584543201;183129;916;679361;1584543201;183129;16.54053;7.385254;-6.04248;
1584543201;268195;916;761599;1584543201;268195;-3.78418;10.00977;-22.88818;
1584543201;292274;916;785104;1584543201;292274;-22.70508;-9.82666;-30.63965;
1584543201;396357;916;893281;1584543201;396357;-9.460449;-10.98633;-45.10498;
1584543201;483403;916;995269;1584543201;483403;-4.394531;16.05225;-14.70947;
1584543201;610949;917;104582;1584543201;610949;-6.103516;-11.35254;-7.629395;
1584543201;690075;917;183122;1584543201;690075;9.70459;2.380371;-8.239746;
1584543201;786554;917;279828;1584543201;786554;25.63477;-12.20703;-6.103516;
1584543201;873590;917;371940;1584543201;873590;12.20703;-9.643555;-18.18848;
1584543201;959118;917;452128;1584543201;959118;22.3999;5.79834;-20.32471;
1584543201;981980;917;474974;1584543201;981980;-24.71924;28.74756;-20.50781;
1584543202;79154;917;572632;1584543202;79154;15.01465;-6.713867;-18.24951;
1584543202;169150;917;662005;1584543202;169150;11.41357;32.53174;-21.11816;
1584543202;198484;917;698638;1584543202;198484;-14.77051;-16.72363;-32.10449;
1584543202;294950;917;787667;1584543202;294950;-8.239746;2.807617;-37.10938;
1584543202;379360;917;880621;1584543202;379360;-1.159668;-4.150391;-35.70557;
1584543202;415064;917;911394;1584543202;415064;-19.40918;25.87891;-31.98242;
1584543202;499525;917;992819;1584543202;499525;13.00049;8.911133;-35.03418;
1584543202;599209;918;92015;1584543202;599209;25.20752;-13.73291;-28.93066;
1584543202;634987;918;127215;1584543202;634987;-1.281738;14.09912;-35.88867;
1584543202;720296;918;216894;1584543202;720296;-13.00049;-19.59229;-32.95898;
1584543202;750814;918;243421;1584543202;750814;18.55469;1.037598;-32.59277;
1584543202;773128;918;266544;1584543202;773128;13.73291;1.525879;-27.58789;
1584543202;859275;918;352147;1584543202;859275;-33.81348;14.46533;-23.92578;
1584543202;880079;918;379710;1584543202;880079;0.3662109;-10.49805;-20.81299;
1584543202;985179;918;478377;1584543202;985179;13.3667;-12.93945;-20.38574;
1584543203;7864;918;507157;1584543203;7864;6.774902;-17.7002;-18.12744;
1584543203;94974;918;588266;1584543203;94974;-20.56885;1.159668;-15.86914;
1584543203;134715;918;628051;1584543203;134715;-5.004883;-0.1831055;-14.09912;
1584543203;222661;918;715225;1584543203;222661;-19.40918;-3.723145;-8.911133;
1584543203;304555;918;797823;1584543203;304555;24.23096;-9.094238;-4.699707;
1584543203;338857;918;832063;1584543203;338857;-5.187988;-5.79834;-8.178711;
1584543203;362981;918;856366;1584543203;362981;24.6582;-18.37158;-4.821777;
1584543203;444913;918;938421;1584543203;444913;31.37207;1.77002;-3.90625;
1584543203;472227;918;965466;1584543203;472227;11.71875;5.004883;-4.699707;
1584543203;555652;919;49573;1584543203;555652;-3.417969;7.202148;-5.859375;
1584543203;645239;919;138076;1584543203;645239;-26.24512;8.422852;-6.225586;
1584543203;671609;919;172730;1584543203;671609;-18.79883;16.35742;-2.624512;
1584543203;755048;919;248062;1584543203;755048;-19.04297;7.324219;-4.577637;
1584543203;789082;919;282371;1584543203;789082;-31.61621;4.638672;2.990723;
1584543203;868569;919;361472;1584543203;868569;1.586914;-16.96777;-9.033203;
1584543203;950257;919;442905;1584543203;950257;40.83252;-16.23535;-29.72412;
1584543204;50334;919;543029;1584543204;50334;-5.126953;14.34326;-0.4882812;
1584543204;77147;919;569969;1584543204;77147;5.67627;3.356934;-1.464844;
1584543204;160321;919;653567;1584543204;160321;-9.399414;-12.51221;-1.464844;
1584543204;251312;919;744070;1584543204;251312;-0.793457;9.887695;-27.771;
1584543204;277272;919;776009;1584543204;277272;-9.155273;17.27295;-36.07178;
1584543204;360732;919;853186;1584543204;360732;6.591797;14.34326;-54.38232;
1584543204;385448;919;885950;1584543204;385448;0.3051758;-10.98633;-58.22754;
1584543204;474356;919;967614;1584543204;474356;-5.554199;-12.81738;-53.40576;
1584543204;505563;919;998411;1584543204;505563;-14.77051;27.9541;-54.19922;
1584543204;580706;920;73223;1584543204;580706;2.624512;-7.751465;-55.35889;
1584543204;670653;920;164069;1584543204;670653;-2.197266;1.586914;-61.15723;
1584543204;704639;920;197481;1584543204;704639;-8.361816;16.35742;-54.6875;
1584543204;782259;920;274540;1584543204;782259;-3.78418;19.9585;-46.81396;
1584543204;810953;920;303810;1584543204;810953;5.187988;-11.77979;-30.88379;
1584543204;838149;920;330416;1584543204;838149;-4.333496;-2.624512;-22.94922;
1584543204;921002;920;414340;1584543204;921002;14.16016;-3.173828;-8.422852;
1584543204;955879;920;449039;1584543204;955879;1.647949;-12.57324;-7.324219;
1584543205;59076;920;551297;1584543205;59076;15.86914;25.14648;5.126953;
1584543205;88885;920;582072;1584543205;88885;-0.6103516;-39.12354;1.831055;
1584543205;171364;920;672859;1584543205;171364;-4.577637;-17.7002;-64.63623;
1584543205;262294;920;755375;1584543205;262294;-20.69092;19.53125;-65.55176;
1584543205;285881;920;778112;1584543205;285881;8.850098;1.037598;-70.55664;
1584543205;366452;920;858810;1584543205;366452;-4.089355;0.793457;-78.43018;
1584543205;400930;920;893442;1584543205;400930;7.202148;-4.638672;-76.35498;
1584543205;476297;920;969741;1584543205;476297;13.61084;4.943848;-11.16943;
1584543205;576140;921;69512;1584543205;576140;3.601074;-0.1831055;-9.155273;
1584543205;668500;921;161844;1584543205;668500;4.516602;-24.35303;-2.868652;
1584543205;756267;921;251838;1584543205;756267;-6.713867;2.990723;56.9458;
1584543205;791752;921;285630;1584543205;791752;-7.629395;-20.32471;71.59424;
1584543205;883792;921;381305;1584543205;883792;0.2441406;-22.82715;66.65039;
1584543205;974962;921;468442;1584543205;974962;3.417969;-10.55908;8.605957;
1584543206;61894;921;555108;1584543206;61894;21.30127;-11.84082;11.2915;
1584543206;87095;921;589537;1584543206;87095;-8.544922;15.80811;3.234863;
1584543206;188370;921;685355;1584543206;188370;6.286621;28.25928;5.92041;
1584543206;266988;921;760602;1584543206;266988;6.469727;32.53174;19.71436;
1584543206;361581;921;854107;1584543206;361581;1.831055;4.943848;13.30566;
1584543206;399757;921;893122;1584543206;399757;-4.577637;-6.774902;-0.9765625;
1584543206;471699;921;964785;1584543206;471699;-7.141113;9.094238;1.342773;
1584543206;562685;922;58614;1584543206;562685;25.14648;8.728027;1.525879;
1584543206;601885;922;96159;1584543206;601885;-7.507324;-5.310059;-6.958008;
1584543206;686817;922;181266;1584543206;686817;2.01416;19.47021;0.2441406;
1584543206;767644;922;260971;1584543206;767644;5.79834;37.10938;7.507324;
1584543206;884590;922;377990;1584543206;884590;-13.97705;-31.61621;52.91748;
1584543206;911843;922;404421;1584543206;911843;19.22607;26.06201;61.76758;
1584543206;932382;922;425313;1584543206;932382;5.615234;-10.92529;53.22266;
1584543207;17560;922;510959;1584543207;17560;4.455566;20.62988;57.31201;
1584543207;41208;922;534551;1584543207;41208;15.13672;-17.21191;35.21729;
1584543207;127839;922;621289;1584543207;127839;-3.295898;13.79395;16.78467;
1584543207;162348;922;655627;1584543207;162348;14.22119;11.59668;17.21191;
1584543207;237480;922;730308;1584543207;237480;0.793457;-36.86523;6.469727;
1584543207;323009;922;816405;1584543207;323009;-4.02832;0.3662109;0.9155273;
1584543207;343898;922;837116;1584543207;343898;18.18848;24.35303;9.82666;
1584543207;427895;922;921120;1584543207;427895;6.835938;27.83203;6.04248;
1584543207;449136;922;941901;1584543207;449136;-8.361816;-9.338379;4.089355;
1584543207;532170;923;25928;1584543207;532170;-24.6582;-9.094238;35.5835;
1584543207;554643;923;61661;1584543207;554643;1.281738;-17.63916;49.56055;
1584543207;682419;923;175104;1584543207;682419;9.033203;12.75635;29.05273;
1584543207;762743;923;262237;1584543207;762743;-6.896973;12.93945;8.850098;
1584543207;854365;923;351982;1584543207;854365;5.371094;0.793457;4.150391;
1584543207;943060;923;435854;1584543207;943060;-7.8125;13.12256;-24.41406;
1584543207;966409;923;474421;1584543207;966409;6.958008;12.75635;-26.85547;
1584543208;58095;923;553656;1584543208;58095;-8.178711;11.23047;-60.4248;
1584543208;158258;923;652989;1584543208;158258;-6.347656;5.187988;-70.19043;
1584543208;242858;923;736059;1584543208;242858;8.544922;-20.44678;-65.12451;
1584543208;267362;923;760178;1584543208;267362;6.958008;0.4882812;-70.06836;
1584543208;353026;923;845855;1584543208;353026;-6.958008;-9.70459;-63.47656;
1584543208;383943;923;876666;1584543208;383943;15.31982;24.71924;-62.68311;
1584543208;481883;923;974070;1584543208;481883;7.873535;-8.789062;-67.50488;
1584543208;586017;924;92779;1584543208;586017;11.1084;-2.746582;-72.93701;
1584543208;685358;924;177769;1584543208;685358;1.403809;8.361816;-55.29785;
1584543208;772688;924;274128;1584543208;772688;10.43701;-4.455566;-38.14697;
1584543208;875174;924;375017;1584543208;875174;1.281738;-6.774902;-22.88818;
1584543208;972603;924;465225;1584543208;972603;8.728027;18.00537;-5.981445;
1584543209;73639;924;566880;1584543209;73639;12.3291;-14.34326;-10.37598;
1584543209;173239;924;665608;1584543209;173239;-12.3291;15.25879;-11.41357;
1584543209;274712;924;767311;1584543209;274712;-8.300781;-2.441406;-32.10449;
1584543209;359190;924;852618;1584543209;359190;12.26807;15.07568;-30.76172;
1584543209;383374;924;884090;1584543209;383374;6.347656;4.943848;-31.43311;
1584543209;473269;924;966228;1584543209;473269;0.3662109;4.577637;-49.74365;
1584543209;554152;925;46862;1584543209;554152;-0.1220703;-16.35742;-54.44336;
1584543209;582267;925;75872;1584543209;582267;-7.324219;6.225586;-55.35889;
1584543209;683267;925;177002;1584543209;683267;-0.4882812;-7.202148;-55.41992;
1584543209;773357;925;267331;1584543209;773357;2.685547;8.178711;-48.64502;
1584543209;878363;925;371310;1584543209;878363;8.422852;-4.333496;-36.37695;
1584543209;979171;925;471973;1584543209;979171;-15.07568;-12.63428;-7.263184;
1584543210;90903;925;586296;1584543210;90903;8.728027;19.47021;-0.6713867;
1584543210;188215;925;681580;1584543210;188215;4.821777;3.112793;0.4272461;
1584543210;278374;925;781495;1584543210;278374;-7.507324;21.54541;-5.371094;
1584543210;386471;925;879035;1584543210;386471;11.53564;-6.774902;-3.112793;
1584543210;488805;925;981354;1584543210;488805;-10.74219;-5.187988;-6.591797;
1584543210;594187;926;87207;1584543210;594187;10.0708;26.48926;-0.2441406;
1584543210;694413;926;187854;1584543210;694413;-0.6103516;8.544922;-4.150391;
1584543210;726096;926;218273;1584543210;726096;6.347656;10.49805;-4.089355;
1584543210;750464;926;243166;1584543210;750464;5.554199;1.098633;-5.859375;
1584543210;771619;926;264901;1584543210;771619;-1.037598;-10.49805;-7.385254;
1584543210;855175;926;348486;1584543210;855175;2.380371;6.713867;-6.164551;
1584543210;890619;926;382397;1584543210;890619;-12.57324;-11.96289;-8.117676;
1584543210;970381;926;463064;1584543210;970381;14.64844;5.67627;-5.126953;
1584543211;10562;926;503892;1584543211;10562;-1.77002;-21.42334;-9.460449;
1584543211;95135;926;588377;1584543211;95135;5.615234;11.84082;2.13623;
1584543211;193941;926;688103;1584543211;193941;-0.793457;9.460449;-6.103516;
1584543211;224687;926;718114;1584543211;224687;3.78418;4.333496;0.1220703;
1584543211;299936;926;793110;1584543211;299936;1.525879;16.78467;-1.586914;
1584543211;395503;926;888006;1584543211;395503;-2.807617;-8.361816;-9.277344;
1584543211;426809;926;919389;1584543211;426809;-15.74707;18.06641;-5.554199;
1584543211;452004;926;944764;1584543211;452004;18.18848;5.92041;-0.6103516;
1584543211;474047;926;967056;1584543211;474047;2.13623;6.896973;-2.990723;
1584543211;560577;927;53426;1584543211;560577;-11.1084;-6.04248;-8.361816;
1584543211;596282;927;89670;1584543211;596282;11.59668;8.911133;0.1831055;
1584543211;694163;927;187253;1584543211;694163;-7.69043;8.300781;-13.12256;
1584543211;719809;927;216571;1584543211;719809;9.399414;2.685547;-5.859375;
1584543211;795989;927;289955;1584543211;795989;7.446289;-1.708984;-31.06689;
1584543211;828584;927;322097;1584543211;828584;0;-11.04736;-31.25;
1584543211;911074;927;411740;1584543211;911074;10.68115;-0.3662109;-40.46631;
1584543212;6633;927;499853;1584543212;6633;11.71875;6.835938;-37.04834;
1584543212;37893;927;531177;1584543212;37893;2.502441;-16.72363;-37.8418;
1584543212;124574;927;621552;1584543212;124574;-4.760742;2.929688;-36.25488;
1584543212;207948;927;700658;1584543212;207948;6.286621;-11.47461;-36.43799;
1584543212;306230;927;800032;1584543212;306230;11.59668;15.07568;-44.18945;
1584543212;338796;927;832026;1584543212;338796;-15.44189;-6.225586;-43.76221;
1584543212;416134;927;909543;1584543212;416134;-5.67627;-0.1831055;-48.76709;
1584543212;506380;927;999508;1584543212;506380;7.507324;-20.32471;-46.38672;
1584543212;537100;928;30453;1584543212;537100;0.06103516;1.77002;-54.74854;
1584543212;616078;928;109512;1584543212;616078;5.554199;5.67627;-62.37793;
1584543212;647982;928;141274;1584543212;647982;-11.65771;-9.643555;-73.97461;
1584543212;742374;928;235354;1584543212;742374;-5.187988;-14.70947;-69.58008;
1584543212;766766;928;259945;1584543212;766766;-1.159668;13.24463;-67.68799;
1584543212;785942;928;281540;1584543212;785942;13.24463;-13.85498;-65.42969;
1584543212;876755;928;370191;1584543212;876755;-12.81738;-14.70947;-75.62256;
1584543212;967493;928;460728;1584543212;967493;-9.765625;6.835938;-74.58496;
1584543213;1977;928;494382;1584543213;1977;25.45166;0.2441406;-75.98877;
1584543213;76646;928;569539;1584543213;76646;16.35742;15.86914;-65.7959;
1584543213;162224;928;655209;1584543213;162224;18.12744;12.63428;-71.71631;
1584543213;198473;928;692062;1584543213;198473;-3.051758;-20.69092;-78.18604;
1584543213;272496;928;765813;1584543213;272496;5.249023;6.225586;-80.26123;
1584543213;304508;928;799415;1584543213;304508;8.300781;-10.19287;-66.16211;
1584543213;382029;928;874395;1584543213;382029;21.72852;-5.79834;-13.91602;
1584543213;471507;928;965020;1584543213;471507;6.103516;23.25439;-9.58252;
1584543213;562142;929;55346;1584543213;562142;-6.347656;-19.16504;64.39209;
1584543213;591443;929;87280;1584543213;591443;-6.896973;1.708984;85.44922;
1584543213;615802;929;109123;1584543213;615802;-5.493164;13.00049;98.38867;
1584543213;656032;929;149679;1584543213;656032;4.394531;27.52686;97.53418;
1584543213;746582;929;242740;1584543213;746582;0.1831055;19.47021;44.67773;
1584543213;822666;929;316154;1584543213;822666;-0.793457;4.150391;2.746582;
1584543213;855311;929;347726;1584543213;855311;-13.91602;-7.141113;3.78418;
1584543213;875703;929;373237;1584543213;875703;-7.629395;4.089355;3.662109;
1584543213;917623;929;410949;1584543213;917623;10.00977;-29.90723;9.399414;
1584543214;1947;929;495330;1584543214;1947;-10.68115;24.10889;-10.19287;
1584543214;23671;929;516773;1584543214;23671;-11.41357;-14.22119;-23.86475;
1584543214;107940;929;600757;1584543214;107940;11.04736;19.77539;-53.28369;
1584543214;126079;929;618255;1584543214;126079;5.615234;-28.01514;-42.3584;
1584543214;147656;929;639897;1584543214;147656;6.591797;23.37646;-33.93555;
1584543214;165324;929;657501;1584543214;165324;0.9765625;-17.76123;-17.94434;
1584543214;187956;929;689169;1584543214;187956;-0.3051758;23.98682;-16.41846;
1584543214;267643;929;761009;1584543214;267643;0.06103516;27.40479;-4.211426;
1584543214;355445;929;847783;1584543214;355445;19.104;-11.35254;-11.2915;
1584543214;381818;929;876709;1584543214;381818;3.90625;22.03369;-13.3667;
1584543214;403496;929;896030;1584543214;403496;13.30566;8.056641;-15.56396;
1584543214;427168;929;919412;1584543214;427168;-0.8544922;-11.71875;-11.1084;
1584543214;448954;929;941448;1584543214;448954;15.19775;21.85059;-6.652832;
1584543214;471335;929;964905;1584543214;471335;-0.3662109;5.371094;-4.333496;
1584543214;494477;929;986526;1584543214;494477;16.17432;-7.263184;-2.990723;
1584543214;513579;930;5882;1584543214;513579;2.868652;-28.19824;-5.432129;
1584543214;537330;930;29645;1584543214;537330;18.06641;17.76123;-0.3051758;
1584543214;564956;930;57192;1584543214;564956;1.525879;-12.81738;-7.873535;
1584543214;590913;930;84061;1584543214;590913;0.793457;-14.22119;-8.361816;
1584543214;679508;930;181189;1584543214;679508;8.544922;-17.45605;-0.5493164;
1584543214;763202;930;255304;1584543214;763202;-10.0708;6.225586;-3.356934;
1584543214;794651;930;286921;1584543214;794651;7.324219;-0.3662109;-1.281738;
1584543214;818271;930;311355;1584543214;818271;16.78467;-4.760742;-1.159668;
1584543214;836188;930;328444;1584543214;836188;0.3051758;-4.760742;-6.225586;
1584543214;858012;930;350163;1584543214;858012;0.3051758;-7.019043;-2.319336;
1584543214;884049;930;378191;1584543214;884049;6.958008;-5.859375;-0.4882812;
1584543214;905877;930;397953;1584543214;905877;3.78418;11.04736;-6.713867;
1584543214;923248;930;415386;1584543214;923248;2.929688;12.08496;-7.019043;
1584543214;938568;930;430757;1584543214;938568;-2.197266;-8.483887;-6.04248;
1584543214;962784;930;454939;1584543214;962784;3.90625;14.95361;-2.197266;
1584543214;995013;930;486631;1584543214;995013;6.286621;5.554199;-2.502441;
1584543215;68133;930;560785;1584543215;68133;-3.601074;-6.713867;-0.793457;
1584543215;184559;930;677269;1584543215;184559;-2.563477;-10.37598;15.86914;
1584543215;263533;930;755886;1584543215;263533;-7.202148;11.77979;31.73828;
1584543215;281914;930;773892;1584543215;281914;1.525879;-0.9155273;28.74756;
1584543215;300842;930;796665;1584543215;300842;16.8457;2.258301;29.84619;
1584543215;321118;930;818865;1584543215;321118;-10.43701;13.79395;18.43262;
1584543215;418342;930;910797;1584543215;418342;-7.995605;5.981445;4.821777;
1584543215;437422;930;931780;1584543215;437422;-3.479004;-1.89209;8.056641;
1584543215;523409;931;15697;1584543215;523409;6.04248;5.249023;2.075195;
1584543215;539474;931;31875;1584543215;539474;6.408691;-4.02832;3.234863;
1584543215;561563;931;53829;1584543215;561563;10.00977;-6.469727;2.441406;
1584543215;583385;931;75547;1584543215;583385;-1.525879;5.004883;2.746582;
1584543215;671959;931;166390;1584543215;671959;-7.568359;-12.87842;2.380371;
1584543215;694542;931;186486;1584543215;694542;7.385254;15.44189;5.79834;
1584543215;719640;931;212169;1584543215;719640;8.544922;-6.774902;-4.699707;
1584543215;737953;931;230558;1584543215;737953;5.554199;-3.112793;-23.74268;
1584543215;754366;931;249202;1584543215;754366;-8.789062;2.868652;-30.70068;
1584543215;780838;931;274836;1584543215;780838;1.464844;-6.103516;-32.10449;
1584543215;800325;931;292288;1584543215;800325;2.990723;-9.94873;-42.84668;
1584543215;888061;931;379930;1584543215;888061;-9.033203;-6.103516;-10.68115;
1584543215;911361;931;405917;1584543215;911361;7.446289;-6.713867;-13.24463;
1584543216;648;931;492907;1584543216;648;-12.39014;1.647949;-14.28223;
1584543216;79075;931;571255;1584543216;79075;1.342773;-12.26807;-6.04248;
1584543216;98236;931;590403;1584543216;98236;12.93945;-0.9765625;-5.187988;
1584543216;184090;931;676805;1584543216;184090;-9.094238;10.00977;-6.164551;
1584543216;203416;931;695736;1584543216;203416;-4.943848;2.197266;-7.873535;
1584543216;284032;931;776366;1584543216;284032;8.117676;-1.647949;-4.821777;
1584543216;303575;931;803902;1584543216;303575;-0.8544922;-6.774902;-2.319336;
1584543216;397194;931;889657;1584543216;397194;0.7324219;9.82666;-1.708984;
1584543216;422005;931;914035;1584543216;422005;2.868652;12.51221;-4.699707;
1584543216;438161;931;930376;1584543216;438161;1.647949;-4.821777;-3.356934;
1584543216;453167;931;946329;1584543216;453167;-3.601074;-15.56396;-4.516602;
1584543216;483927;931;976316;1584543216;483927;-11.41357;-5.187988;-1.220703;
1584543216;504372;931;996613;1584543216;504372;-8.361816;-3.601074;-6.530762;
1584543216;590272;932;82215;1584543216;590272;6.286621;15.31982;-6.286621;
1584543216;609355;932;103178;1584543216;609355;-4.516602;4.821777;-2.868652;
1584543216;633531;932;125864;1584543216;633531;-5.554199;-25.02441;-7.568359;
1584543216;648941;932;141293;1584543216;648941;15.13672;-10.68115;-7.93457;
1584543216;834267;932;326645;1584543216;834267;4.211426;20.1416;-12.75635;
1584543216;855552;932;348357;1584543216;855552;-3.417969;-34.85107;-15.44189;
1584543216;885369;932;386479;1584543216;885369;16.72363;-14.46533;-7.8125;
1584543216;969883;932;478958;1584543216;969883;1.281738;-11.1084;-18.61572;
1584543217;59531;932;552403;1584543217;59531;-14.4043;-13.79395;-9.155273;
1584543217;93443;932;586269;1584543217;93443;4.577637;9.155273;-3.78418;
1584543217;123303;932;616482;1584543217;123303;-4.272461;3.417969;-0.6713867;
1584543217;198983;932;691806;1584543217;198983;-7.324219;-23.49854;-3.78418;
1584543217;224734;932;717577;1584543217;224734;5.79834;33.20312;-1.220703;
1584543217;251241;932;744006;1584543217;251241;-7.873535;6.530762;-7.202148;
1584543217;330123;932;828921;1584543217;330123;-13.91602;22.82715;-5.737305;
1584543217;358010;932;850952;1584543217;358010;-1.586914;-16.96777;-4.699707;
1584543217;392963;932;885726;1584543217;392963;5.004883;9.277344;0.5493164;
1584543217;465187;932;957732;1584543217;465187;-0.3051758;14.34326;-5.310059;
1584543217;555041;933;61761;1584543217;555041;10.74219;27.28271;1.708984;
1584543217;656154;933;148660;1584543217;656154;8.422852;-5.92041;0.1831055;
1584543217;676187;933;173707;1584543217;676187;7.995605;-11.77979;-6.408691;
1584543217;760187;933;252725;1584543217;760187;4.943848;-3.967285;-27.46582;
1584543217;783464;933;280674;1584543217;783464;-6.103516;5.004883;-28.62549;
1584543217;870251;933;362930;1584543217;870251;-4.577637;-15.13672;-34.36279;
1584543217;964502;933;457774;1584543217;964502;15.01465;5.249023;-59.32617;
1584543218;55409;933;548853;1584543218;55409;7.324219;-13.48877;-70.73975;
1584543218;79096;933;588559;1584543218;79096;7.507324;2.13623;-64.5752;
1584543218;170706;933;663398;1584543218;170706;6.896973;1.159668;-66.16211;
1584543218;260105;933;752636;1584543218;260105;-0.3051758;3.662109;-69.70215;
1584543218;282560;933;774891;1584543218;282560;-1.708984;-3.78418;-69.64111;
1584543218;385014;933;878282;1584543218;385014;9.58252;17.21191;-67.93213;
1584543218;416010;933;908990;1584543218;416010;18.24951;-13.18359;-66.10107;
1584543218;511086;934;4389;1584543218;511086;11.2915;3.662109;-68.96973;
1584543218;540013;934;33389;1584543218;540013;-0.1831055;-9.58252;-69.58008;
1584543218;566485;934;60602;1584543218;566485;15.01465;14.22119;-64.63623;
1584543218;665903;934;158203;1584543218;665903;2.746582;-14.34326;-70.37354;
1584543218;703841;934;197605;1584543218;703841;6.591797;5.67627;-65.7959;
1584543218;780613;934;273514;1584543218;780613;5.615234;14.52637;-60.2417;
1584543218;875907;934;369633;1584543218;875907;-4.211426;-10.74219;-63.5376;
1584543218;966103;934;458457;1584543218;966103;-1.831055;-4.760742;-38.0249;
1584543218;996365;934;496110;1584543218;996365;8.728027;3.662109;-26.48926;
1584543219;76334;934;568870;1584543219;76334;-0.793457;-9.58252;-13.3667;
1584543219;171498;934;672028;1584543219;171498;-5.249023;-20.1416;-4.455566;
1584543219;208688;934;701138;1584543219;208688;-2.075195;21.78955;-4.211426;
1584543219;287075;934;780616;1584543219;287075;-9.94873;-9.033203;-6.408691;
1584543219;316846;934;809683;1584543219;316846;12.20703;31.73828;-1.647949;
1584543219;400862;934;900956;1584543219;400862;-10.13184;25.87891;-7.141113;
1584543219;433871;934;926475;1584543219;433871;9.277344;5.249023;-4.638672;
1584543219;458538;934;951399;1584543219;458538;-2.441406;-9.155273;-5.126953;
1584543219;540785;935;36062;1584543219;540785;2.929688;-22.52197;-6.225586;
1584543219;568994;935;62022;1584543219;568994;-5.065918;-7.080078;-10.74219;
1584543219;656745;935;150037;1584543219;656745;-0.06103516;-17.76123;-8.422852;
1584543219;688969;935;183236;1584543219;688969;-2.563477;-2.990723;-13.48877;
1584543219;720120;935;212788;1584543219;720120;1.464844;-0.2441406;-5.859375;
1584543219;801155;935;293994;1584543219;801155;-10.43701;15.38086;-10.25391;
1584543219;830219;935;327190;1584543219;830219;10.43701;-16.6626;-6.347656;
1584543219;921208;935;413756;1584543219;921208;12.39014;0;-3.356934;
1584543220;18612;935;510955;1584543220;18612;-3.78418;-14.03809;-5.493164;
1584543220;96450;935;589602;1584543220;96450;-0.5493164;5.737305;6.591797;
1584543220;123749;935;616944;1584543220;123749;6.408691;-0.6713867;3.234863;
1584543220;202752;935;695970;1584543220;202752;-0.4882812;19.89746;55.05371;
1584543220;231478;935;728550;1584543220;231478;-18.85986;-11.23047;60.11963;
1584543220;324836;935;817564;1584543220;324836;1.647949;-4.577637;27.83203;
1584543220;351670;935;845410;1584543220;351670;-0.3051758;-3.417969;9.399414;
1584543220;447703;935;942043;1584543220;447703;-6.164551;-2.258301;4.089355;
1584543220;471229;935;964083;1584543220;471229;2.990723;4.02832;8.178711;
1584543220;558280;936;50893;1584543220;558280;11.71875;10.19287;1.098633;
1584543220;655007;936;148044;1584543220;655007;3.845215;-4.211426;2.929688;
1584543220;681524;936;174355;1584543220;681524;-0.1220703;-10.74219;0.2441406;
1584543220;705261;936;198519;1584543220;705261;12.3291;-15.68604;0.4882812;
1584543220;807385;936;299899;1584543220;807385;-2.197266;-21.30127;4.821777;
1584543220;838329;936;333420;1584543220;838329;3.112793;18.73779;5.065918;
1584543220;865292;936;357670;1584543220;865292;1.708984;10.86426;11.04736;
1584543220;952318;936;445556;1584543220;952318;-10.98633;22.82715;9.58252;
1584543220;990121;936;483094;1584543220;990121;6.835938;-10.19287;5.92041;
1584543221;65181;936;558499;1584543221;65181;7.995605;-9.643555;5.065918;
1584543221;152732;936;645928;1584543221;152732;-13.79395;26.24512;3.78418;
1584543221;190600;936;683810;1584543221;190600;11.35254;-15.25879;11.71875;
1584543221;266572;936;758835;1584543221;266572;2.380371;-10.98633;4.272461;
1584543221;380080;936;877067;1584543221;380080;-2.441406;0.3051758;-2.990723;
1584543221;457899;936;950271;1584543221;457899;2.13623;24.29199;-69.03076;
1584543221;553231;937;45752;1584543221;553231;19.77539;-17.27295;-16.05225;
1584543221;576531;937;69151;1584543221;576531;-10.49805;17.57812;-21.11816;
1584543221;672016;937;165206;1584543221;672016;6.347656;3.601074;-15.93018;
1584543221;758187;937;251618;1584543221;758187;-2.746582;-7.873535;-75.01221;
1584543221;794841;937;288269;1584543221;794841;7.69043;15.74707;-64.7583;
1584543221;869405;937;366890;1584543221;869405;10.43701;-15.31982;-7.141113;
1584543221;963820;937;456899;1584543221;963820;8.544922;-4.821777;-3.845215;
1584543222;55785;937;549064;1584543222;55785;13.06152;0.3051758;0.8544922;
1584543222;152839;937;646146;1584543222;152839;-3.845215;-24.96338;-68.42041;
1584543222;185066;937;682630;1584543222;185066;1.464844;41.19873;-63.59863;
1584543222;282533;937;776074;1584543222;282533;-14.34326;16.72363;-72.08252;
1584543222;363420;937;855962;1584543222;363420;-7.629395;-12.02393;-17.51709;
1584543222;404085;937;897264;1584543222;404085;2.685547;20.75195;-7.446289;
1584543222;493599;937;987509;1584543222;493599;11.71875;2.685547;-2.502441;
1584543222;517549;938;10416;1584543222;517549;8.666992;-9.70459;-2.01416;
1584543222;605081;938;97438;1584543222;605081;1.525879;7.263184;-22.3999;
1584543222;626366;938;127144;1584543222;626366;-2.441406;23.74268;-32.40967;
1584543222;713601;938;206502;1584543222;713601;6.469727;10.86426;-56.03027;
1584543222;740451;938;234621;1584543222;740451;15.86914;18.18848;-58.59375;
1584543222;818370;938;311352;1584543222;818370;-2.380371;7.568359;-31.49414;
1584543222;849235;938;346517;1584543222;849235;-1.403809;17.82227;-28.80859;
1584543222;875639;938;370920;1584543222;875639;-15.93018;3.967285;-27.34375;
1584543222;968414;938;461309;1584543222;968414;-4.760742;1.586914;-5.004883;
1584543223;62107;938;554811;1584543223;62107;20.1416;10.19287;-3.90625;
1584543223;149911;938;647785;1584543223;149911;1.037598;-13.79395;-3.540039;
1584543223;190107;938;682743;1584543223;190107;-9.82666;-7.385254;-6.04248;
1584543223;278955;938;776147;1584543223;278955;10.86426;14.16016;-25.6958;
1584543223;309967;938;802588;1584543223;309967;1.037598;15.86914;-30.0293;
1584543223;332406;938;825322;1584543223;332406;0.793457;19.89746;-35.15625;
1584543223;366472;938;859177;1584543223;366472;11.53564;13.00049;-38.0249;
1584543223;463434;938;955996;1584543223;463434;-8.605957;9.887695;-35.94971;
1584543223;496192;938;993886;1584543223;496192;-8.728027;5.310059;-42.41943;
1584543223;574410;939;66765;1584543223;574410;14.64844;12.93945;-42.84668;
1584543223;605261;939;98214;1584543223;605261;6.835938;0.793457;-40.95459;
1584543223;679271;939;172186;1584543223;679271;8.300781;-18.00537;-24.53613;
1584543223;705464;939;208533;1584543223;705464;15.44189;-11.53564;-16.96777;
1584543223;808342;939;301100;1584543223;808342;-5.493164;-13.3667;-2.929688;
1584543223;833859;939;326554;1584543223;833859;-13.24463;12.02393;-6.652832;
1584543223;865303;939;358453;1584543223;865303;15.13672;-2.319336;-4.760742;
1584543223;951566;939;446603;1584543223;951566;13.18359;20.81299;-7.873535;
1584543224;52526;939;546917;1584543224;52526;-2.01416;5.737305;-14.5874;
1584543224;139629;939;632519;1584543224;139629;4.272461;-20.62988;-28.01514;
1584543224;171213;939;663711;1584543224;171213;-2.258301;-3.417969;-32.22656;
1584543224;334755;939;827260;1584543224;334755;10.98633;-10.49805;-28.32031;
1584543224;368881;939;862106;1584543224;368881;1.586914;4.882812;-24.6582;
1584543224;459159;939;956034;1584543224;459159;5.554199;20.44678;-36.07178;
1584543224;545008;940;41847;1584543224;545008;4.821777;2.075195;-47.54639;
1584543224;629937;940;122652;1584543224;629937;6.958008;18.79883;-43.94531;
1584543224;660350;940;156106;1584543224;660350;8.728027;7.141113;-45.16602;
1584543224;740535;940;233082;1584543224;740535;7.93457;11.53564;-49.31641;
1584543224;775014;940;267436;1584543224;775014;-2.563477;3.479004;-50.23193;
1584543224;867786;940;361485;1584543224;867786;20.87402;-1.403809;-54.01611;
1584543224;963557;940;459750;1584543224;963557;-5.981445;14.03809;-52.55127;
1584543225;50698;940;550929;1584543225;50698;-3.540039;5.432129;-24.29199;
1584543225;135840;940;628427;1584543225;135840;-8.728027;-13.79395;-8.178711;
1584543225;164720;940;662468;1584543225;164720;-9.399414;0;-8.911133;
1584543225;281098;940;776840;1584543225;281098;1.831055;31.92139;-5.67627;
1584543225;379179;940;872447;1584543225;379179;2.929688;-8.728027;-8.728027;
1584543225;455773;940;951905;1584543225;455773;6.225586;-0.4272461;-6.103516;
1584543225;545939;941;39790;1584543225;545939;0.1220703;36.8042;-31.37207;
1584543225;640302;941;133418;1584543225;640302;0;16.41846;-42.5415;
1584543225;674672;941;167156;1584543225;674672;6.04248;2.502441;-41.01562;
1584543225;760457;941;264919;1584543225;760457;-2.075195;8.117676;-5.79834;
1584543225;793957;941;286592;1584543225;793957;11.41357;20.38574;0;
1584543225;885991;941;379237;1584543225;885991;-2.075195;8.422852;-6.04248;
1584543225;905480;941;397990;1584543225;905480;-10.49805;6.408691;-6.225586;
1584543225;996291;941;489658;1584543225;996291;4.089355;-6.103516;-10.62012;
1584543226;21016;941;514735;1584543226;21016;1.281738;-2.685547;-15.80811;
1584543226;101069;941;594343;1584543226;101069;-9.94873;-12.87842;-10.68115;
1584543226;130707;941;624023;1584543226;130707;4.699707;9.277344;-10.80322;
1584543226;151310;941;645131;1584543226;151310;1.037598;5.92041;-11.47461;
1584543226;193500;941;686228;1584543226;193500;-6.530762;-14.34326;-7.995605;
1584543226;291031;941;784229;1584543226;291031;-4.638672;21.72852;-3.78418;
1584543226;311591;941;805114;1584543226;311591;-6.164551;15.93018;-0.2441406;
1584543226;391610;941;885055;1584543226;391610;9.094238;-3.723145;-4.943848;
1584543226;411630;941;904151;1584543226;411630;1.586914;-14.70947;-6.958008;
1584543226;497978;941;991067;1584543226;497978;-20.1416;-0.5493164;-2.319336;
1584543226;523271;942;16755;1584543226;523271;-13.61084;3.662109;-3.540039;
1584543226;548361;942;41879;1584543226;548361;-1.342773;4.882812;-2.197266;
1584543226;570822;942;80716;1584543226;570822;-6.164551;4.02832;-6.103516;
1584543226;667164;942;177043;1584543226;667164;11.65771;-7.995605;-7.385254;
1584543226;756361;942;250205;1584543226;756361;6.896973;-8.850098;-4.150391;
1584543226;798223;942;290379;1584543226;798223;4.211426;-2.868652;1.342773;
1584543226;880608;942;382411;1584543226;880608;9.338379;-0.6713867;-4.699707;
1584543226;975208;942;471662;1584543226;975208;-16.35742;-12.63428;19.16504;
1584543227;62073;942;554428;1584543227;62073;0.4272461;4.333496;35.40039;
1584543227;157308;942;650190;1584543227;157308;-6.04248;20.50781;36.37695;
1584543227;186999;942;689043;1584543227;186999;-0.793457;0.7324219;35.09521;
1584543227;276820;942;772242;1584543227;276820;0.06103516;15.68604;32.65381;
1584543227;307621;942;800765;1584543227;307621;15.38086;-12.75635;30.70068;
1584543227;331124;942;824308;1584543227;331124;-6.286621;13.12256;26.24512;
1584543227;412217;942;905190;1584543227;412217;5.615234;21.1792;23.98682;
1584543227;437902;942;934711;1584543227;437902;2.197266;4.02832;23.55957;
1584543227;517056;943;10014;1584543227;517056;-0.6713867;5.554199;13.85498;
1584543227;539639;943;34517;1584543227;539639;-2.441406;-0.06103516;14.09912;
1584543227;562957;943;56371;1584543227;562957;0.9765625;-16.11328;11.53564;
1584543227;608195;943;101130;1584543227;608195;-5.432129;7.629395;14.52637;
1584543227;692462;943;184932;1584543227;692462;-6.896973;5.432129;17.57812;
1584543227;788357;943;281740;1584543227;788357;19.04297;-14.22119;5.92041;
1584543227;872271;943;364787;1584543227;872271;-5.737305;6.408691;10.37598;
1584543227;914626;943;406893;1584543227;914626;-5.493164;15.625;16.6626;
1584543227;997229;943;497424;1584543227;997229;7.93457;16.54053;10.0708;
1584543228;26885;943;520041;1584543228;26885;-8.911133;-14.5874;14.95361;
1584543228;113907;943;607017;1584543228;113907;15.01465;-33.20312;18.00537;
1584543228;138859;943;631447;1584543228;138859;-13.61084;10.13184;20.93506;
1584543228;164514;943;657911;1584543228;164514;4.638672;-6.591797;21.11816;
1584543228;209151;943;702009;1584543228;209151;0.4272461;2.441406;20.87402;
1584543228;286840;943;780892;1584543228;286840;-11.1084;2.990723;21.66748;
1584543228;373098;943;878548;1584543228;373098;2.075195;4.272461;20.81299;
1584543228;461957;943;954690;1584543228;461957;3.417969;-13.30566;12.08496;
1584543228;556895;944;49440;1584543228;556895;-1.525879;-26.97754;16.29639;
1584543228;591976;944;84734;1584543228;591976;-4.943848;4.882812;22.2168;
1584543228;690908;944;184169;1584543228;690908;-0.1220703;-18.06641;22.2168;
1584543228;772855;944;266383;1584543228;772855;-7.8125;-33.69141;17.33398;
1584543228;798131;944;290902;1584543228;798131;-6.225586;7.202148;19.65332;
1584543228;883236;944;379241;1584543228;883236;-11.23047;-4.821777;11.16943;
1584543228;974077;944;481111;1584543228;974077;-5.493164;17.94434;-10.25391;
1584543229;67570;944;568781;1584543229;67570;8.911133;10.19287;-33.93555;
1584543229;153207;944;664951;1584543229;153207;12.81738;-20.20264;-66.16211;
1584543229;253560;944;746746;1584543229;253560;19.28711;-16.90674;-74.89014;
1584543229;279140;944;772499;1584543229;279140;10.98633;-11.2915;-74.646;
1584543229;363644;944;857036;1584543229;363644;-5.859375;-4.699707;-67.07764;
1584543229;401514;944;893903;1584543229;401514;8.117676;-0.3051758;-73.36426;
1584543229;497191;944;990844;1584543229;497191;11.71875;9.82666;-65.7959;
1584543229;578921;945;72315;1584543229;578921;5.67627;17.21191;-67.50488;
1584543229;608441;945;101349;1584543229;608441;10.68115;-31.12793;-78.125;
1584543229;699083;945;191187;1584543229;699083;2.01416;10.86426;-62.5;
1584543229;734686;945;227241;1584543229;734686;2.685547;-4.455566;-59.81445;
1584543229;815413;945;314827;1584543229;815413;2.075195;-5.737305;-65.12451;
1584543229;843649;945;336512;1584543229;843649;-0.4272461;21.91162;-60.72998;
1584543229;866886;945;360273;1584543229;866886;6.469727;10.19287;-58.71582;
1584543229;905232;945;399678;1584543229;905232;-7.080078;-26.12305;-62.56104;
1584543230;1343;945;493915;1584543230;1343;16.47949;-8.422852;-61.21826;
1584543230;103168;945;596306;1584543230;103168;-0.3051758;-4.394531;-60.79102;
1584543230;188592;945;681913;1584543230;188592;-9.82666;-10.00977;-58.83789;
1584543230;212835;945;705474;1584543230;212835;-1.342773;-11.23047;-62.43896;
1584543230;241918;945;734481;1584543230;241918;-4.882812;6.103516;-59.021;
1584543230;319120;945;819896;1584543230;319120;10.43701;-17.21191;-30.27344;
1584543230;350897;945;843690;1584543230;350897;6.286621;9.521484;-24.29199;
1584543230;375238;945;868063;1584543230;375238;-3.90625;6.652832;-10.25391;
1584543230;402668;945;895275;1584543230;402668;-1.77002;-8.483887;-8.850098;
1584543230;422595;945;922119;1584543230;422595;10.86426;-4.211426;-10.55908;
1584543230;465585;945;958372;1584543230;465585;11.23047;-1.831055;-11.47461;
1584543230;544277;946;37027;1584543230;544277;-4.455566;10.31494;-5.432129;
1584543230;570174;946;63074;1584543230;570174;5.737305;-4.577637;-1.586914;
1584543230;649264;946;142697;1584543230;649264;5.92041;10.62012;-4.089355;
1584543230;686353;946;180589;1584543230;686353;-6.347656;8.666992;-3.540039;
1584543230;768685;946;268714;1584543230;768685;7.080078;-9.765625;-5.92041;
1584543230;855215;946;348395;1584543230;855215;21.60645;11.04736;-2.685547;
1584543230;949516;946;442746;1584543230;949516;13.73291;52.73438;-2.380371;
1584543230;984118;946;479541;1584543230;984118;-9.033203;-44.49463;0.6713867;
1584543231;77173;946;569597;1584543231;77173;6.347656;2.929688;2.319336;
1584543231;181602;946;674481;1584543231;181602;1.342773;2.075195;3.723145;
1584543231;265103;946;762088;1584543231;265103;1.89209;6.04248;9.155273;
1584543231;293060;946;785881;1584543231;293060;-0.9765625;-3.601074;4.943848;
1584543231;372268;946;864705;1584543231;372268;-2.13623;-5.981445;1.098633;
1584543231;397188;946;894285;1584543231;397188;-1.77002;4.821777;1.708984;
1584543231;423059;946;916331;1584543231;423059;-0.9155273;0.6713867;0;
1584543231;508502;947;2108;1584543231;508502;0.6103516;-0.1831055;0.793457;
1584543231;531588;947;32413;1584543231;531588;0.4882812;2.380371;0.6713867;
1584543231;616043;947;109150;1584543231;616043;0.3662109;0;0.5493164;
1584543231;643838;947;136271;1584543231;643838;0.4882812;0.1220703;0.2441406;
1584543231;725254;947;218153;1584543231;725254;-1.464844;3.845215;0.2441406;
1584543231;760418;947;253645;1584543231;760418;1.647949;0.3051758;-0.1831055;
1584543231;848850;947;341443;1584543231;848850;-4.272461;-12.146;-0.5493164;
1584543231;874684;947;366427;1584543231;874684;8.605957;8.056641;-8.239746;
1584543231;960309;947;453276;1584543231;960309;3.967285;-8.117676;-6.958008;
1584543231;989427;947;487985;1584543231;989427;0.793457;13.67188;-0.6103516;
1584543232;82698;947;575343;1584543232;82698;-5.004883;-1.403809;-3.173828;
1584543232;111821;947;605387;1584543232;111821;-5.493164;-0.793457;-3.173828;
1584543232;133085;947;625939;1584543232;133085;3.601074;-2.624512;-0.6103516;
1584543232;192071;947;688490;1584543232;192071;-3.662109;-2.258301;-3.967285;
1584543232;278326;947;772408;1584543232;278326;0.8544922;0.7324219;0.4272461;
1584543232;309571;947;802684;1584543232;309571;0;1.586914;2.197266;
1584543232;385513;947;878804;1584543232;385513;0.1831055;-0.1831055;1.403809;
1584543232;412424;947;906364;1584543232;412424;-0.2441406;-3.601074;4.455566;
1584543232;437620;947;937612;1584543232;437620;0.6103516;-1.525879;0.9155273;
1584543232;521198;948;15349;1584543232;521198;0.3051758;2.441406;1.098633;
1584543232;550763;948;43999;1584543232;550763;0.4882812;-0.9765625;0.5493164;
1584543232;630971;948;124265;1584543232;630971;0.1831055;0.9155273;0.4272461;
1584543232;664811;948;158432;1584543232;664811;0.3662109;0.3051758;0.3051758;
1584543232;754597;948;247336;1584543232;754597;0.4882812;0.1831055;0.4882812;
1584543232;775636;948;268584;1584543232;775636;0.3662109;0.7324219;0.4272461;
1584543232;814020;948;305799;1584543232;814020;0.5493164;0.6713867;0.5493164;
1584543232;885885;948;382604;1584543232;885885;0.3662109;0.6713867;0.4882812;
1584543232;916219;948;409169;1584543232;916219;0.4882812;0.4272461;0.3662109;
1584543232;937082;948;430357;1584543232;937082;0.4272461;0.3662109;0.4272461;
1584543233;20781;948;514140;1584543233;20781;0.4272461;0.6713867;0.3051758;
1584543233;41568;948;534949;1584543233;41568;0.4882812;0.5493164;0.3662109;
1584543233;126214;948;619310;1584543233;126214;0.3662109;0.4272461;0.3662109;
1584543233;159985;948;667804;1584543233;159985;0.3662109;0.4882812;0.4882812;
1584543233;268237;948;764712;1584543233;268237;0.3662109;0.4882812;0.5493164;
1584543233;359356;948;852688;1584543233;359356;0.4882812;0.4882812;0.4882812;
1584543233;382033;948;876700;1584543233;382033;0.4882812;0.4272461;0.4882812;
