sent.seconds;sent.microseconds;received.seconds;received.microseconds;sampleTimeStamp.seconds;sampleTimeStamp.microseconds;voltage;
1584543401;135521;1116;625957;1584543401;135473;0.01318681;
1584543401;247056;1116;737440;1584543401;246987;0.01274725;
1584543401;341538;1116;833536;1584543401;341496;0.01230769;
1584543401;442835;1116;933220;1584543401;442785;0.01274725;
1584543401;543966;1117;36262;1584543401;543911;0.01274725;
1584543401;644312;1117;139443;1584543401;644270;0.01274725;
1584543401;745544;1117;237610;1584543401;745501;0.02241758;
1584543401;846869;1117;338417;1584543401;846817;0.02373626;
1584543401;947526;1117;439419;1584543401;947484;0.01318681;
1584543402;48481;1117;540533;1584543402;48439;0.01274725;
1584543402;151947;1117;642274;1584543402;151899;0.0189011;
1584543402;252485;1117;744635;1584543402;252426;0.01186813;
1584543402;352716;1117;844744;1584543402;352676;0.01274725;
1584543402;453861;1117;945702;1584543402;453819;0.01230769;
1584543402;554681;1118;46532;1584543402;554639;0.01450549;
1584543402;655574;1118;147444;1584543402;655533;0.1476923;
1584543402;756455;1118;249578;1584543402;756407;0.189011;
1584543402;858169;1118;350049;1584543402;858117;0.189011;
1584543402;958212;1118;450115;1584543402;958169;0.2452747;
1584543403;59838;1118;550203;1584543403;59792;0.07164835;
1584543403;161376;1118;652730;1584543403;161329;0.207033;
1584543403;263057;1118;753417;1584543403;263006;0.07868131;
1584543403;363487;1118;855272;1584543403;363445;0.06285714;
1584543403;464349;1118;956340;1584543403;464310;0.05230769;
1584543403;565274;1119;57346;1584543403;565223;0.01362637;
1584543403;666426;1119;158393;1584543403;666384;0.04307692;
1584543403;767258;1119;259117;1584543403;767214;0.04307692;
1584543403;868232;1119;360269;1584543403;868190;0.03252747;
1584543403;969374;1119;461409;1584543403;969333;0.1006593;
1584543404;70562;1119;562400;1584543404;70518;0.04263736;
1584543404;171299;1119;663139;1584543404;171255;0.09098901;
1584543404;272318;1119;764319;1584543404;272275;0.01758242;
1584543404;373179;1119;865202;1584543404;373137;0.04263736;
1584543404;474344;1119;966161;1584543404;474302;0.01274725;
1584543404;575180;1120;67217;1584543404;575139;0.09758241;
1584543404;676198;1120;168370;1584543404;676157;0.03384615;
1584543404;777553;1120;269519;1584543404;777510;0.08087911;
1584543404;878590;1120;370418;1584543404;878547;0.01978022;
1584543404;981224;1120;471616;1584543404;981177;0.03340659;
1584543405;83611;1120;573982;1584543405;83564;0.01802198;
1584543405;184157;1120;674708;1584543405;184109;0.02417582;
1584543405;285137;1120;775538;1584543405;285083;0.0232967;
1584543405;392010;1120;882414;1584543405;391957;0.156044;
1584543405;491905;1120;982259;1584543405;491865;0.03208791;
1584543405;593482;1121;84966;1584543405;593441;0.07472528;
1584543405;694374;1121;184699;1584543405;694333;0.007032967;
1584543405;795820;1121;286182;1584543405;795780;0.01054945;
1584543405;897128;1121;387561;1584543405;897085;0.01362637;
1584543405;999011;1121;489433;1584543405;998951;0.05494506;
1584543406;98328;1121;588743;1584543406;98286;0.005714286;
1584543406;200053;1121;692787;1584543406;199998;0.005714286;
1584543406;301168;1121;793179;1584543406;301124;0.006593407;
1584543406;402130;1121;892580;1584543406;402079;0.006153846;
1584543406;503250;1121;995839;1584543406;503204;0.005714286;
1584543406;604072;1122;96809;1584543406;604027;0.07428571;
1584543406;705104;1122;197976;1584543406;705057;0.005274725;
1584543406;805982;1122;298502;1584543406;805931;0.09318681;
1584543406;907050;1122;399036;1584543406;907002;0.006153846;
1584543407;8076;1122;500018;1584543407;8025;0.02637363;
1584543407;109205;1122;601607;1584543407;109143;0.005714286;
1584543407;209480;1122;700382;1584543407;209431;0.09186812;
1584543407;311172;1122;804104;1584543407;311125;0.005714286;
1584543407;411602;1122;901979;1584543407;411557;0.09230769;
1584543407;514002;1123;5767;1584543407;513946;0.006153846;
1584543407;614293;1123;105919;1584543407;614247;0.01054945;
1584543407;714728;1123;205943;1584543407;714681;0.01582417;
1584543407;815776;1123;308592;1584543407;815732;0.005714286;
1584543407;917391;1123;409311;1584543407;917343;0.01494505;
1584543408;18814;1123;509319;1584543408;18768;0.005714286;
1584543408;119385;1123;610981;1584543408;119334;0.004835165;
1584543408;227425;1123;720536;1584543408;224266;0.007032967;
1584543408;325572;1123;817368;1584543408;325531;0.01626374;
1584543408;426783;1123;918680;1584543408;426738;0.005714286;
1584543408;527685;1124;19283;1584543408;527644;0.005714286;
1584543408;628285;1124;120408;1584543408;628243;0.01494505;
1584543408;730590;1124;221577;1584543408;730529;0.005714286;
1584543408;832155;1124;322606;1584543408;832107;0.005714286;
1584543408;932999;1124;423328;1584543408;932949;0.005714286;
1584543409;33279;1124;531078;1584543409;33235;0.006153846;
1584543409;134664;1124;627272;1584543409;134604;0.006153846;
1584543409;235000;1124;728187;1584543409;234944;0.005714286;
1584543409;336110;1124;828093;1584543409;336062;0.01714286;
1584543409;437263;1124;929981;1584543409;437207;0.006153846;
1584543409;538677;1125;37917;1584543409;538620;0.005714286;
1584543409;641549;1125;137995;1584543409;641501;0.006153846;
1584543409;745633;1125;236716;1584543409;745574;0.01010989;
1584543409;857560;1125;350132;1584543409;857491;0.006153846;
1584543409;956280;1125;446695;1584543409;956231;0.02769231;
1584543410;57444;1125;550125;1584543410;57397;0.006153846;
1584543410;158610;1125;650267;1584543410;158556;0.02461538;
1584543410;259169;1125;750639;1584543410;259119;0.005714286;
1584543410;360139;1125;851885;1584543410;360089;0.07340659;
1584543410;463734;1125;956758;1584543410;463678;0.006593407;
1584543410;565568;1126;57935;1584543410;565519;0.03384615;
1584543410;665978;1126;158431;1584543410;665929;0.007032967;
1584543410;766444;1126;258860;1584543410;766395;0.01758242;
1584543410;867097;1126;359202;1584543410;867049;0.005274725;
1584543410;968966;1126;459386;1584543410;968918;0.006153846;
1584543411;69530;1126;561583;1584543411;69489;0.005714286;
1584543411;170600;1126;660975;1584543411;170550;0.006153846;
1584543411;270812;1126;762288;1584543411;270768;0.01714286;
1584543411;372326;1126;862748;1584543411;372265;0.01098901;
1584543411;473107;1126;966052;1584543411;473054;0.006153846;
1584543411;574039;1127;65727;1584543411;573175;0.01714286;
1584543411;673916;1127;165794;1584543411;673873;0.005714286;
1584543411;774633;1127;266271;1584543411;774590;0.05538461;
1584543411;875075;1127;366916;1584543411;875027;0.005274725;
1584543411;976326;1127;468686;1584543411;976276;0.005714286;
1584543412;77550;1127;569796;1584543412;77506;0.01626374;
1584543412;179451;1127;669852;1584543412;179402;0.007472527;
1584543412;279708;1127;771584;1584543412;279660;0.005714286;
1584543412;381291;1127;873386;1584543412;380625;0.0443956;
1584543412;481982;1127;974274;1584543412;481933;0.006593407;
1584543412;582472;1128;74051;1584543412;582429;0.005274725;
1584543412;684959;1128;175355;1584543412;684912;0.01230769;
1584543412;785557;1128;276216;1584543412;785502;0.005274725;
1584543412;887100;1128;377492;1584543412;887053;0.01186813;
1584543412;988443;1128;478837;1584543412;988397;0.005714286;
1584543413;88839;1128;580759;1584543413;88798;0.005274725;
1584543413;189843;1128;681667;1584543413;189800;0.07428571;
1584543413;290630;1128;782271;1584543413;290587;0.005714286;
1584543413;391149;1128;882963;1584543413;391107;0.005714286;
1584543413;491958;1128;983567;1584543413;491916;0.005714286;
1584543413;592444;1129;82854;1584543413;592397;0.1410989;
1584543413;695198;1129;185620;1584543413;695138;0.006153846;
1584543413;794543;1129;286666;1584543413;794494;0.01582417;
1584543413;895695;1129;387518;1584543413;895654;0.006153846;
1584543413;996649;1129;488601;1584543413;996602;0.005714286;
1584543414;98577;1129;589022;1584543414;98522;0.006153846;
1584543414;199509;1129;689945;1584543414;199463;0.09362637;
1584543414;299892;1129;790288;1584543414;299845;0.03736264;
1584543414;400287;1129;892215;1584543414;400244;0.03560439;
1584543414;501126;1129;992955;1584543414;501085;0.02593406;
1584543414;602041;1130;93649;1584543414;601998;0.01626374;
1584543414;702670;1130;194285;1584543414;702628;0.005274725;
1584543414;803085;1130;294681;1584543414;803042;0.01714286;
1584543414;903690;1130;395536;1584543414;903650;0.04307692;
1584543415;4510;1130;496301;1584543415;4469;0.03604395;
1584543415;105278;1130;597092;1584543415;105237;0.02637363;
1584543415;207921;1130;698339;1584543415;207874;0.01010989;
1584543415;308971;1130;800912;1584543415;308261;0.08395604;
1584543415;408958;1130;900739;1584543415;408917;0.01714286;
1584543415;509515;1131;2616;1584543415;509468;0.08395604;
1584543415;610963;1131;102721;1584543415;610913;0.005714286;
1584543415;711760;1131;202308;1584543415;711718;0.01758242;
1584543415;812077;1131;304187;1584543415;812031;0.01010989;
1584543415;915792;1131;408424;1584543415;915727;0.0167033;
1584543416;14435;1131;506501;1584543416;14390;0.01758242;
1584543416;134972;1131;627111;1584543416;134920;0.02593406;
1584543416;217154;1131;710067;1584543416;217113;0.01846154;
1584543416;318012;1131;810718;1584543416;317957;0.0167033;
1584543416;419220;1131;909674;1584543416;419173;0.01626374;
1584543416;519541;1132;9989;1584543416;519493;0.02593406;
1584543416;621218;1132;113050;1584543416;621173;0.02593406;
1584543416;722641;1132;215291;1584543416;722169;0.09362637;
1584543416;823365;1132;313836;1584543416;823308;0.02505494;
1584543416;923608;1132;415219;1584543416;923565;0.01714286;
1584543417;24521;1132;516550;1584543417;24472;0.005714286;
1584543417;129185;1132;624918;1584543417;129131;0.02813187;
1584543417;228212;1132;718635;1584543417;228163;0.005714286;
1584543417;329508;1132;822434;1584543417;329449;0.09230769;
1584543417;432003;1132;922429;1584543417;431940;0.03604395;
1584543417;531226;1133;22861;1584543417;531181;0.09230769;
1584543417;632662;1133;134513;1584543417;632387;0.005714286;
1584543417;732592;1133;224640;1584543417;732551;0.02505494;
1584543417;833637;1133;334338;1584543417;833595;0.005274725;
1584543417;937180;1133;433283;1584543417;937129;0.0945055;
1584543418;38516;1133;529690;1584543418;38467;0.03428571;
1584543418;144238;1133;634649;1584543418;144169;0.09362637;
1584543418;243618;1133;735063;1584543418;243571;0.02505494;
1584543418;344277;1133;834697;1584543418;344230;0.02637363;
1584543418;448563;1133;944481;1584543418;448512;0.005714286;
1584543418;549372;1134;41146;1584543418;549326;0.01714286;
1584543418;650444;1134;142267;1584543418;650395;0.01714286;
1584543418;751124;1134;242931;1584543418;751080;0.09318681;
1584543418;852231;1134;344083;1584543418;852184;0.01626374;
1584543418;958339;1134;448820;1584543418;958270;0.02241758;
1584543419;57504;1134;553145;1584543419;57444;0.006153846;
1584543419;156131;1134;647907;1584543419;156084;0.0167033;
1584543419;256800;1134;748549;1584543419;256754;0.005714286;
1584543419;357588;1134;849410;1584543419;357547;0.05538461;
1584543419;459166;1134;950948;1584543419;459119;0.0167033;
1584543419;558813;1135;50636;1584543419;558770;0.03648352;
1584543419;659442;1135;152505;1584543419;659397;0.005714286;
1584543419;762623;1135;253048;1584543419;762565;0.009670329;
1584543419;863602;1135;356217;1584543419;863551;0.005714286;
1584543419;964085;1135;456859;1584543419;964036;0.03560439;
1584543420;64727;1135;556892;1584543420;64682;0.01846154;
1584543420;166422;1135;656847;1584543420;166367;0.005714286;
1584543420;266708;1135;758299;1584543420;266664;0.005714286;
1584543420;367030;1135;857516;1584543420;366987;0.02241758;
1584543420;467524;1135;959340;1584543420;467483;0.07384615;
1584543420;568739;1136;60940;1584543420;568692;0.06461538;
1584543420;670276;1136;161992;1584543420;670224;0.005274725;
1584543420;770911;1136;262538;1584543420;770754;0.005714286;
1584543420;871355;1136;362749;1584543420;871311;0.0189011;
1584543420;971719;1136;463360;1584543420;971677;0.007032967;
1584543421;72325;1136;564406;1584543421;72284;0.06461538;
1584543421;173227;1136;665301;1584543421;173181;0.01010989;
1584543421;274441;1136;766121;1584543421;274399;0.01010989;
1584543421;375732;1136;866179;1584543421;375685;0.01758242;
1584543421;476161;1136;968082;1584543421;476112;0.007472527;
1584543421;576946;1137;67355;1584543421;576899;0.005274725;
1584543421;677574;1137;170183;1584543421;677531;0.06505495;
1584543421;779061;1137;270860;1584543421;779012;0.007472527;
1584543421;880285;1137;374514;1584543421;880229;0.06373627;
1584543421;982371;1137;472962;1584543421;982315;0.005714286;
1584543422;82651;1137;574160;1584543422;82605;0.007472527;
1584543422;182975;1137;674602;1584543422;182933;0.005274725;
1584543422;283583;1137;775224;1584543422;283541;0.05450549;
1584543422;384177;1137;875976;1584543422;384136;0.008351648;
1584543422;484924;1137;976761;1584543422;484883;0.05450549;
1584543422;585930;1138;77540;1584543422;585885;0.005714286;
1584543422;686646;1138;178267;1584543422;686603;0.01494505;
1584543422;787073;1138;278694;1584543422;787030;0.007032967;
1584543422;887689;1138;378719;1584543422;887648;0.006153846;
1584543422;988675;1138;480533;1584543422;988633;0.005274725;
1584543423;90454;1138;580880;1584543423;90405;0.06505495;
1584543423;191081;1138;681485;1584543423;191032;0.01230769;
1584543423;292754;1138;783162;1584543423;292706;0.01230769;
1584543423;393152;1138;884988;1584543423;393109;0.02373626;
1584543423;494126;1138;986313;1584543423;494083;0.04483516;
1584543423;594697;1139;85142;1584543423;594652;0.01406593;
1584543423;695234;1139;185667;1584543423;695189;0.08043956;
1584543423;795610;1139;287976;1584543423;795569;0.01318681;
1584543423;896704;1139;388265;1584543423;896654;0.04263736;
1584543423;997116;1139;489166;1584543423;997071;0.02241758;
1584543424;98325;1139;590351;1584543424;98282;0.01186813;
1584543424;199149;1139;691235;1584543424;199102;0.01274725;
1584543424;300262;1139;790754;1584543424;300215;0.07120879;
1584543424;402662;1139;893058;1584543424;402615;0.01230769;
1584543424;505003;1139;999132;1584543424;504954;0.07164835;
1584543424;607524;1140;102206;1584543424;607477;0.0210989;
1584543424;709307;1140;203463;1584543424;709255;0.04307692;
1584543424;810863;1140;306086;1584543424;810805;0.006153846;
1584543424;916108;1140;406557;1584543424;916057;0.05494506;
1584543425;22463;1140;512844;1584543425;22413;0.005714286;
1584543425;122773;1140;613237;1584543425;122726;0.1415385;
1584543425;222913;1140;716100;1584543425;222868;0.05362637;
1584543425;326751;1140;819512;1584543425;326699;0.05494506;
1584543425;426414;1140;916849;1584543425;426372;0.01098901;
1584543425;528646;1141;19116;1584543425;528599;0.02681318;
1584543425;631535;1141;121948;1584543425;631491;0.005714286;
1584543425;734281;1141;224717;1584543425;734221;0.06637362;
1584543425;834010;1141;325873;1584543425;833924;0.01714286;
1584543425;938496;1141;436308;1584543425;938438;0.08395604;
1584543426;39118;1141;531761;1584543426;39054;0.005714286;
1584543426;146109;1141;636561;1584543426;146038;0.0632967;
1584543426;237810;1141;739242;1584543426;237646;0.005714286;
1584543426;348298;1141;838755;1584543426;348247;0.09362637;
1584543426;444144;1141;934502;1584543426;444096;0.07472528;
1584543426;550048;1142;49347;1584543426;549840;0.005714286;
1584543426;648105;1142;147320;1584543426;648057;0.0567033;
1584543426;750129;1142;240593;1584543426;750078;0.03560439;
1584543426;850461;1142;342199;1584543426;850417;0.04483516;
1584543426;951307;1142;441753;1584543426;951259;0.01714286;
1584543427;53365;1142;551001;1584543427;53321;0.05406593;
1584543427;154365;1142;648855;1584543427;154312;0.08395604;
1584543427;254668;1142;746233;1584543427;254619;0.01450549;
1584543427;355196;1142;846898;1584543427;355149;0.0167033;
1584543427;455848;1142;957092;1584543427;455805;0.06505495;
1584543427;556356;1143;46750;1584543427;556313;0.03472527;
1584543427;659146;1143;149731;1584543427;659101;0.005714286;
1584543427;764582;1143;255001;1584543427;764518;0.005714286;
1584543427;865114;1143;355547;1584543427;865053;0.006153846;
1584543427;965621;1143;459335;1584543427;965564;0.005714286;
1584543428;68580;1143;559178;1584543428;68529;0.005714286;
1584543428;169576;1143;661541;1584543428;169528;0.006153846;
1584543428;270538;1143;763901;1584543428;270492;0.03604395;
1584543428;371379;1143;861773;1584543428;371331;0.005714286;
1584543428;472179;1143;965208;1584543428;472127;0.008791209;
1584543428;572009;1144;63912;1584543428;571964;0.005714286;
1584543428;672872;1144;164564;1584543428;672830;0.007472527;
1584543428;774116;1144;266734;1584543428;774056;0.005714286;
1584543428;875469;1144;367971;1584543428;875421;0.005714286;
1584543428;977187;1144;469275;1584543428;977125;0.005714286;
1584543429;78383;1144;570011;1584543429;78321;0.005714286;
1584543429;178737;1144;669211;1584543429;178684;0.005714286;
1584543429;278952;1144;772074;1584543429;278907;0.006153846;
1584543429;380395;1144;873080;1584543429;379819;0.005714286;
1584543429;482950;1144;973386;1584543429;482887;0.2369231;
1584543429;582452;1145;75314;1584543429;582403;0.1613187;
1584543429;684000;1145;177271;1584543429;683953;0.218022;
1584543429;784610;1145;277530;1584543429;784553;0.04527472;
1584543429;884517;1145;374880;1584543429;884475;0.05494506;
1584543429;986212;1145;476665;1584543429;986159;0.009670329;
1584543430;86816;1145;577253;1584543430;86772;0.04527472;
1584543430;187032;1145;677459;1584543430;186991;0.04483516;
1584543430;294285;1145;787897;1584543430;294219;0.09362637;
1584543430;392372;1145;882800;1584543430;392325;0.005714286;
1584543430;492636;1145;983029;1584543430;492592;0.02593406;
1584543430;595052;1146;85456;1584543430;595012;0.01582417;
1584543430;696922;1146;187386;1584543430;696866;0.08351649;
1584543430;796145;1146;286623;1584543430;796104;0.02681318;
1584543430;898475;1146;388910;1584543430;898415;0.08439559;
1584543430;999966;1146;491649;1584543430;999912;0.02637363;
1584543431;103671;1146;594189;1584543431;103622;0.01538462;
1584543431;204014;1146;695605;1584543431;203968;0.005714286;
1584543431;304603;1146;795077;1584543431;304557;0.01626374;
1584543431;405290;1146;896771;1584543431;405238;0.01846154;
1584543431;505577;1146;998144;1584543431;505534;0.05494506;
1584543431;606421;1147;98622;1584543431;606376;0.01010989;
1584543431;708007;1147;200957;1584543431;707962;0.06505495;
1584543431;809870;1147;301485;1584543431;809630;0.006593407;
1584543431;909495;1147;402522;1584543431;909454;0.01010989;
1584543432;10415;1147;500894;1584543432;10372;0.01714286;
1584543432;115611;1147;607946;1584543432;114120;0.01362637;
1584543432;212468;1147;704848;1584543432;212428;0.006153846;
1584543432;314480;1147;804955;1584543432;313631;0.007032967;
1584543432;416971;1147;907403;1584543432;416910;0.005714286;
1584543432;516702;1148;7037;1584543432;516660;0.01538462;
1584543432;618456;1148;110643;1584543432;618397;0.01582417;
1584543432;719020;1148;211197;1584543432;718400;0.01714286;
1584543432;819058;1148;309600;1584543432;819015;0.005714286;
1584543432;930945;1148;421378;1584543432;930873;0.01714286;
1584543433;24075;1148;514475;1584543433;24036;0.01010989;
1584543433;127102;1148;619610;1584543433;127052;0.01582417;
1584543433;225450;1148;717917;1584543433;225412;0.1028571;
1584543433;327582;1148;820920;1584543433;327524;0.008791209;
1584543433;427475;1148;917871;1584543433;427437;0.006153846;
1584543433;528529;1149;18940;1584543433;528490;0.009670329;
1584543433;630370;1149;120775;1584543433;630327;0.005274725;
1584543433;732836;1149;223303;1584543433;732776;0.01406593;
1584543433;832287;1149;322682;1584543433;832243;0.06373627;
1584543433;934335;1149;426009;1584543433;934276;0.005714286;
1584543434;34897;1149;540790;1584543434;34627;0.005714286;
1584543434;143596;1149;634026;1584543434;143547;0.006153846;
1584543434;246758;1149;741471;1584543434;246696;0.005714286;
1584543434;348245;1149;843138;1584543434;348197;0.01582417;
1584543434;453195;1149;947269;1584543434;453128;0.005714286;
1584543434;552319;1150;45207;1584543434;552257;0.007032967;
1584543434;653105;1150;146480;1584543434;653044;0.005714286;
1584543434;755138;1150;246572;1584543434;755073;0.0189011;
1584543434;857652;1150;352457;1584543434;857602;0.006153846;
1584543434;957105;1150;447555;1584543434;957042;0.005274725;
1584543435;58201;1150;548645;1584543435;58134;0.005714286;
1584543435;158163;1150;648605;1584543435;158098;0.006153846;
1584543435;255929;1150;746396;1584543435;255882;0.01010989;
1584543435;360494;1150;850969;1584543435;356558;0.01538462;
1584543435;462320;1150;952749;1584543435;462260;0.005714286;
1584543435;562047;1151;53384;1584543435;561983;0.0167033;
1584543435;661513;1151;153199;1584543435;661451;0.005714286;
1584543435;762801;1151;253233;1584543435;762739;0.01362637;
1584543435;861248;1151;351649;1584543435;861205;0.01714286;
1584543435;962009;1151;456098;1584543435;961955;0.006593407;
1584543436;63270;1151;558061;1584543436;63222;0.01494505;
1584543436;167547;1151;658005;1584543436;167482;0.005714286;
1584543436;263901;1151;754342;1584543436;263856;0.006153846;
1584543436;378312;1151;870059;1584543436;378234;0.005714286;
1584543436;466725;1151;957222;1584543436;466681;0.005714286;
1584543436;567470;1152;57878;1584543436;567429;0.02373626;
1584543436;669023;1152;159480;1584543436;668979;0.01362637;
1584543436;770327;1152;260824;1584543436;770283;0.005714286;
1584543436;870417;1152;360829;1584543436;870376;0.005714286;
1584543436;971529;1152;461953;1584543436;971482;0.006153846;
1584543437;71837;1152;562285;1584543437;71799;0.01758242;
1584543437;175003;1152;670149;1584543437;174959;0.006593407;
1584543437;276182;1152;766634;1584543437;276133;0.005714286;
1584543437;383206;1152;873626;1584543437;383138;0.008791209;
1584543437;478970;1152;974159;1584543437;478919;0.007472527;
1584543437;583168;1153;73643;1584543437;583102;0.005274725;
1584543437;680465;1153;170994;1584543437;680418;0.02637363;
1584543437;786309;1153;276784;1584543437;786257;0.01538462;
1584543437;888266;1153;381349;1584543437;888207;0.005714286;
1584543437;988393;1153;482788;1584543437;988344;0.01582417;
1584543438;90745;1153;584753;1584543438;90697;0.005714286;
1584543438;192614;1153;683067;1584543438;192565;0.007912087;
1584543438;293159;1153;787959;1584543438;293110;0.005274725;
1584543438;393956;1153;886006;1584543438;393901;0.03604395;
1584543438;494885;1153;990148;1584543438;494840;0.005714286;
1584543438;596076;1154;88829;1584543438;596027;0.005714286;
1584543438;696503;1154;188394;1584543438;696456;0.02241758;
1584543438;803268;1154;293696;1584543438;803211;0.005714286;
1584543438;900422;1154;390935;1584543438;900375;0.005714286;
1584543439;1198;1154;491724;1584543439;1151;0.007032967;
1584543439;106912;1154;597342;1584543439;106852;0.005714286;
1584543439;207206;1154;701570;1584543439;207145;0.005714286;
1584543439;309024;1154;801789;1584543439;308979;0.005714286;
1584543439;410609;1154;902572;1584543439;410551;0.07252748;
1584543439;510653;1155;4618;1584543439;510608;0.009230769;
1584543439;611532;1155;101957;1584543439;611486;0.05142857;
1584543439;712595;1155;203048;1584543439;712553;0.005714286;
1584543439;816988;1155;309660;1584543439;816924;0.005714286;
1584543439;925432;1155;419431;1584543439;925366;0.005274725;
1584543440;16134;1155;506564;1584543440;16093;0.005274725;
1584543440;120634;1155;611085;1584543440;120586;0.01098901;
1584543440;219119;1155;709659;1584543440;219072;0.07472528;
1584543440;320879;1155;811336;1584543440;320831;0.005714286;
1584543440;425294;1155;915706;1584543440;425234;0.005714286;
1584543440;526877;1156;17291;1584543440;526812;0.005714286;
1584543440;624055;1156;114578;1584543440;624008;0.01714286;
1584543440;726395;1156;219425;1584543440;726346;0.005714286;
1584543440;825269;1156;321105;1584543440;825221;0.1920879;
1584543440;930891;1156;422996;1584543440;930826;0.02637363;
1584543441;29088;1156;519506;1584543441;29046;0.1112088;
1584543441;130531;1156;620988;1584543441;130489;0.005274725;
1584543441;230699;1156;721121;1584543441;230656;0.0167033;
1584543441;332846;1156;826603;1584543441;332799;0.006153846;
1584543441;433602;1156;936157;1584543441;433563;0.06461538;
1584543441;552570;1157;45923;1584543441;552503;0.0167033;
1584543441;638386;1157;144159;1584543441;638333;0.09362637;
1584543441;747938;1157;245999;1584543441;747874;0.02637363;
1584543441;847917;1157;345121;1584543441;847868;0.03560439;
1584543441;952662;1157;443105;1584543441;952606;0.005714286;
1584543442;56617;1157;546997;1584543442;53215;0.03560439;
1584543442;155250;1157;649778;1584543442;155189;0.03120879;
1584543442;255963;1157;749632;1584543442;255915;0.1028571;
1584543442;357209;1157;852443;1584543442;357161;0.0254945;
1584543442;458416;1157;953174;1584543442;458368;0.01758242;
1584543442;559271;1158;49705;1584543442;559222;0.006153846;
1584543442;660466;1158;156162;1584543442;659655;0.01054945;
1584543442;760286;1158;255443;1584543442;760239;0.005714286;
1584543442;861929;1158;358261;1584543442;861863;0.09318681;
1584543442;962430;1158;457868;1584543442;962379;0.01802198;
1584543443;63171;1158;558397;1584543443;63122;0.09538461;
1584543443;165964;1158;661842;1584543443;165900;0.006153846;
1584543443;267946;1158;764269;1584543443;267897;0.02769231;
1584543443;369036;1158;865322;1584543443;368988;0.006153846;
1584543443;470909;1158;961422;1584543443;470863;0.1006593;
1584543443;576147;1159;66622;1584543443;576079;0.02593406;
1584543443;674426;1159;169633;1584543443;674378;0.09318681;
1584543443;775342;1159;265725;1584543443;775304;0.03824176;
1584543443;876366;1159;366811;1584543443;876326;0.02637363;
1584543443;978276;1159;470299;1584543443;978226;0.01714286;
1584543444;79190;1159;569688;1584543444;79150;0.02593406;
1584543444;180897;1159;671249;1584543444;180857;0.02593406;
1584543444;282447;1159;774778;1584543444;282403;0.05142857;
1584543444;384568;1159;875049;1584543444;384507;0.02637363;
1584543444;486543;1159;977009;1584543444;485190;0.01758242;
1584543444;587104;1160;80601;1584543444;587058;0.007472527;
1584543444;688025;1160;180767;1584543444;687968;0.01626374;
1584543444;788322;1160;280676;1584543444;788270;0.01142857;
1584543444;888477;1160;378998;1584543444;888439;0.06681319;
1584543444;990392;1160;483140;1584543444;990344;0.009670329;
1584543445;91241;1160;584113;1584543445;91192;0.02637363;
1584543445;192385;1160;685664;1584543445;192335;0.005274725;
1584543445;293182;1160;785283;1584543445;293120;0.02593406;
1584543445;393410;1160;887398;1584543445;393362;0.005274725;
1584543445;494830;1160;988210;1584543445;494773;0.01010989;
1584543445;594940;1161;87671;1584543445;594895;0.03384615;
1584543445;695678;1161;187746;1584543445;695634;0.006153846;
1584543445;796679;1161;287144;1584543445;796638;0.02681318;
1584543445;898480;1161;394037;1584543445;898431;0.02593406;
1584543445;999197;1161;496193;1584543445;998840;0.1028571;
1584543446;99178;1161;589678;1584543446;99130;0.01758242;
1584543446;199405;1161;692556;1584543446;199357;0.0167033;
1584543446;300350;1161;792455;1584543446;300301;0.005714286;
1584543446;401407;1161;893464;1584543446;401364;0.01054945;
1584543446;503220;1161;995104;1584543446;503172;0.01582417;
1584543446;603305;1162;93802;1584543446;603257;0.08351649;
1584543446;704481;1162;196623;1584543446;704439;0.0167033;
1584543446;805399;1162;297340;1584543446;805350;0.01054945;
1584543446;906781;1162;398624;1584543446;906723;0.005274725;
1584543447;6647;1162;498540;1584543447;6605;0.006153846;
1584543447;107289;1162;597787;1584543447;107243;0.005274725;
1584543447;207557;1162;700338;1584543447;207513;0.05362637;
1584543447;308290;1162;800422;1584543447;308248;0.0254945;
1584543447;409437;1162;902898;1584543447;409387;0.1182418;
1584543447;511322;1163;1795;1584543447;511274;0.005274725;
1584543447;612465;1163;104592;1584543447;612411;0.01010989;
1584543447;713237;1163;203843;1584543447;713190;0.006153846;
1584543447;814428;1163;306981;1584543447;814380;0.07384615;
1584543447;915418;1163;407170;1584543447;915360;0.01758242;
1584543448;15741;1163;507583;1584543448;15685;0.03560439;
1584543448;115552;1163;606021;1584543448;115504;0.01054945;
1584543448;216964;1163;707435;1584543448;216916;0.007032967;
1584543448;318173;1163;810064;1584543448;318124;0.005274725;
1584543448;418979;1163;909421;1584543448;418932;0.005714286;
1584543448;519531;1164;11294;1584543448;519481;0.01846154;
1584543448;620219;1164;112501;1584543448;620176;0.07032967;
1584543448;723170;1164;213671;1584543448;723121;0.006153846;
1584543448;824565;1164;317187;1584543448;824519;0.006153846;
1584543448;926455;1164;416922;1584543448;926409;0.007472527;
1584543449;27331;1164;519956;1584543449;27273;0.006153846;
1584543449;127701;1164;618294;1584543449;127658;0.005714286;
1584543449;228189;1164;720352;1584543449;228148;0.04395605;
1584543449;329470;1164;821288;1584543449;329421;0.005714286;
1584543449;431610;1164;924898;1584543449;431558;0.005714286;
1584543449;539649;1165;31368;1584543449;539576;0.006153846;
1584543449;631766;1165;125629;1584543449;631164;0.005714286;
1584543449;733465;1165;224553;1584543449;733417;0.005714286;
1584543449;834965;1165;325445;1584543449;834917;0.06461538;
1584543449;935722;1165;428593;1584543449;935664;0.009230769;
1584543450;35601;1165;528007;1584543450;35549;0.07384615;
1584543450;136148;1165;628961;1584543450;136104;0.005714286;
1584543450;243097;1165;733620;1584543450;243026;0.005714286;
1584543450;339527;1165;830868;1584543450;339477;0.007032967;
1584543450;440697;1165;932704;1584543450;440649;0.01010989;
1584543450;543291;1166;33787;1584543450;543230;0.007472527;
1584543450;643002;1166;135081;1584543450;642953;0.07384615;
1584543450;745235;1166;235690;1584543450;745187;0.005714286;
1584543450;846053;1166;339217;1584543450;846002;0.006153846;
1584543450;952474;1166;442916;1584543450;952423;0.006153846;
1584543451;50664;1166;541147;1584543451;50617;0.005714286;
1584543451;152167;1166;644086;1584543451;152118;0.005274725;
1584543451;254989;1166;746280;1584543451;254932;0.03604395;
1584543451;355983;1166;846420;1584543451;355935;0.09274725;
1584543451;456210;1166;948877;1584543451;456164;0.1226374;
1584543451;556756;1167;49331;1584543451;556708;0.007912087;
1584543451;657114;1167;149893;1584543451;657066;0.07604396;
1584543451;758114;1167;248576;1584543451;757622;0.02681318;
1584543451;859429;1167;352096;1584543451;859380;0.005274725;
1584543451;960166;1167;450630;1584543451;960119;0.03604395;
1584543452;62679;1167;553240;1584543452;62632;0.01714286;
1584543452;163878;1167;654351;1584543452;163825;0.005714286;
1584543452;266492;1167;758305;1584543452;266429;0.0167033;
1584543452;365246;1167;858983;1584543452;365195;0.1441758;
1584543452;465918;1167;956407;1584543452;465867;0.05450549;
1584543452;566698;1168;58562;1584543452;566635;0.0378022;
1584543452;667350;1168;157889;1584543452;667302;0.005714286;
1584543452;767734;1168;260030;1584543452;767689;0.09142857;
1584543452;868925;1168;361038;1584543452;868883;0.0821978;
1584543452;970809;1168;463294;1584543452;970758;0.1507692;
1584543453;71035;1168;562994;1584543453;70993;0.005714286;
1584543453;171728;1168;662255;1584543453;171682;0.007472527;
1584543453;272673;1168;764696;1584543453;272596;0.005274725;
1584543453;372653;1168;863195;1584543453;372603;0.005714286;
1584543453;473656;1168;965779;1584543453;473599;0.006593407;
1584543453;577007;1169;67493;1584543453;576945;0.0254945;
1584543453;676073;1169;168085;1584543453;676013;0.005714286;
1584543453;777646;1169;271249;1584543453;777584;0.008351648;
1584543453;880127;1169;372157;1584543453;880065;0.005714286;
1584543453;980407;1169;470901;1584543453;980345;0.005714286;
1584543454;79963;1169;573243;1584543454;79914;0.005714286;
1584543454;181032;1169;672648;1584543454;180984;0.006153846;
1584543454;281378;1169;773518;1584543454;281332;0.006153846;
1584543454;382433;1169;872951;1584543454;382383;0.005714286;
1584543454;482700;1169;973219;1584543454;482652;0.007472527;
1584543454;584443;1170;74958;1584543454;584396;0.1318681;
1584543454;687421;1170;177841;1584543454;687355;0.01010989;
1584543454;786660;1170;277150;1584543454;786613;0.04527472;
1584543454;890454;1170;382079;1584543454;890374;0.01538462;
1584543454;991614;1170;484181;1584543454;991556;0.06461538;
1584543455;90879;1170;581374;1584543455;90834;0.005714286;
1584543455;191425;1170;689327;1584543455;191375;0.008351648;
1584543455;292340;1170;782816;1584543455;292292;0.005714286;
1584543455;392605;1170;885799;1584543455;392555;0.01274725;
1584543455;496476;1170;988357;1584543455;496407;0.008351648;
1584543455;594462;1171;88500;1584543455;594419;0.05714286;
1584543455;695486;1171;187216;1584543455;695442;0.005714286;
1584543455;796134;1171;288797;1584543455;796093;0.007472527;
1584543455;897051;1171;389136;1584543455;897010;0.005714286;
1584543455;998169;1171;490174;1584543455;998126;0.007472527;
1584543456;99689;1171;590221;1584543456;99643;0.01538462;
1584543456;200173;1171;692327;1584543456;200132;0.2189011;
1584543456;301145;1171;793198;1584543456;301100;0.0443956;
1584543456;402223;1171;894158;1584543456;402182;0.02681318;
1584543456;502887;1171;994625;1584543456;502841;0.005714286;
1584543456;603575;1172;95523;1584543456;603534;0.01010989;
1584543456;711628;1172;207871;1584543456;711568;0.007472527;
1584543456;805880;1172;297825;1584543456;805838;0.01010989;
1584543456;907092;1172;399682;1584543456;907038;0.005714286;
1584543457;7722;1172;499474;1584543457;7674;0.01758242;
1584543457;108258;1172;600131;1584543457;108215;0.005714286;
1584543457;209095;1172;700796;1584543457;209054;0.006153846;
1584543457;309801;1172;801543;1584543457;309759;0.005714286;
1584543457;417617;1172;912027;1584543457;417546;0.007032967;
1584543457;512870;1173;4983;1584543457;512826;0.005714286;
1584543457;613908;1173;105953;1584543457;613862;0.006153846;
1584543457;714765;1173;206674;1584543457;714724;0.005714286;
1584543457;815573;1173;307483;1584543457;815531;0.006153846;
1584543457;917103;1173;409212;1584543457;917054;0.01978022;
1584543458;17164;1173;509248;1584543458;17122;0.005714286;
1584543458;119030;1173;612638;1584543458;118983;0.006593407;
1584543458;219709;1173;711527;1584543458;219667;0.005274725;
1584543458;320470;1173;812560;1584543458;320429;0.005714286;
1584543458;421475;1173;913597;1584543458;421433;0.005274725;
1584543458;523654;1174;15971;1584543458;523604;0.005714286;
1584543458;622945;1174;114879;1584543458;622903;0.005274725;
1584543458;723812;1174;215715;1584543458;723771;0.005714286;
1584543458;824829;1174;316958;1584543458;824787;0.005714286;
1584543458;925892;1174;417768;1584543458;925851;0.01494505;
1584543459;26606;1174;518547;1584543459;26566;0.005714286;
1584543459;127534;1174;619944;1584543459;127493;0.005274725;
1584543459;228777;1174;721051;1584543459;228735;0.005714286;
1584543459;330193;1174;829714;1584543459;330150;0.005714286;
1584543459;430587;1174;922084;1584543459;430536;0.005714286;
1584543459;536225;1175;26715;1584543459;536162;0.008791209;
1584543459;633840;1175;125854;1584543459;633634;0.005714286;
1584543459;734182;1175;226122;1584543459;734140;0.006153846;
1584543459;835052;1175;326965;1584543459;835010;0.005714286;
1584543459;935878;1175;431725;1584543459;935837;0.005714286;
1584543460;37198;1175;533930;1584543460;37150;0.01450549;
1584543460;138433;1175;630682;1584543460;138352;0.008351648;
1584543460;248414;1175;738963;1584543460;245235;0.005714286;
1584543460;344514;1175;834990;1584543460;344464;0.005714286;
1584543460;445062;1175;937134;1584543460;445015;0.005274725;
1584543460;546652;1176;38398;1584543460;546603;0.0443956;
1584543460;648048;1176;138522;1584543460;647998;0.005714286;
1584543460;748751;1176;239220;1584543460;748701;0.006153846;
1584543460;849140;1176;339630;1584543460;849094;0.005714286;
1584543460;949653;1176;441932;1584543460;949603;0.005714286;
1584543461;50789;1176;542469;1584543461;50747;0.0167033;
1584543461;153547;1176;644225;1584543461;153489;0.005274725;
1584543461;255333;1176;745841;1584543461;255285;0.005274725;
1584543461;355549;1176;846080;1584543461;354930;0.006153846;
1584543461;456699;1176;948688;1584543461;456650;0.01142857;
1584543461;557522;1177;53739;1584543461;557473;0.005714286;
1584543461;658489;1177;153577;1584543461;658444;0.006153846;
1584543461;760340;1177;256814;1584543461;760290;0.006153846;
1584543461;860905;1177;357198;1584543461;860863;0.005714286;
1584543461;961046;1177;458677;1584543461;960998;0.01318681;
1584543462;68043;1177;559723;1584543462;65647;0.007032967;
1584543462;167943;1177;661105;1584543462;167893;0.008351648;
1584543462;268972;1177;760974;1584543462;268925;0.005714286;
1584543462;370407;1177;863044;1584543462;369653;0.005714286;
1584543462;471398;1177;964251;1584543462;471345;0.005714286;
1584543462;571188;1178;63063;1584543462;571142;0.005714286;
1584543462;671781;1178;165688;1584543462;671734;0.005714286;
1584543462;772656;1178;264743;1584543462;772607;0.01406593;
1584543462;879067;1178;369604;1584543462;879021;0.0167033;
1584543462;980742;1178;471273;1584543462;980694;0.01186813;
1584543463;81892;1178;573697;1584543463;81644;0.01714286;
1584543463;181621;1178;673756;1584543463;181580;0.006153846;
1584543463;282633;1178;774556;1584543463;282591;0.005714286;
1584543463;384098;1178;876040;1584543463;384040;0.006593407;
1584543463;483804;1178;975716;1584543463;483758;0.005714286;
1584543463;585569;1179;78273;1584543463;585510;0.006593407;
1584543463;685079;1179;177178;1584543463;685036;0.1217582;
1584543463;785962;1179;277892;1584543463;785917;0.005714286;
1584543463;886629;1179;378538;1584543463;886586;0.02593406;
1584543463;987445;1179;479352;1584543463;987404;0.01274725;
1584543464;88596;1179;579137;1584543464;88548;0.02593406;
1584543464;190775;1179;682963;1584543464;190714;0.0167033;
1584543464;290714;1179;782767;1584543464;290669;0.07428571;
1584543464;391703;1179;884171;1584543464;391662;0.0167033;
1584543464;491875;1179;984002;1584543464;491831;0.02681318;
1584543464;592903;1180;85011;1584543464;592861;0.005274725;
1584543464;693926;1180;185835;1584543464;693883;0.02593406;
1584543464;794802;1180;286732;1584543464;794761;0.02681318;
1584543464;895628;1180;387523;1584543464;895586;0.1046154;
1584543464;996441;1180;488527;1584543464;996400;0.03648352;
1584543465;97278;1180;589220;1584543465;97233;0.03516484;
1584543465;198222;1180;690149;1584543465;198180;0.005714286;
1584543465;298871;1180;791135;1584543465;298829;0.02637363;
1584543465;401131;1180;891587;1584543465;401083;0.006153846;
1584543465;502531;1180;993022;1584543465;502483;0.08395604;
1584543465;602940;1181;94703;1584543465;602891;0.0189011;
1584543465;704420;1181;196436;1584543465;704366;0.08395604;
1584543465;804396;1181;296560;1584543465;804354;0.005274725;
1584543465;905550;1181;397750;1584543465;905505;0.01582417;
1584543466;6421;1181;498347;1584543466;6376;0.007032967;
1584543466;108114;1181;600475;1584543466;108064;0.08351649;
1584543466;208573;1181;699088;1584543466;208524;0.01714286;
1584543466;322847;1181;813366;1584543466;322777;0.09362637;
1584543466;414839;1181;910499;1584543466;414794;0.01714286;
1584543466;515973;1182;6509;1584543466;515927;0.02417582;
1584543466;616223;1182;108456;1584543466;616178;0.005714286;
1584543466;718177;1182;210316;1584543466;717823;0.01010989;
1584543466;818319;1182;310447;1584543466;818278;0.0254945;
1584543466;919181;1182;415958;1584543466;919139;0.09318681;
1584543467;19817;1182;511643;1584543467;19769;0.03076923;
1584543467;120681;1182;613677;1584543467;120633;0.0254945;
1584543467;222408;1182;720634;1584543467;222344;0.005274725;
1584543467;322434;1182;812950;1584543467;322386;0.0167033;
1584543467;422941;1182;913558;1584543467;422899;0.005714286;
1584543467;530469;1183;22273;1584543467;530420;0.09230769;
1584543467;630299;1183;122096;1584543467;630233;0.01758242;
1584543467;732792;1183;223314;1584543467;732730;0.09098901;
1584543467;831071;1183;323207;1584543467;831023;0.005714286;
1584543467;931963;1183;423957;1584543467;931917;0.02241758;
1584543468;34504;1183;525033;1584543468;34448;0.005714286;
1584543468;135398;1183;627209;1584543468;135342;0.1032967;
1584543468;236508;1183;734553;1584543468;236459;0.0254945;
1584543468;337478;1183;829650;1584543468;337431;0.09318681;
1584543468;438637;1183;931238;1584543468;438594;0.01714286;
1584543468;539184;1184;30885;1584543468;539137;0.0254945;
1584543468;639656;1184;131614;1584543468;639612;0.005274725;
1584543468;740769;1184;232862;1584543468;740728;0.0254945;
1584543468;842095;1184;333935;1584543468;842051;0.02637363;
1584543468;942748;1184;434712;1584543468;942699;0.0676923;
1584543469;43489;1184;537011;1584543469;43439;0.02593406;
1584543469;143679;1184;635569;1584543469;143634;0.02637363;
1584543469;247703;1184;738245;1584543469;245329;0.01494505;
1584543469;346253;1184;837730;1584543469;346200;0.02637363;
1584543469;448072;1184;938614;1584543469;448014;0.01582417;
1584543469;547334;1185;39173;1584543469;547288;0.02461538;
1584543469;648144;1185;140249;1584543469;648102;0.01010989;
1584543469;749008;1185;241047;1584543469;748958;0.009670329;
1584543469;850185;1185;342296;1584543469;850134;0.005714286;
1584543469;951435;1185;441954;1584543469;951388;0.0443956;
1584543470;54200;1185;546612;1584543470;53659;0.005274725;
1584543470;154613;1185;646670;1584543470;154571;0.04527472;
1584543470;255634;1185;747576;1584543470;255592;0.01538462;
1584543470;356360;1185;848377;1584543470;356314;0.05450549;
1584543470;459126;1185;949661;1584543470;459066;0.006593407;
1584543470;559523;1186;51567;1584543470;559475;0.02637363;
1584543470;659449;1186;151407;1584543470;659406;0.04835165;
1584543470;762914;1186;253421;1584543470;762857;0.01010989;
1584543470;862320;1186;354348;1584543470;862272;0.01714286;
1584543470;964423;1186;454962;1584543470;964373;0.009670329;
1584543471;64680;1186;557525;1584543471;64631;0.02593406;
1584543471;166655;1186;658621;1584543471;166606;0.01538462;
1584543471;267718;1186;761594;1584543471;267668;0.005274725;
1584543471;368426;1186;860531;1584543471;368379;0.01714286;
1584543471;469888;1186;961898;1584543471;469841;0.007472527;
1584543471;569897;1187;61968;1584543471;569853;0.005714286;
1584543471;670677;1187;162741;1584543471;670635;0.04483516;
1584543471;771683;1187;263699;1584543471;771608;0.006153846;
1584543471;872746;1187;365113;1584543471;872704;0.07428571;
1584543471;974129;1187;466001;1584543471;974075;0.005274725;
1584543472;75173;1187;567615;1584543472;75126;0.07472528;
1584543472;175558;1187;667503;1584543472;175516;0.007472527;
1584543472;276396;1187;768546;1584543472;276355;0.01054945;
1584543472;377422;1187;869519;1584543472;377381;0.0167033;
1584543472;478454;1187;970547;1584543472;478413;0.06417582;
1584543472;579236;1188;71260;1584543472;579192;0.01010989;
1584543472;680166;1188;172453;1584543472;680125;0.09186812;
1584543472;781381;1188;273494;1584543472;781339;0.05494506;
1584543472;882581;1188;374551;1584543472;882538;0.007032967;
1584543472;983452;1188;475439;1584543472;983409;0.006153846;
1584543473;86588;1188;577782;1584543473;86527;0.05450549;
1584543473;187232;1188;678902;1584543473;187185;0.03560439;
1584543473;287848;1188;779787;1584543473;287806;0.05494506;
1584543473;388843;1188;880970;1584543473;388801;0.0167033;
1584543473;489881;1188;981801;1584543473;489839;0.006593407;
1584543473;590721;1189;82676;1584543473;590678;0.005274725;
1584543473;691574;1189;183509;1584543473;691532;0.0167033;
1584543473;792424;1189;284569;1584543473;792382;0.01010989;
1584543473;893496;1189;385198;1584543473;893455;0.08615384;
1584543473;994317;1189;486239;1584543473;994273;0.006153846;
1584543474;95171;1189;587111;1584543474;95130;0.01010989;
1584543474;196030;1189;688284;1584543474;195988;0.007912087;
1584543474;297201;1189;789412;1584543474;297159;0.007472527;
1584543474;399953;1189;891718;1584543474;399897;0.01010989;
1584543474;498847;1189;992222;1584543474;498805;0.06461538;
1584543474;600181;1190;92551;1584543474;600139;0.007472527;
1584543474;701469;1190;193549;1584543474;701427;0.05318681;
1584543474;802456;1190;294410;1584543474;802414;0.005714286;
1584543474;903377;1190;395292;1584543474;903335;0.006153846;
1584543475;4227;1190;496393;1584543475;4186;0.008351648;
1584543475;105222;1190;597400;1584543475;105181;0.04703296;
1584543475;207292;1190;699780;1584543475;207168;0.005274725;
1584543475;316842;1190;807280;1584543475;316770;0.05318681;
1584543475;412092;1190;904348;1584543475;412049;0.006593407;
1584543475;513295;1191;6604;1584543475;513246;0.005274725;
1584543475;614527;1191;106455;1584543475;614486;0.01406593;
1584543475;715375;1191;207368;1584543475;715333;0.01978022;
1584543475;816284;1191;308492;1584543475;816242;0.005714286;
1584543475;917367;1191;409503;1584543475;917325;0.0676923;
1584543476;18414;1191;510399;1584543476;18366;0.0189011;
1584543476;119329;1191;611263;1584543476;119287;0.005714286;
1584543476;220432;1191;713868;1584543476;220375;0.005274725;
1584543476;321505;1191;813237;1584543476;321450;0.03648352;
1584543476;423819;1191;914400;1584543476;423750;0.008351648;
1584543476;523121;1192;15089;1584543476;523076;0.07384615;
1584543476;630567;1192;121078;1584543476;630513;0.01010989;
1584543476;725485;1192;226052;1584543476;725437;0.01714286;
1584543476;826419;1192;319493;1584543476;826371;0.005274725;
1584543476;927591;1192;418163;1584543476;927546;0.01098901;
1584543477;28828;1192;520576;1584543477;28777;0.005714286;
1584543477;129541;1192;621165;1584543477;129494;0.1217582;
1584543477;229896;1192;721950;1584543477;229851;0.06681319;
1584543477;331870;1192;835013;1584543477;331690;0.1213187;
1584543477;431772;1192;924074;1584543477;431725;0.1028571;
1584543477;532933;1193;25084;1584543477;532892;0.06417582;
1584543477;634131;1193;131102;1584543477;634087;0.005274725;
1584543477;736131;1193;228129;1584543477;736083;0.03604395;
1584543477;837590;1193;332102;1584543477;837545;0.09274725;
1584543477;947425;1193;437985;1584543477;947359;0.1217582;
1584543478;43762;1193;535454;1584543478;43714;0.03560439;
1584543478;146471;1193;637009;1584543478;146423;0.0443956;
1584543478;251432;1193;742017;1584543478;251363;0.006153846;
1584543478;356116;1193;846619;1584543478;356046;0.02593406;
1584543478;452362;1193;944030;1584543478;452314;0.005714286;
1584543478;553954;1194;45714;1584543478;553900;0.03604395;
1584543478;655543;1194;147417;1584543478;655494;0.01274725;
1584543478;756538;1194;246991;1584543478;756490;0.01494505;
1584543478;856709;1194;348970;1584543478;856665;0.006153846;
1584543478;959160;1194;449716;1584543478;959112;0.006153846;
1584543479;59383;1194;551227;1584543479;59337;0.005274725;
1584543479;159997;1194;652142;1584543479;159954;0.1054945;
1584543479;261062;1194;751579;1584543479;261013;0.005714286;
1584543479;363439;1194;853957;1584543479;363389;0.005714286;
1584543479;463225;1194;956429;1584543479;463176;0.006593407;
1584543479;564236;1195;57252;1584543479;564189;0.1604396;
1584543479;666244;1195;156783;1584543479;666188;0.006153846;
1584543479;767260;1195;259359;1584543479;767206;0.01538462;
1584543479;868037;1195;361051;1584543479;867034;0.006153846;
1584543479;967847;1195;460764;1584543479;967801;0.05626373;
1584543480;68612;1195;560687;1584543480;68570;0.01010989;
1584543480;170629;1195;663185;1584543480;170573;0.01142857;
1584543480;271488;1195;763584;1584543480;271433;0.005274725;
1584543480;372305;1195;862812;1584543480;372257;0.007472527;
1584543480;472518;1195;963190;1584543480;472475;0.006153846;
1584543480;573254;1196;63813;1584543480;573206;0.009670329;
1584543480;674562;1196;167082;1584543480;674512;0.007472527;
1584543480;775031;1196;267207;1584543480;774990;0.01494505;
1584543480;876083;1196;368224;1584543480;876041;0.01010989;
1584543480;977364;1196;469591;1584543480;977321;0.007472527;
1584543481;77500;1196;569675;1584543481;77459;0.005714286;
1584543481;178445;1196;670419;1584543481;178397;0.01714286;
1584543481;279806;1196;770396;1584543481;279758;0.005714286;
1584543481;380271;1196;872407;1584543481;380230;0.006153846;
