sent.seconds;sent.microseconds;received.seconds;received.microseconds;sampleTimeStamp.seconds;sampleTimeStamp.microseconds;accelerationX;accelerationY;accelerationZ;
1584543601;584557;1317;77642;1584543601;584557;-9.904812;0.09097967;-0.4932055;
1584543601;678682;1317;173024;1584543601;678682;-9.885658;0.06703765;-0.4189853;
1584543601;777268;1317;272954;1584543601;777268;-9.89763;0.1149217;-0.4548983;
1584543601;872741;1317;365588;1584543601;872741;-9.89763;0.08858546;-0.3950433;
1584543601;911108;1317;404707;1584543601;911108;-9.842563;0.07182605;-0.4213795;
1584543601;992211;1317;488824;1584543601;992211;-9.873688;0.08858546;-0.4501099;
1584543602;97142;1317;591202;1584543602;97142;-9.900023;0.1268927;-0.4525041;
1584543602;277138;1317;769666;1584543602;277138;-9.876081;0.04788403;-0.4405331;
1584543602;306516;1317;810121;1584543602;306516;-9.844957;0.05506664;-0.4381389;
1584543602;392494;1317;892507;1584543602;392494;-9.895235;0.09337386;-0.3734955;
1584543602;492494;1317;985369;1584543602;492494;-9.916783;0.06703765;-0.4022259;
1584543602;582529;1318;75039;1584543602;582529;-9.873688;0.06943185;-0.4285621;
1584543602;620814;1318;113734;1584543602;620814;-9.849746;0.07661445;-0.4046201;
1584543602;703783;1318;200517;1584543602;703783;-9.902418;0.06464344;-0.3878607;
1584543602;792566;1318;285244;1584543602;792566;-9.840169;0.01915361;-0.4381389;
1584543602;887721;1318;380354;1584543602;887721;-9.923965;0.1029507;-0.4237737;
1584543602;922910;1318;416306;1584543602;922910;-9.866505;0.08619126;-0.3974375;
1584543602;998023;1318;493726;1584543602;998023;-9.931149;0.1053449;-0.4381389;
1584543603;91083;1318;584719;1584543603;91083;-9.933542;-0.5602432;-0.4572925;
1584543603;182926;1318;675528;1584543603;182926;-10.14184;-0.1939303;-0.09816227;
1584543603;213208;1318;705782;1584543603;213208;-10.58955;-0.3663129;-0.4692635;
1584543603;297648;1318;790198;1584543603;297648;-10.18493;0.5554548;-0.1149217;
1584543603;393067;1318;885779;1584543603;393067;-10.03649;0.05746084;-0.3926491;
1584543603;487924;1318;980578;1584543603;487924;-9.734824;-0.1699883;-0.332794;
1584543603;507340;1319;8324;1584543603;507340;-9.832986;0.01675941;-0.4860229;
1584543603;598020;1319;90626;1584543603;598020;-9.959879;0.1819593;-0.629675;
1584543603;689061;1319;181909;1584543603;689061;-9.823409;0.2585738;-0.4525041;
1584543603;720830;1319;213651;1584543603;720830;-10.00776;0.2106898;-0.4094085;
1584543603;798310;1319;290830;1584543603;798310;-9.844957;-1.539472;-0.4860229;
1584543603;893269;1319;385915;1584543603;893269;-9.65821;-2.090138;-0.7972692;
1584543603;978377;1319;470955;1584543603;978377;-3.725378;0.7374141;2.501941;
1584543604;10408;1319;506373;1584543604;10408;-14.81293;-3.715801;-1.857901;
1584543604;103682;1319;596424;1584543604;103682;-3.28245;3.481169;0.2250549;
1584543604;199371;1319;691949;1584543604;199371;-6.983886;3.421314;5.046977;
1584543604;297547;1319;790252;1584543604;297547;-9.512163;-0.629675;-7.615955;
1584543604;312857;1319;805896;1584543604;312857;-13.68047;-3.620033;-3.450045;
1584543604;338070;1319;830632;1584543604;338070;-11.72201;-0.296881;0.3974375;
1584543604;352720;1319;845522;1584543604;352720;-10.50336;-1.414973;-2.995146;
1584543604;366415;1319;859227;1584543604;366415;0.5913678;4.994305;2.588132;
1584543604;380051;1319;872932;1584543604;380051;-9.375693;1.462857;5.216965;
1584543604;393504;1319;893498;1584543604;393504;-8.212111;-2.506729;0.7110779;
1584543604;483818;1319;976503;1584543604;483818;-15.92144;-3.284845;2.681506;
1584543604;496518;1319;990379;1584543604;496518;-6.684611;0.6392518;2.743755;
1584543604;594211;1320;86864;1584543604;594211;-6.256049;-2.525883;-3.91452;
1584543604;683949;1320;177508;1584543604;683949;-2.430115;6.430826;4.110844;
1584543604;700188;1320;193183;1584543604;700188;-2.755726;6.720524;-5.044583;
1584543604;805002;1320;297838;1584543604;805002;-13.80497;-3.967192;1.031901;
1584543604;899209;1320;391877;1584543604;899209;-2.813187;6.555324;7.912837;
1584543604;918465;1320;430702;1584543604;918465;-3.574543;2.051831;-1.218649;
1584543605;16515;1320;512603;1584543605;16515;-13.56555;0.5051765;-2.255338;
1584543605;104468;1320;597241;1584543605;104468;-13.74272;0.2418144;-4.194641;
1584543605;126164;1320;620849;1584543605;126164;-6.200982;2.92332;-3.423708;
1584543605;150689;1320;643658;1584543605;150689;-10.21845;-0.4955997;2.286463;
1584543605;168369;1320;662488;1584543605;168369;-12.88559;-1.151611;-0.07182605;
1584543605;260620;1320;753529;1584543605;260620;-14.53041;-2.231396;-0.1843535;
1584543605;276825;1320;769967;1584543605;276825;-4.829105;1.678335;-0.8619126;
1584543605;292880;1320;786328;1584543605;292880;-12.90235;-2.60968;-2.298434;
1584543605;315737;1320;808274;1584543605;315737;-8.834604;-0.3184288;-2.470816;
1584543605;407523;1320;900162;1584543605;407523;-13.82891;0.3615245;-2.360683;
1584543605;423108;1320;915928;1584543605;423108;-8.252813;0.1867477;0.07182605;
1584543605;510030;1321;2559;1584543605;510030;-1.884237;0.6943185;4.022259;
1584543605;525882;1321;21151;1584543605;525882;-18.63407;2.719813;-6.900089;
1584543605;617417;1321;110031;1584543605;617417;-23.0394;-1.687912;-9.52174;
1584543605;637179;1321;131093;1584543605;637179;0.7589619;-1.594538;8.061277;
1584543605;659952;1321;152815;1584543605;659952;-11.80102;-0.308852;-4.853047;
1584543605;673470;1321;166364;1584543605;673470;-18.01876;-1.319205;-5.485116;
1584543605;695938;1321;188874;1584543605;695938;-2.135628;1.134852;4.577713;
1584543605;712091;1321;204980;1584543605;712091;-18.75139;-0.4429273;-6.885724;
1584543605;731213;1321;226822;1584543605;731213;-11.13304;1.546654;-1.742979;
1584543605;814775;1321;309532;1584543605;814775;-14.42507;-1.563414;-3.512294;
1584543605;836580;1321;329631;1584543605;836580;-6.033388;1.826776;2.892196;
1584543605;859516;1321;352057;1584543605;859516;-7.778761;0.4333505;0.4357447;
1584543605;873451;1321;366356;1584543605;873451;-8.226477;-1.522712;-3.294421;
1584543605;888619;1321;381924;1584543605;888619;-11.70525;1.127669;-2.015918;
1584543605;915408;1321;410118;1584543605;915408;-9.052477;0.1963245;2.667141;
1584543605;939484;1321;432062;1584543605;939484;-10.15141;-3.423708;3.387795;
1584543605;960432;1321;453226;1584543605;960432;-11.75553;3.758897;2.238579;
1584543605;974586;1321;467569;1584543605;974586;-10.42914;-0.4405331;-2.008735;
1584543605;991407;1321;486632;1584543605;991407;-10.75236;0.7900866;-3.11725;
1584543606;11029;1321;503708;1584543606;11029;-11.17134;0.4740519;4.948815;
1584543606;27497;1321;520827;1584543606;27497;-11.79384;0.2944868;4.029441;
1584543606;122566;1321;615179;1584543606;122566;-7.577648;1.927332;-0.4285621;
1584543606;144857;1321;655508;1584543606;144857;-15.55034;-3.811569;-0.629675;
1584543606;240191;1321;732822;1584543606;240191;-14.61421;-8.149862;4.077325;
1584543606;329870;1321;822409;1584543606;329870;-14.93982;-2.636016;2.458845;
1584543606;355891;1321;859319;1584543606;355891;-6.253655;2.578555;-2.461239;
1584543606;440821;1321;933538;1584543606;440821;-16.1465;-0.9337386;-0.2442086;
1584543606;459473;1321;962434;1584543606;459473;-7.132327;0.5961562;0.5195417;
1584543606;544250;1322;37032;1584543606;544250;-21.5957;-5.985504;-3.873818;
1584543606;635450;1322;128036;1584543606;635450;-16.60858;-4.448427;-2.219425;
1584543606;659822;1322;176463;1584543606;659822;-0.3998317;2.41575;1.489193;
1584543606;794975;1322;287616;1584543606;794975;-18.05228;-2.916138;0.1149217;
1584543606;820683;1322;319393;1584543606;820683;-7.082048;2.178724;0.332794;
1584543606;857188;1322;350124;1584543606;857188;-10.81221;-0.806846;-2.834735;
1584543606;934874;1322;427456;1584543606;934874;-15.81849;-6.066907;-1.182736;
1584543607;20892;1322;517713;1584543607;20892;-14.0396;0.9121909;0.5147533;
1584543607;45904;1322;538785;1584543607;45904;-7.278373;-1.434127;-3.119645;
1584543607;135969;1322;629437;1584543607;135969;-11.12586;0.06224924;0.9720459;
1584543607;229875;1322;722405;1584543607;229875;-17.58541;-5.942409;1.70946;
1584543607;254848;1322;754477;1584543607;254848;-9.969456;1.216254;1.323994;
1584543607;340803;1322;833534;1584543607;340803;-11.84172;-4.070143;1.68073;
1584543607;429536;1322;922083;1584543607;429536;-8.00621;0.56982;4.335899;
1584543607;450677;1322;946559;1584543607;450677;-12.16733;4.508282;-1.221043;
1584543607;540940;1323;33687;1584543607;540940;-3.004723;3.215413;-2.008735;
1584543607;572699;1323;65625;1584543607;572699;-5.997475;-1.151611;-1.592144;
1584543607;651173;1323;143988;1584543607;651173;-5.940014;0.9840169;-5.650316;
1584543607;741075;1323;233758;1584543607;741075;-5.482722;0.09337386;-6.801927;
1584543607;772128;1323;265458;1584543607;772128;-6.351817;1.668759;-1.625663;
1584543607;850948;1323;343504;1584543607;850948;-18.68914;-2.60968;-0.8044518;
1584543607;886414;1323;379922;1584543607;886414;-7.503428;-5.068525;1.47004;
1584543607;973990;1323;467595;1584543607;973990;-10.76672;-2.801216;-5.32231;
1584543608;1534;1323;494276;1584543608;1534;-9.852139;0.3232172;0.9145851;
1584543608;88616;1323;581490;1584543608;88616;-18.33958;-3.363853;-6.76362;
1584543608;272822;1323;766741;1584543608;272822;-17.77934;-7.510611;-2.676718;
1584543608;351616;1323;844471;1584543608;351616;-7.671022;-2.094926;5.516241;
1584543608;381075;1323;874129;1584543608;381075;-16.61337;0.1508347;-0.007182605;
1584543608;415533;1323;909900;1584543608;415533;-16.17523;-4.575319;-5.214571;
1584543608;496083;1323;990048;1584543608;496083;-2.363077;4.252102;-1.572991;
1584543608;526867;1324;25399;1584543608;526867;-0.03591302;2.916138;-1.355118;
1584543608;554459;1324;47123;1584543608;554459;-31.7519;-11.64061;1.740585;
1584543608;641986;1324;134560;1584543608;641986;-12.49294;-2.217031;4.405331;
1584543608;662158;1324;155817;1584543608;662158;-5.327099;-4.898537;1.987187;
1584543608;746447;1324;239021;1584543608;746447;-9.425972;1.750161;1.149217;
1584543608;770360;1324;265830;1584543608;770360;-6.445191;6.756437;-2.300828;
1584543608;861906;1324;354507;1584543608;861906;-6.330269;7.12275;-0.938527;
1584543608;899326;1324;393524;1584543608;899326;-0.4189853;3.840299;0.296881;
1584543608;982762;1324;475593;1584543608;982762;-4.821922;5.147533;0.9241619;
1584543609;79680;1324;573901;1584543609;79680;-4.132392;2.3535;0.7733271;
1584543609;172042;1324;665219;1584543609;172042;-3.280056;2.394202;-0.4884171;
1584543609;277039;1324;772983;1584543609;277039;-8.441955;-0.85473;3.205836;
1584543609;367292;1324;859869;1584543609;367292;-13.15614;-2.949656;-1.407791;
1584543609;467446;1324;960027;1584543609;467446;-6.05733;-0.6967127;-4.271256;
1584543609;508364;1325;2018;1584543609;508364;-8.983045;-1.695095;-3.483563;
1584543609;590190;1325;82692;1584543609;590190;-7.496245;1.762132;8.161834;
1584543609;687082;1325;180538;1584543609;687082;-8.971073;2.844311;-0.02873042;
1584543609;777426;1325;270285;1584543609;777426;-8.655039;3.983952;2.13084;
1584543609;872653;1325;365332;1584543609;872653;-10.56322;1.525106;-3.098097;
1584543609;909164;1325;405846;1584543609;909164;-10.79545;2.853888;-4.065354;
1584543610;925;1325;498886;1584543610;925;-7.070077;-2.238579;2.619257;
1584543610;93135;1325;585867;1584543610;93135;-6.495469;5.137957;0.9193735;
1584543610;182451;1325;675033;1584543610;182451;-7.752425;10.41717;-3.497929;
1584543610;282918;1325;775548;1584543610;282918;-14.24789;-4.565742;3.169923;
1584543610;318271;1325;811755;1584543610;318271;-16.46014;-2.827552;1.802834;
1584543610;402024;1325;896023;1584543610;402024;-8.681376;-1.608904;-3.20823;
1584543610;487506;1325;980597;1584543610;487506;-9.370905;2.784456;5.951985;
1584543610;583115;1326;75689;1584543610;583115;-8.094796;0.5841852;-1.855506;
1584543610;678155;1326;170768;1584543610;678155;-8.825027;-3.28245;5.50427;
1584543610;725338;1326;218327;1584543610;725338;-3.845088;-2.705448;6.924031;
1584543610;824892;1326;318727;1584543610;824892;-13.84806;3.404555;-0.2250549;
1584543610;851256;1326;343636;1584543610;851256;-13.99411;3.806781;-6.751649;
1584543610;871375;1326;363898;1584543610;871375;-12.31338;0.533907;2.952051;
1584543610;892655;1326;385768;1584543610;892655;-16.1034;-4.278439;-0.2250549;
1584543610;988666;1326;481382;1584543610;988666;-10.4052;-0.8451532;0.9528922;
1584543611;88375;1326;581138;1584543611;88375;-3.045424;5.880159;-3.548207;
1584543611;204926;1326;697669;1584543611;204926;-13.41711;-5.286397;-3.636792;
1584543611;288642;1326;781376;1584543611;288642;-4.058172;1.733402;2.497152;
1584543611;373294;1326;866033;1584543611;373294;-11.31739;2.434903;-5.68144;
1584543611;397087;1326;889876;1584543611;397087;-4.841076;0.260968;-8.659827;
1584543611;514473;1327;7006;1584543611;514473;-13.89355;2.468422;-3.634398;
1584543611;598833;1327;106788;1584543611;598833;2.013524;4.695029;2.073379;
1584543611;698877;1327;191538;1584543611;698877;-14.54478;-1.321599;-5.348647;
1584543611;794010;1327;286616;1584543611;794010;-14.04439;-5.676652;3.301604;
1584543611;819970;1327;312859;1584543611;819970;-11.70286;-3.610456;3.258508;
1584543611;931235;1327;424874;1584543611;931235;-4.434062;5.870583;-7.125144;
1584543612;14412;1327;507162;1584543612;14412;-5.961562;0.7972692;-2.315193;
1584543612;41958;1327;536331;1584543612;41958;-4.510676;-2.219425;-2.528277;
1584543612;124402;1327;617145;1584543612;124402;-11.00375;-4.733336;-1.714248;
1584543612;159225;1327;651585;1584543612;159225;-15.95496;-4.405331;-6.70137;
1584543612;180385;1327;689091;1584543612;180385;-1.999158;7.192182;2.942474;
1584543612;274294;1327;766899;1584543612;274294;-2.961627;1.039083;-1.769315;
1584543612;299792;1327;792389;1584543612;299792;-6.121974;-2.726996;2.983175;
1584543612;374447;1327;867030;1584543612;374447;-10.01734;1.199495;-4.491522;
1584543612;394520;1327;891826;1584543612;394520;-10.09874;3.53863;-2.145205;
1584543612;479353;1327;972002;1584543612;479353;-24.06651;-7.424419;4.704606;
1584543612;500492;1327;993406;1584543612;500492;-18.65562;-3.679888;0.8619126;
1584543612;594441;1328;87065;1584543612;594441;-0.8331822;5.518635;1.99437;
1584543612;619837;1328;112601;1584543612;619837;-1.326388;6.991069;-0.9935937;
1584543612;725417;1328;218358;1584543612;725417;-9.222465;0.5722142;-4.606444;
1584543612;756249;1328;253042;1584543612;756249;-7.553706;2.303222;-2.075773;
1584543612;782418;1328;276796;1584543612;782418;-10.76433;1.819593;-0.8331822;
1584543612;869909;1328;362464;1584543612;869909;-3.308787;2.995146;6.090849;
1584543612;891444;1328;384197;1584543612;891444;-8.863335;-0.02873042;4.527435;
1584543612;979735;1328;472490;1584543612;979735;-20.86547;-0.5147533;-2.576161;
1584543613;10037;1328;502507;1584543613;10037;-10.64462;3.119645;1.776498;
1584543613;94864;1328;587454;1584543613;94864;-6.500257;-2.032677;2.051831;
1584543613;199950;1328;692395;1584543613;199950;-12.08593;-1.817199;-1.836353;
1584543613;225361;1328;718099;1584543613;225361;1.290475;2.255338;-0.7805098;
1584543613;310907;1328;803507;1584543613;310907;-5.583278;3.239355;1.726219;
1584543613;344236;1328;837938;1584543613;344236;-1.252167;5.305551;-1.283292;
1584543613;432807;1328;925678;1584543613;432807;0.05267244;2.209848;3.65834;
1584543613;515324;1329;7832;1584543613;515324;-7.654263;0.2418144;2.422932;
1584543613;546647;1329;43793;1584543613;546647;-10.85052;-5.24809;-0.3495534;
1584543613;633336;1329;126610;1584543613;633336;-9.260772;-8.726865;1.584962;
1584543613;720341;1329;215646;1584543613;720341;-8.820239;-4.74052;-1.098939;
1584543613;751573;1329;248588;1584543613;751573;-18.9525;-4.271256;5.719748;
1584543613;830780;1329;323588;1584543613;830780;-17.7554;-3.409343;-0.1651999;
1584543613;862488;1329;359474;1584543613;862488;-12.469;-6.215347;-5.8634;
1584543613;940428;1329;433242;1584543613;940428;-7.639897;2.20506;0.03351882;
1584543614;29332;1329;522403;1584543614;29332;-12.9646;-5.310339;0.7589619;
1584543614;59144;1329;553063;1584543614;59144;-5.566519;-2.229002;1.848324;
1584543614;159891;1329;652739;1584543614;159891;-6.926425;-2.561796;3.912126;
1584543614;184832;1329;677632;1584543614;184832;-8.772355;3.129222;-0.2298434;
1584543614;214490;1329;706999;1584543614;214490;-10.47463;-3.919308;3.485958;
1584543614;295621;1329;788277;1584543614;295621;-16.81448;-2.999935;-3.969586;
1584543614;324601;1329;817631;1584543614;324601;-15.05474;-1.96564;-4.728548;
1584543614;415961;1329;908600;1584543614;415961;-8.698134;5.17387;-2.126051;
1584543614;440816;1329;933621;1584543614;440816;-9.653421;-1.84593;-8.259995;
1584543614;526011;1330;18806;1584543614;526011;-15.72991;-5.628768;-2.559402;
1584543614;558010;1330;54293;1584543614;558010;-14.06833;0.8978256;3.881001;
1584543614;644888;1330;137648;1584543614;644888;-8.434772;8.111555;-1.414973;
1584543614;735740;1330;228500;1584543614;735740;-10.91756;-3.74932;-2.470816;
1584543614;764882;1330;258233;1584543614;764882;-8.343793;-0.3615245;0.1364695;
1584543614;849580;1330;345834;1584543614;849580;-11.15937;0.6655881;0.617704;
1584543614;939865;1330;432492;1584543614;939865;-7.278373;-0.1292869;2.901772;
1584543615;26031;1330;518560;1584543615;26031;-2.267309;6.186617;0.6584055;
1584543615;50636;1330;543218;1584543615;50636;-14.42507;-4.72376;6.864176;
1584543615;136449;1330;633706;1584543615;136449;-11.85848;-2.597709;-0.629675;
1584543615;231515;1330;724252;1584543615;231515;-9.801862;-2.3535;-2.808398;
1584543615;321012;1330;813700;1584543615;321012;-8.451531;-1.477222;-3.433285;
1584543615;348200;1330;844714;1584543615;348200;-18.66998;-4.022259;-1.412579;
1584543615;445217;1330;938645;1584543615;445217;-10.82179;3.275268;1.347936;
1584543615;536522;1331;29403;1584543615;536522;4.230554;0.4357447;-3.526659;
1584543615;621933;1331;114428;1584543615;621933;-12.67969;4.036624;-1.055843;
1584543615;646853;1331;139260;1584543615;646853;-11.49456;1.125275;-0.1771709;
1584543615;736775;1331;229453;1584543615;736775;-14.16889;4.987122;1.319205;
1584543615;826788;1331;319527;1584543615;826788;-7.632715;3.414132;-4.465186;
1584543615;852292;1331;347734;1584543615;852292;-3.940856;4.793192;-0.08379706;
1584543615;941875;1331;437313;1584543615;941875;-16.67322;1.012747;-0.6464344;
1584543615;998187;1331;490699;1584543615;998187;-10.72363;5.118803;0.9409212;
1584543616;75647;1331;568410;1584543616;75647;-11.58315;7.326257;-0.818817;
1584543616;100143;1331;601857;1584543616;100143;-5.93762;4.268862;-9.55047;
1584543616;191791;1331;684498;1584543616;191791;-10.40041;1.891419;1.084573;
1584543616;211751;1331;704503;1584543616;211751;-10.90559;4.783615;-2.147599;
1584543616;233189;1331;726150;1584543616;233189;-12.7587;5.702988;1.058237;
1584543616;261294;1331;754793;1584543616;261294;-4.249708;4.077325;1.970428;
1584543616;357958;1331;854732;1584543616;357958;-13.52485;2.688689;6.256049;
1584543616;447131;1331;943485;1584543616;447131;-4.687847;2.128445;-2.094926;
1584543616;542318;1332;34899;1584543616;542318;-3.576937;3.883395;3.993528;
1584543616;571139;1332;71581;1584543616;571139;-0.2944868;4.19943;3.739743;
1584543616;668214;1332;161103;1584543616;668214;-15.29416;1.254562;3.792415;
1584543616;762729;1332;258037;1584543616;762729;-13.12501;-2.355894;-0.7757213;
1584543616;856059;1332;349436;1584543616;856059;-12.57195;5.724536;-0.1244985;
1584543616;947964;1332;440584;1584543616;947964;-10.11071;0.7685387;-4.546589;
1584543617;2750;1332;495682;1584543617;2750;-2.525883;7.90326;3.572149;
1584543617;93057;1332;586199;1584543617;93057;-13.66131;-2.303222;0.02873042;
1584543617;194487;1332;687402;1584543617;194487;-2.238579;2.841917;6.651092;
1584543617;224463;1332;717313;1584543617;224463;-10.80264;1.156399;-5.856217;
1584543617;245385;1332;738180;1584543617;245385;-14.25747;0.2657564;-0.2082955;
1584543617;327886;1332;820541;1584543617;327886;-10.1993;-0.3663129;-2.92332;
1584543617;348324;1332;841924;1584543617;348324;-8.50181;2.904167;0.1604115;
1584543617;379248;1332;883858;1584543617;379248;-8.841786;-2.32477;-2.291251;
1584543617;473317;1332;966047;1584543617;473317;-14.23592;0.6679823;-3.335123;
1584543617;573211;1333;66007;1584543617;573211;-5.207388;-1.436521;-0.617704;
1584543617;672198;1333;165695;1584543617;672198;-4.865018;0.641646;1.673547;
1584543617;771983;1333;265376;1584543617;771983;-17.65484;-0.3854665;-1.264138;
1584543617;874402;1333;367158;1584543617;874402;-7.747637;-1.383849;0.6919243;
1584543617;968278;1333;461267;1584543617;968278;-9.713276;-2.578555;-1.053449;
1584543618;78066;1333;570659;1584543618;78066;-9.931149;1.968034;3.335123;
1584543618;173450;1333;666138;1584543618;173450;-5.748478;4.539406;2.164358;
1584543618;273443;1333;766165;1584543618;273443;-0.2394202;2.319981;-5.568913;
1584543618;378413;1333;870972;1584543618;378413;-17.02277;-1.565808;-2.454057;
1584543618;473770;1333;966415;1584543618;473770;-15.63174;-2.449268;-5.705382;
1584543618;563870;1334;56497;1584543618;563870;-13.14417;-4.18267;-1.426944;
1584543618;586365;1334;103424;1584543618;586365;-6.325481;0.8403648;-5.12838;
1584543618;683807;1334;176527;1584543618;683807;-12.09072;0.1460463;-2.372654;
1584543618;783667;1334;276456;1584543618;783667;-7.742848;-4.18267;-1.924938;
1584543618;879913;1334;404956;1584543618;879913;-8.11395;-2.128445;-4.151546;
1584543618;988915;1334;481801;1584543618;988915;-11.05163;-2.406173;4.745308;
1584543619;129243;1334;621982;1584543619;129243;-11.09713;-0.8714894;-4.570531;
1584543619;209969;1334;707087;1584543619;209969;-5.580884;-2.53546;0.1077391;
1584543619;312791;1334;805373;1584543619;312791;-9.727641;-4.074931;3.198653;
1584543619;428946;1334;921994;1584543619;428946;-12.67969;-0.7972692;-0.902614;
1584543619;451116;1334;943769;1584543619;451116;-2.952051;7.022193;8.09719;
1584543619;472648;1334;965480;1584543619;472648;-18.12411;-4.805163;-4.486734;
1584543619;493852;1334;986356;1584543619;493852;-18.48324;-1.482011;-3.763685;
1584543619;599413;1335;121862;1584543619;599413;-0.1604115;0.08858546;1.316811;
1584543619;729296;1335;221984;1584543619;729296;-2.272097;2.667141;-0.7374141;
1584543619;750658;1335;243293;1584543619;750658;-10.14184;0.8379706;-2.245761;
1584543619;772252;1335;265144;1584543619;772252;-15.44499;-1.742979;4.709394;
1584543619;795432;1335;288230;1584543619;795432;-5.475539;3.335123;0.2011129;
1584543619;899866;1335;395937;1584543619;899866;1.398214;6.921637;0.9552864;
1584543619;994914;1335;487533;1584543619;994914;-11.15459;-2.422932;-0.03830723;
1584543620;99691;1335;609359;1584543620;99691;-7.177816;0.7230489;-2.765303;
1584543620;225916;1335;722582;1584543620;225916;-9.07163;2.487576;0.3399766;
1584543620;317972;1335;810486;1584543620;317972;-10.92953;1.297657;2.712631;
1584543620;416448;1335;909259;1584543620;416448;-10.45308;2.557007;0.3016694;
1584543620;511042;1336;7251;1584543620;511042;-13.75708;-0.3280056;1.30484;
1584543620;603770;1336;99965;1584543620;603770;-6.964733;1.223437;5.432444;
1584543620;703250;1336;195737;1584543620;703250;-20.59492;-3.227384;-4.110844;
1584543620;795331;1336;302158;1584543620;795331;-8.99741;0.806846;1.54426;
1584543620;905361;1336;401513;1584543620;905361;-12.38999;-2.30801;0.04548983;
1584543621;14859;1336;507598;1584543621;14859;-14.23592;-4.031836;-1.826776;
1584543621;114188;1336;606614;1584543621;114188;-5.83467;2.676718;1.482011;
1584543621;223134;1336;715834;1584543621;223134;-15.49767;-0.8643068;-2.269703;
1584543621;323688;1336;816156;1584543621;323688;-0.6033388;0.1915361;1.340753;
1584543621;419185;1336;917949;1584543621;419185;-6.275203;0.2585738;1.862689;
1584543621;514879;1337;7226;1584543621;514879;-12.99094;-1.331176;-4.110844;
1584543621;607883;1337;100615;1584543621;607883;-4.955997;1.697489;3.263297;
1584543621;643355;1337;136662;1584543621;643355;-16.92701;-2.312799;-3.100491;
1584543621;721115;1337;214404;1584543621;721115;-6.722918;0.8164228;3.754108;
1584543621;817995;1337;310591;1584543621;817995;-9.694122;7.544129;0.9217677;
1584543621;905304;1337;397946;1584543621;905304;-11.55921;0.1532289;-2.48997;
1584543621;934961;1337;430732;1584543621;934961;-10.60392;1.49877;-0.3543418;
1584543622;21532;1337;514216;1584543622;21532;-3.986346;-0.248997;2.281674;
1584543622;111239;1337;603792;1584543622;111239;-11.65019;-0.3687071;-0.8619126;
1584543622;205936;1337;698819;1584543622;205936;-6.538565;-0.02873042;-0.8523358;
1584543622;233027;1337;725668;1584543622;233027;-7.261614;3.308787;-0.3519476;
1584543622;339819;1337;835848;1584543622;339819;-2.942474;3.931279;2.178724;
1584543622;426640;1337;919731;1584543622;426640;-15.29655;3.141193;-2.516306;
1584543622;516270;1338;11985;1584543622;516270;-17.35796;-0.8331822;-7.996634;
1584543622;611677;1338;104311;1584543622;611677;1.599327;0.7996634;5.33907;
1584543622;696499;1338;198616;1584543622;696499;-8.793902;-3.031059;2.552219;
1584543622;786494;1338;279057;1584543622;786494;1.400608;1.18513;7.321469;
1584543622;817571;1338;313647;1584543622;817571;-19.83357;-1.47004;-8.796297;
1584543622;911011;1338;403649;1584543622;911011;-6.488286;2.990358;3.066972;
1584543622;941054;1338;434651;1584543622;941054;-6.967127;1.747767;0.2513912;
1584543623;31875;1338;524893;1584543623;31875;-14.91109;-2.432509;-4.352659;
1584543623;130105;1338;622707;1584543623;130105;-12.6773;0.7781155;1.359907;
1584543623;226594;1338;719027;1584543623;226594;-11.13543;-0.7685387;-2.916138;
1584543623;317419;1338;810022;1584543623;317419;-11.89439;-0.1244985;-3.787627;
1584543623;346977;1338;842970;1584543623;346977;-6.500257;-1.503559;2.647987;
1584543623;432247;1338;925092;1584543623;432247;-10.58716;-2.032677;-1.022324;
1584543623;528298;1339;21220;1584543623;528298;-1.074997;0.9648632;1.805228;
1584543623;612188;1339;104818;1584543623;612188;-6.569689;4.458004;10.97742;
1584543623;637927;1339;130881;1584543623;637927;-15.91905;0.6967127;-4.721365;
1584543623;732598;1339;225401;1584543623;732598;-6.885724;0.806846;0.4501099;
1584543623;842075;1339;334986;1584543623;842075;-3.627216;2.59292;1.484405;
1584543623;960536;1339;453837;1584543623;960536;-4.333505;4.213795;-4.268862;
1584543623;992824;1339;485430;1584543623;992824;-9.56723;-0.653617;1.42455;
1584543624;68060;1339;560814;1584543624;68060;-7.709329;3.677494;-1.843535;
1584543624;94080;1339;593892;1584543624;94080;-3.150769;0.1484405;-1.165976;
1584543624;178522;1339;671722;1584543624;178522;-12.41154;-2.011129;-6.682217;
1584543624;207424;1339;699836;1584543624;207424;-11.87763;1.450886;0.8690952;
1584543624;231682;1339;724025;1584543624;231682;-15.01164;2.013524;1.939303;
1584543624;317783;1339;810302;1584543624;317783;-8.705317;3.564966;-0.8355764;
1584543624;343230;1339;835755;1584543624;343230;-10.60871;3.926491;0.8930372;
1584543624;432123;1339;924617;1584543624;432123;-4.735731;1.383849;-3.258508;
1584543624;463223;1339;956825;1584543624;463223;-4.007894;0.9241619;1.283292;
1584543624;542616;1340;35183;1584543624;542616;-2.980781;5.738902;3.524265;
1584543624;634833;1340;127548;1584543624;634833;-6.181828;0.9313444;-1.939303;
1584543624;657491;1340;159210;1584543624;657491;-3.481169;-0.1292869;-0.1675941;
1584543624;748186;1340;240876;1584543624;748186;-8.367735;0.6703765;0.653617;
1584543624;843174;1340;335741;1584543624;843174;-5.951985;7.611167;2.015918;
1584543624;936473;1340;429279;1584543624;936473;-19.28051;-2.422932;-2.245761;
1584543624;956319;1340;449212;1584543624;956319;-4.953603;4.972757;-2.743755;
1584543625;48142;1340;540824;1584543625;48142;-9.344569;5.877765;0.9337386;
1584543625;138464;1340;631038;1584543625;138464;-4.390966;8.702923;-1.142034;
1584543625;159313;1340;652597;1584543625;159313;-11.30781;4.055778;-1.982399;
1584543625;253217;1340;746020;1584543625;253217;-7.76679;2.501941;5.549759;
1584543625;344134;1340;837041;1584543625;344134;-24.68422;-4.091691;-4.115633;
1584543625;375636;1340;869588;1584543625;375636;0.4405331;3.677494;-0.3040636;
1584543625;458512;1340;951040;1584543625;458512;-21.83991;-2.274492;-2.885013;
1584543625;543993;1341;36786;1584543625;543993;-11.15459;0.07661445;-2.753332;
1584543625;564763;1341;58005;1584543625;564763;-4.639963;3.473987;0.4955997;
1584543625;648238;1341;140915;1584543625;648238;-11.77468;-2.264915;-4.527435;
1584543625;668348;1341;170461;1584543625;668348;-13.46978;-2.008735;-2.669535;
1584543625;758563;1341;251136;1584543625;758563;-2.116474;0.237026;2.051831;
1584543625;848815;1341;342118;1584543625;848815;-17.12094;-0.2178724;-4.556166;
1584543625;871024;1341;364311;1584543625;871024;-6.270414;0.06464344;-0.09337386;
1584543626;15044;1341;507990;1584543626;15044;-4.316746;6.936002;-0.9576806;
1584543626;111787;1341;607323;1584543626;111787;-6.098032;-3.450045;2.896984;
1584543626;214435;1341;706944;1584543626;214435;-6.842628;4.783615;1.276109;
1584543626;232977;1341;726665;1584543626;232977;-11.91355;3.236961;0.7230489;
1584543626;257558;1341;750297;1584543626;257558;-10.44111;-1.477222;-1.091756;
1584543626;284483;1341;786235;1584543626;284483;-12.82095;-1.565808;0.782904;
1584543626;393488;1341;886424;1584543626;393488;-10.46745;0.1316811;-4.699818;
1584543626;483019;1341;985935;1584543626;483019;-10.47703;-0.3256114;1.563414;
1584543626;574314;1342;66908;1584543626;574314;-10.46027;0.6105214;1.225831;
1584543626;659803;1342;152486;1584543626;659803;-9.852139;2.990358;-1.824382;
1584543626;679761;1342;175735;1584543626;679761;-12.72279;-2.839523;-4.343082;
1584543626;759445;1342;252040;1584543626;759445;-6.629544;1.781286;-4.970363;
1584543626;779326;1342;273843;1584543626;779326;-7.627926;0.9169793;2.528277;
1584543626;889599;1342;382215;1584543626;889599;-8.030152;1.151611;0.8571242;
1584543626;979741;1342;472391;1584543626;979741;-10.74039;-0.4094085;0.2298434;
1584543627;69832;1342;562474;1584543627;69832;-13.01967;-1.144428;2.485181;
1584543627;155293;1342;647848;1584543627;155293;-7.00304;-1.623269;7.785944;
1584543627;175954;1342;668794;1584543627;175954;-14.947;-4.213795;1.146823;
1584543627;215315;1342;708113;1584543627;215315;-14.64533;-9.859323;-6.095637;
1584543627;311043;1342;803419;1584543627;311043;-2.973598;5.085284;0.9409212;
1584543627;335165;1342;827772;1584543627;335165;1.374272;4.469975;0.6584055;
1584543627;361440;1342;854265;1584543627;361440;-20.63084;-0.1173159;-0.8259996;
1584543627;382540;1342;875951;1584543627;382540;-6.519411;8.271967;8.465897;
1584543627;412514;1342;906183;1584543627;412514;-5.12838;6.200982;1.596933;
1584543627;504998;1343;18060;1584543627;504998;-13.84567;3.713407;-0.4692635;
1584543627;618571;1343;111129;1584543627;618571;-9.25359;2.892196;-3.332729;
1584543627;650848;1343;144353;1584543627;650848;-12.54322;-2.343923;-3.536236;
1584543627;728745;1343;221523;1584543627;728745;-9.433154;3.074155;-6.469133;
1584543627;755960;1343;248845;1584543627;755960;3.074155;4.158728;-4.462792;
1584543627;777958;1343;270568;1584543627;777958;-19.37148;-0.5650316;-1.244985;
1584543627;802036;1343;310340;1584543627;802036;-13.35246;1.987187;-0.4955997;
1584543627;894477;1343;386974;1584543627;894477;-7.8865;0.06703765;-3.600879;
1584543627;992405;1343;485227;1584543627;992405;-12.81137;1.321599;4.776433;
1584543628;80436;1343;573207;1584543628;80436;-5.786786;0.8092402;-3.119645;
1584543628;113183;1343;613126;1584543628;113183;-9.849746;1.079785;-2.549825;
1584543628;208028;1343;704902;1584543628;208028;-18.37789;-2.513912;2.978387;
1584543628;300433;1343;793329;1584543628;300433;-9.471461;-2.097321;-2.480393;
1584543628;398021;1343;890594;1584543628;398021;-16.18002;-3.416526;0.3112462;
1584543628;484971;1343;977599;1584543628;484971;-11.02769;-1.264138;-1.326388;
1584543628;570392;1344;63074;1584543628;570392;-11.4371;3.394978;0.1675941;
1584543628;590840;1344;84354;1584543628;590840;-4.845864;3.945644;2.48997;
1584543628;690625;1344;183216;1584543628;690625;-17.41063;-3.677494;1.537077;
1584543628;799347;1344;291826;1584543628;799347;-13.60864;-3.141193;-0.3351882;
1584543628;834890;1344;328622;1584543628;834890;-9.150639;-1.946486;-2.403779;
1584543628;917005;1344;409826;1584543628;917005;-8.884882;5.571307;2.063802;
1584543629;1376;1344;494101;1584543629;1376;-9.02614;-1.606509;-2.978387;
1584543629;101104;1344;593727;1584543629;101104;-7.503428;2.403779;-4.158728;
1584543629;140071;1344;633672;1584543629;140071;-9.876081;-2.267309;-0.1173159;
1584543629;221247;1344;713934;1584543629;221247;-7.987057;-0.05027824;2.738967;
1584543629;310952;1344;807463;1584543629;310952;-7.208941;-0.02633622;-4.367024;
1584543629;400536;1344;893181;1584543629;400536;-13.94144;1.917755;-2.530671;
1584543629;426008;1344;926253;1584543629;426008;-9.794679;0.07182605;-6.660669;
1584543629;511462;1345;4317;1584543629;511462;-13.63737;1.323994;-0.4357447;
1584543629;543821;1345;37322;1584543629;543821;-18.74421;-0.7589619;-2.207454;
1584543629;626594;1345;119117;1584543629;626594;-3.529053;-4.331111;-5.999869;
1584543629;712015;1345;204740;1584543629;712015;-8.288726;0.3423708;-4.352659;
1584543629;806615;1345;299193;1584543629;806615;-6.023811;7.218518;1.489193;
1584543629;831731;1345;330907;1584543629;831731;-3.363853;7.611167;-0.1987187;
1584543629;927194;1345;419740;1584543629;927194;-8.45632;2.880225;-0.6823475;
1584543630;12125;1345;504962;1584543630;12125;-10.57279;-3.536236;4.489128;
1584543630;47783;1345;541422;1584543630;47783;-14.31733;-3.332729;2.796427;
1584543630;126394;1345;618943;1584543630;126394;-11.3126;2.231396;8.391677;
1584543630;216881;1345;709723;1584543630;216881;-8.078036;1.620875;1.666364;
1584543630;250231;1345;743473;1584543630;250231;-3.055001;-1.92015;-1.991976;
1584543630;326934;1345;819533;1584543630;326934;-10.08198;2.255338;7.07726;
1584543630;417124;1345;909792;1584543630;417124;-11.87285;2.456451;1.000776;
1584543630;438933;1345;943090;1584543630;438933;-12.09551;-1.692701;2.657564;
1584543630;527002;1346;19592;1584543630;527002;-13.45302;4.314352;-0.04309563;
1584543630;612357;1346;104966;1584543630;612357;-18.09298;-2.099715;-0.8978256;
1584543630;636207;1346;128972;1584543630;636207;-9.138668;0.007182605;-0.4979939;
1584543630;727667;1346;221016;1584543630;727667;-11.81778;-1.47004;-2.018312;
1584543630;817342;1346;309943;1584543630;817342;-11.78665;-2.480393;1.434127;
1584543630;839649;1346;332770;1584543630;839649;-14.50168;-0.009576807;4.053383;
1584543630;931615;1346;424422;1584543630;931615;-18.9932;4.086902;-3.73256;
1584543631;17361;1346;510029;1584543631;17361;-8.085219;-10.17775;-0.9816227;
1584543631;40708;1346;534494;1584543631;40708;-1.898602;0.3806781;0.9600748;
1584543631;132407;1346;629986;1584543631;132407;-8.947131;-2.487576;-3.58412;
1584543631;222280;1346;714785;1584543631;222280;-12.28225;1.240196;5.470751;
1584543631;249446;1346;750277;1584543631;249446;-13.80257;-5.540183;-2.760514;
1584543631;343193;1346;835739;1584543631;343193;-10.57998;5.204994;3.955221;
1584543631;447585;1346;940480;1584543631;447585;-10.38365;-0.2537854;-3.888184;
1584543631;542423;1347;34933;1584543631;542423;-2.173935;7.170634;0.7278373;
1584543631;633319;1347;125979;1584543631;633319;-11.54245;-0.5243301;2.027889;
1584543631;664311;1347;158018;1584543631;664311;-8.760384;4.113238;-0.1221043;
1584543631;742905;1347;235449;1584543631;742905;-6.136339;-3.392584;-4.06296;
1584543631;853047;1347;345719;1584543631;853047;-16.06749;-5.580884;5.482722;
1584543631;944954;1347;437872;1584543631;944954;-9.363723;-3.169923;1.82917;
1584543632;38157;1347;530994;1584543632;38157;-14.57111;-6.540959;-6.17704;
1584543632;139978;1347;633097;1584543632;139978;-10.72363;-3.706224;-1.917755;
1584543632;243582;1347;740820;1584543632;243582;-15.45697;-0.01675941;-3.20823;
1584543632;338000;1347;830570;1584543632;338000;-6.823475;5.473145;0.6129156;
1584543632;363441;1347;860499;1584543632;363441;-13.90073;-4.704606;0.3591303;
1584543632;464015;1347;971709;1584543632;464015;-3.397372;2.169147;-4.237737;
1584543632;563682;1348;56584;1584543632;563682;-6.114791;6.296751;-2.166753;
1584543632;657129;1348;149844;1584543632;657129;-14.73392;-5.813122;-3.038242;
1584543632;766883;1348;274505;1584543632;766883;-5.185841;-0.8834604;-2.880225;
1584543632;858400;1348;350951;1584543632;858400;-11.24317;3.416526;-1.541866;
1584543632;948701;1348;441468;1584543632;948701;-11.4778;-6.40449;0.3016694;
1584543632;986291;1348;479537;1584543632;986291;-13.20642;-6.825869;-2.011129;
1584543633;86947;1348;584698;1584543633;86947;-6.670246;3.426103;2.63841;
1584543633;170406;1348;678832;1584543633;170406;-10.06283;-0.4165911;-0.3423708;
1584543633;276105;1348;780868;1584543633;276105;-12.41154;0;3.632004;
1584543633;368777;1348;861524;1584543633;368777;2.166753;9.119514;1.496376;
1584543633;468761;1348;961913;1584543633;468761;-9.284714;3.351882;1.144428;
1584543633;564625;1349;57340;1584543633;564625;-11.49456;3.620033;5.571307;
1584543633;664325;1349;157124;1584543633;664325;-7.934384;6.409278;1.798045;
1584543633;770048;1349;262639;1584543633;770048;-5.075707;1.687912;-3.356671;
1584543633;869466;1349;362219;1584543633;869466;-11.75074;-1.582567;-2.798822;
1584543633;969660;1349;462300;1584543633;969660;-9.172187;-0.07900865;4.297592;
1584543634;69591;1349;562389;1584543634;69591;-4.67827;3.234566;0.3974375;
1584543634;169807;1349;662356;1584543634;169807;-13.05319;-1.307234;-5.092467;
1584543634;260660;1349;753507;1584543634;260660;-9.892841;-1.723825;1.520318;
1584543634;278108;1349;770876;1584543634;278108;-16.82884;1.089362;1.594538;
1584543634;370028;1349;862562;1584543634;370028;-7.460332;-0.9768343;-2.686294;
1584543634;396724;1349;889639;1584543634;396724;-10.03649;-0.9528922;-2.499547;
1584543634;499364;1349;991766;1584543634;499364;-13.94862;8.528147;7.67581;
1584543634;600919;1350;96890;1584543634;600919;0.4548983;10.8577;3.576937;
1584543634;707390;1350;199951;1584543634;707390;-11.40598;-2.116474;1.972822;
1584543634;730536;1350;223109;1584543634;730536;-12.00932;-4.551377;-0.8379706;
1584543634;747700;1350;240533;1584543634;747700;-16.73786;0.605733;4.204218;
1584543634;763249;1350;255838;1584543634;763249;-18.19354;-2.082955;0.842759;
1584543634;778877;1350;271444;1584543634;778877;-23.08968;-5.465962;-0.7781155;
1584543634;860244;1350;352928;1584543634;860244;-13.23275;4.869806;-0.5243301;
1584543634;878576;1350;371148;1584543634;878576;-12.82813;-0.3184288;-0.2322376;
1584543634;965085;1350;457807;1584543634;965085;-3.301604;0.9720459;-1.915361;
1584543634;981904;1350;474804;1584543634;981904;-4.39336;-4.508282;-4.280833;
1584543635;71168;1350;563857;1584543635;71168;-10.50815;0.3639187;1.558625;
1584543635;89364;1350;596298;1584543635;89364;-12.39957;2.229002;1.252167;
1584543635;180210;1350;673069;1584543635;180210;-14.56632;-4.027047;1.467646;
1584543635;270477;1350;763086;1584543635;270477;-14.70998;-0.3160346;-2.932897;
1584543635;287966;1350;780803;1584543635;287966;-21.29882;-3.866636;-3.730166;
1584543635;375473;1350;868523;1584543635;375473;-14.0372;2.942474;-1.934515;
1584543635;393130;1350;888918;1584543635;393130;-11.62624;-0.4979939;-1.343147;
1584543635;480553;1350;973410;1584543635;480553;-11.12586;-1.556231;1.927332;
1584543635;570673;1351;63248;1584543635;570673;-9.246407;-2.410961;-3.500323;
1584543635;587886;1351;83295;1584543635;587886;-11.1474;-1.197101;1.92015;
1584543635;689281;1351;183263;1584543635;689281;-10.75954;0.6703765;4.972757;
1584543635;719974;1351;212693;1584543635;719974;-13.63498;-1.443704;2.169147;
1584543635;736278;1351;229147;1584543635;736278;-23.97314;-4.790798;-0.1221043;
1584543635;758014;1351;250709;1584543635;758014;-7.560889;5.480328;-1.403002;
1584543635;775306;1351;267885;1584543635;775306;-9.598354;1.419762;3.181894;
1584543635;799058;1351;291374;1584543635;799058;-0.9169793;4.817134;2.229002;
1584543635;880097;1351;372782;1584543635;880097;8.571242;6.847417;-1.458069;
1584543635;914141;1351;409067;1584543635;914141;-0.02873042;1.853112;-2.549825;
1584543635;985982;1351;478526;1584543635;985982;-7.982268;-3.064578;-6.071695;
1584543636;76079;1351;568745;1584543636;76079;-14.57351;2.882619;2.870648;
1584543636;95585;1351;591321;1584543636;95585;-20.1927;-2.786851;-3.002329;
1584543636;186168;1351;678728;1584543636;186168;-16.91982;0.6464344;-2.236184;
1584543636;215964;1351;710354;1584543636;215964;-12.08593;1.747767;-1.06542;
1584543636;286214;1351;778794;1584543636;286214;-5.691017;-4.175488;-8.161834;
1584543636;376264;1351;869068;1584543636;376264;-16.04833;-6.157887;2.384625;
1584543636;393524;1351;897226;1584543636;393524;-17.36993;1.156399;-0.4141969;
1584543636;486039;1351;978672;1584543636;486039;-12.53843;1.503559;3.49314;
1584543636;518462;1352;13523;1584543636;518462;-14.26944;2.686294;0.9193735;
1584543636;539582;1352;32325;1584543636;539582;-0.4525041;2.025495;3.294421;
1584543636;555858;1352;48613;1584543636;555858;-7.445967;1.733402;-0.1867477;
1584543636;582547;1352;75200;1584543636;582547;-5.583278;-1.177947;5.331887;
1584543636;603746;1352;109621;1584543636;603746;-6.100426;-1.649605;0.1699883;
1584543636;791111;1352;298621;1584543636;791111;-8.056489;0.2561796;2.614468;
1584543636;911930;1352;407395;1584543636;911930;-10.09874;-2.755726;-4.046201;
1584543637;11001;1352;503744;1584543637;11001;-20.72421;-5.559336;-3.406949;
1584543637;108098;1352;600770;1584543637;108098;-14.0396;-0.6727707;-2.454057;
1584543637;198953;1352;691795;1584543637;198953;-15.6509;-1.73819;-1.484405;
1584543637;291488;1352;784216;1584543637;291488;-14.1641;-5.298368;-5.556942;
1584543637;320674;1352;813251;1584543637;320674;-9.964667;-2.425326;-0.3040636;
1584543637;401383;1352;894279;1584543637;401383;0.03351882;7.78355;7.929596;
1584543637;497055;1352;989711;1584543637;497055;-7.302315;0.03830723;2.164358;
1584543637;541393;1353;34251;1584543637;541393;-6.572083;2.377442;-2.102109;
1584543637;624355;1353;117111;1584543637;624355;-11.73877;-6.196194;-1.51553;
1584543637;654540;1353;147127;1584543637;654540;-8.765172;-3.248932;-4.924873;
1584543637;691881;1353;184463;1584543637;691881;-13.45541;-2.410961;2.75812;
1584543637;772608;1353;265459;1584543637;772608;-21.41853;-3.301604;-5.123591;
1584543637;794464;1353;293982;1584543637;794464;-11.57836;-2.513912;0.4165911;
1584543637;904181;1353;397046;1584543637;904181;-13.78581;-1.261744;-2.104503;
1584543638;6050;1353;498551;1584543638;6050;-3.378219;-2.693477;-2.580949;
1584543638;107957;1353;607629;1584543638;107957;-4.213795;-1.580173;2.178724;
1584543638;208062;1353;707477;1584543638;208062;0.9552864;6.684611;-1.953669;
1584543638;324538;1353;820536;1584543638;324538;-13.3788;6.610391;-3.004723;
1584543638;420305;1353;913711;1584543638;420305;-7.599196;3.813963;5.432444;
1584543638;507902;1354;526;1584543638;507902;-6.279991;1.565808;-0.6081272;
1584543638;602849;1354;95314;1584543638;602849;-7.173028;0.3902549;1.546654;
1584543638;632721;1354;130698;1584543638;632721;-18.36353;-6.354211;-3.569755;
1584543638;723153;1354;215630;1584543638;723153;-15.60062;-6.76362;2.703054;
1584543638;824651;1354;317627;1584543638;824651;-4.898537;-4.015076;2.020706;
1584543638;925000;1354;417871;1584543638;925000;-8.932766;-0.3854665;0.1412579;
1584543639;17178;1354;510812;1584543639;17178;-11.95425;-2.468422;6.473921;
1584543639;113188;1354;609926;1584543639;113188;-9.765948;-0.2992752;3.011906;
1584543639;213925;1354;710121;1584543639;213925;-10.51533;-0.6655881;-2.801216;
1584543639;308408;1354;800992;1584543639;308408;-19.06503;-4.13718;-5.382165;
1584543639;338221;1354;834790;1584543639;338221;-4.307169;2.743755;2.667141;
1584543639;423792;1354;916482;1584543639;423792;-8.63828;4.613626;1.237802;
1584543639;513461;1355;6046;1584543639;513461;-3.009511;-0.1460463;1.68073;
1584543639;544995;1355;38428;1584543639;544995;-10.21127;5.12838;-1.146823;
1584543639;628438;1355;121151;1584543639;628438;-14.33169;-2.427721;0.2202666;
1584543639;733600;1355;226602;1584543639;733600;-13.38598;0.1077391;-0.6991069;
1584543639;824608;1355;317878;1584543639;824608;0.6320692;1.66397;1.247379;
1584543639;854882;1355;348808;1584543639;854882;-10.21606;0.07900865;0.4836287;
1584543639;877525;1355;370247;1584543639;877525;-8.463503;1.968034;-1.929726;
1584543639;964000;1355;456659;1584543639;964000;-11.13064;3.473987;0.1364695;
1584543639;984242;1355;477818;1584543639;984242;-8.051701;1.376666;-2.15957;
1584543640;63147;1355;555695;1584543640;63147;-3.181894;2.442086;2.750938;
1584543640;83123;1355;576595;1584543640;83123;-6.842628;5.104438;-0.4692635;
1584543640;164259;1355;657005;1584543640;164259;-10.00058;-1.695095;0.3926491;
1584543640;187713;1355;680440;1584543640;187713;-1.774103;5.647922;2.185906;
1584543640;268972;1355;761962;1584543640;268972;-3.347094;4.113238;0.007182605;
1584543640;290712;1355;783351;1584543640;290712;-11.71962;4.553771;-2.166753;
1584543640;373813;1355;866409;1584543640;373813;-10.08677;-1.493982;-1.769315;
1584543640;392846;1355;885600;1584543640;392846;-16.51281;-1.900996;-6.411672;
1584543640;415699;1355;908577;1584543640;415699;-12.40675;-0.1532289;-7.800309;
1584543640;439793;1355;932844;1584543640;439793;-13.52245;2.540248;0.02154781;
1584543640;538466;1356;30834;1584543640;538466;-6.98628;1.996764;-3.730166;
1584543640;628939;1356;121696;1584543640;628939;-9.157822;4.539406;-5.544971;
1584543640;709175;1356;201774;1584543640;709175;-14.87996;2.252944;1.489193;
1584543640;734378;1356;229731;1584543640;734378;-9.959879;-2.875436;-1.292869;
1584543640;828843;1356;321400;1584543640;828843;-1.371878;1.199495;-1.63524;
1584543640;852531;1356;345774;1584543640;852531;-17.21431;-1.422156;-1.209072;
1584543640;934698;1356;427633;1584543640;934698;-6.593631;-3.110068;-7.366959;
1584543640;968227;1356;460844;1584543640;968227;-18.31804;4.702212;6.926425;
1584543641;44811;1356;537518;1584543641;44811;-10.97263;3.94325;-6.026206;
1584543641;134899;1356;627494;1584543641;134899;-10.18254;-3.61285;-7.963115;
1584543641;219769;1356;713185;1584543641;219769;-10.17775;-1.951274;4.029441;
1584543641;248647;1356;741688;1584543641;248647;-9.136273;-0.3806781;-1.707066;
1584543641;347898;1356;840561;1584543641;347898;-4.896142;4.450821;6.785168;
1584543641;439884;1356;932802;1584543641;439884;-10.84573;-0.9074025;3.0143;
1584543641;467644;1356;979631;1584543641;467644;-14.46337;-4.098873;-0.1316811;
1584543641;567653;1357;65163;1584543641;567653;-3.198653;-1.534683;-6.720524;
1584543641;595233;1357;87963;1584543641;595233;-13.64934;8.303091;-1.00317;
1584543641;680998;1357;174093;1584543641;680998;-8.437166;0.9696517;-7.177816;
1584543641;711693;1357;204463;1584543641;711693;-0.1723825;2.087744;-5.32231;
1584543641;790066;1357;282612;1584543641;790066;-14.58787;-0.5291185;-1.486799;
1584543641;820651;1357;313454;1584543641;820651;-18.11692;-0.9983821;2.525883;
1584543641;844573;1357;337588;1584543641;844573;-0.7206547;-5.355829;-1.465251;
1584543641;940275;1357;433034;1584543641;940275;-17.65724;-0.1795651;0.8714894;
1584543641;966413;1357;468042;1584543641;966413;-11.87045;0.7398083;3.009511;
1584543642;63542;1357;556317;1584543642;63542;-8.882488;2.147599;1.915361;
1584543642;151491;1357;644760;1584543642;151491;-7.060501;0.4692635;-0.938527;
1584543642;240825;1357;733586;1584543642;240825;-8.978256;-0.3543418;2.195483;
1584543642;268163;1357;761411;1584543642;268163;-11.71243;-1.771709;1.221043;
1584543642;296976;1357;797514;1584543642;296976;-8.497022;2.406173;-0.5099649;
1584543642;402033;1357;894631;1584543642;402033;-6.299145;-2.339135;1.898602;
1584543642;422743;1357;915321;1584543642;422743;-15.79934;-5.432444;-1.508347;
1584543642;447934;1357;940774;1584543642;447934;-12.67251;1.436521;-2.545036;
1584543642;474024;1357;970668;1584543642;474024;-11.14501;-1.407791;4.381389;
1584543642;555690;1358;49208;1584543642;555690;-4.252102;1.640028;-4.019865;
1584543642;589083;1358;82938;1584543642;589083;-4.436456;1.551443;-6.186617;
1584543642;675836;1358;172559;1584543642;675836;-8.23366;-0.794875;0.09097967;
1584543642;768576;1358;262200;1584543642;768576;-3.052607;2.272097;2.300828;
1584543642;855631;1358;348334;1584543642;855631;-13.20402;0.7254431;-5.087678;
1584543642;880094;1358;382213;1584543642;880094;-11.91355;6.47871;-0.7661445;
1584543642;972938;1358;466360;1584543642;972938;-3.586514;4.400543;0.4237737;
1584543643;73286;1358;566744;1584543643;73286;-13.33331;7.807492;1.089362;
1584543643;174042;1358;667136;1584543643;174042;-0.5434838;8.623915;-0.3375824;
1584543643;271177;1358;763970;1584543643;271177;-14.25268;-0.9193735;0.7996634;
1584543643;366121;1358;858668;1584543643;366121;-3.114856;3.828328;-6.924031;
1584543643;478345;1358;970976;1584543643;478345;-7.570466;3.423708;-2.633622;
1584543643;566039;1359;58539;1584543643;566039;-7.441179;-0.3519476;-2.03986;
1584543643;661359;1359;153989;1584543643;661359;-5.57849;1.584962;6.071695;
1584543643;687810;1359;186305;1584543643;687810;-12.7611;0.08379706;3.701436;
1584543643;793557;1359;297612;1584543643;793557;-10.57279;3.971981;-1.101333;
1584543643;883212;1359;375848;1584543643;883212;-14.41788;-2.662352;-7.218518;
1584543643;984912;1359;477913;1584543643;984912;-13.65413;-0.3351882;-1.941698;
1584543644;85077;1359;578736;1584543644;85077;-1.386243;3.845088;10.56082;
1584543644;181653;1359;678596;1584543644;181653;-5.288792;5.17387;9.167398;
1584543644;281596;1359;777987;1584543644;281596;-5.626374;3.964798;2.389413;
1584543644;405350;1359;898117;1584543644;405350;-3.074155;-1.707066;-2.616862;
1584543644;432558;1359;925417;1584543644;432558;-3.622427;-2.267309;-0.4812345;
1584543644;457297;1359;949999;1584543644;457297;-9.995792;5.839458;-0.03591302;
1584543644;480321;1359;973100;1584543644;480321;-10.97981;1.501164;2.820369;
1584543644;576977;1360;69691;1584543644;576977;-11.71962;5.166687;2.224213;
1584543644;677070;1360;169686;1584543644;677070;-12.72518;5.74369;-1.151611;
1584543644;777185;1360;269788;1584543644;777185;-9.660604;3.845088;2.892196;
1584543644;882214;1360;374722;1584543644;882214;-17.15685;-4.857835;-3.44765;
1584543644;982285;1360;474840;1584543644;982285;-5.968745;-0.06464344;2.317587;
1584543645;82189;1360;574747;1584543645;82189;-14.55435;-1.345541;0.1963245;
1584543645;182078;1360;674593;1584543645;182078;-12.68687;-1.120486;-1.999158;
1584543645;282536;1360;775048;1584543645;282536;-15.12417;-1.611298;-0.5243301;
1584543645;397216;1360;893808;1584543645;397216;-6.936002;6.634333;3.593697;
1584543645;496533;1360;989433;1584543645;496533;-4.920084;1.362301;-6.607996;
1584543645;587742;1361;80393;1584543645;587742;-12.60308;-2.837129;3.517082;
1584543645;687713;1361;180376;1584543645;687713;-5.114015;2.614468;4.232948;
1584543645;797245;1361;289869;1584543645;797245;-9.811439;-5.090073;2.96881;
1584543645;882715;1361;375277;1584543645;882715;-9.679757;0.3160346;-0.4740519;
1584543645;981159;1361;473786;1584543645;981159;-15.63893;0.7326257;-4.333505;
1584543646;20815;1361;513849;1584543646;20815;-15.18403;-7.874529;1.778892;
1584543646;103162;1361;595978;1584543646;103162;-8.561666;0.3974375;7.010222;
1584543646;199622;1361;692403;1584543646;199622;-15.87835;3.562572;-5.626374;
1584543646;297230;1361;789937;1584543646;297230;-14.4945;-3.275268;-2.746149;
1584543646;397615;1361;890231;1584543646;397615;-11.44668;0.4261679;2.329558;
1584543646;494120;1361;987900;1584543646;494120;-13.11065;0.7805098;-2.461239;
1584543646;525340;1362;19205;1584543646;525340;-8.099585;-3.586514;-2.190695;
1584543646;603184;1362;95635;1584543646;603184;-17.04193;-2.152387;-0.4453215;
1584543646;636645;1362;130636;1584543646;636645;-11.20726;-8.329428;-3.119645;
1584543646;719929;1362;212751;1584543646;719929;-10.39323;-7.560889;1.28808;
1584543646;751081;1362;243885;1584543646;751081;-7.867347;-0.1197101;2.693477;
1584543646;830568;1362;327359;1584543646;830568;-12.78983;-3.809175;4.003105;
1584543646;857614;1362;350323;1584543646;857614;-14.09467;-7.158663;3.473987;
1584543646;883932;1362;376694;1584543646;883932;-9.950302;0.320823;-6.038177;
1584543646;971222;1362;463807;1584543646;971222;-9.828197;-3.363853;-6.572083;
1584543646;992437;1362;494216;1584543646;992437;-10.73799;0.03112462;-1.082179;
1584543647;78553;1362;571107;1584543647;78553;-18.44014;-4.900931;-4.800375;
1584543647;108425;1362;601159;1584543647;108425;-13.72835;-5.121197;-4.194641;
1584543647;203271;1362;695753;1584543647;203271;-15.89271;-3.335123;-0.6991069;
1584543647;288744;1362;781330;1584543647;288744;-10.6949;0.8092402;2.772485;
1584543647;332919;1362;826840;1584543647;332919;-1.654393;-0.3902549;-1.82917;
1584543647;413994;1362;906850;1584543647;413994;-10.80743;1.491588;-4.560954;
1584543647;509347;1363;1940;1584543647;509347;-7.575254;3.648763;-1.115698;
1584543647;609051;1363;101643;1584543647;609051;-9.076419;0.3854665;-2.142811;
1584543647;703453;1363;197727;1584543647;703453;-13.80736;-5.142745;1.778892;
1584543647;735308;1363;235246;1584543647;735308;-3.806781;3.189077;5.324705;
1584543647;818950;1363;315069;1584543647;818950;-7.414843;1.692701;-3.74932;
1584543647;851226;1363;343864;1584543647;851226;-14.68603;-4.510676;5.336676;
1584543647;876316;1363;369093;1584543647;876316;-15.34923;-1.043872;3.591302;
1584543647;898961;1363;391500;1584543647;898961;-18.07622;-5.121197;1.271321;
1584543647;923922;1363;417273;1584543647;923922;-11.79623;-5.736507;-3.677494;
1584543648;30993;1363;523637;1584543648;30993;-11.72201;-4.527435;-2.13084;
1584543648;114248;1363;606731;1584543648;114248;-7.584831;0.9050083;4.110844;
1584543648;147423;1363;641303;1584543648;147423;-10.00058;3.37343;6.124368;
1584543648;237930;1363;740000;1584543648;237930;-11.15937;-7.769185;1.90339;
1584543648;324647;1363;820859;1584543648;324647;-10.11311;0.9840169;1.170765;
1584543648;414692;1363;907116;1584543648;414692;-4.721365;3.435679;0.3591303;
1584543648;451696;1363;945466;1584543648;451696;-10.70208;1.084573;0.1340753;
1584543648;532134;1364;25074;1584543648;532134;-15.91665;1.364695;3.505111;
1584543648;562489;1364;55137;1584543648;562489;-9.018958;1.769315;-1.091756;
1584543648;639602;1364;132272;1584543648;639602;-9.804255;-0.8619126;-2.554613;
1584543648;670534;1364;163016;1584543648;670534;-8.616732;2.669535;-1.764527;
1584543648;696324;1364;189160;1584543648;696324;-15.13375;0.6655881;1.357512;
1584543648;718182;1364;210714;1584543648;718182;-16.19677;0.5267243;3.462016;
1584543648;744378;1364;237165;1584543648;744378;-10.28549;-6.260838;2.889802;
1584543648;857522;1364;350292;1584543648;857522;-11.66216;5.489904;1.812411;
1584543648;882743;1364;375142;1584543648;882743;-9.157822;-2.885013;4.369418;
1584543648;906047;1364;399265;1584543648;906047;-17.75061;-1.70946;1.328782;
1584543648;995213;1364;489190;1584543648;995213;-5.422867;-3.064578;-5.691017;
1584543649;86008;1364;578633;1584543649;86008;-12.48816;1.106121;0.7661445;
1584543649;117862;1364;610280;1584543649;117862;-10.80264;7.821857;3.169923;
1584543649;200208;1364;693747;1584543649;200208;-6.397307;-3.272874;-5.856217;
1584543649;229884;1364;722652;1584543649;229884;-9.181764;7.85777;2.260126;
1584543649;320376;1364;812969;1584543649;320376;-15.56949;6.107608;8.420407;
1584543649;351967;1364;852091;1584543649;351967;-3.828328;-3.931279;-5.971139;
1584543649;435403;1364;935329;1584543649;435403;-14.02523;0.545878;3.73256;
1584543649;525180;1365;17861;1584543649;525180;-5.805939;9.938331;0.7589619;
1584543649;561453;1365;54584;1584543649;561453;-9.785102;-2.298434;5.228936;
1584543649;670150;1365;162969;1584543649;670150;-8.269572;2.966416;-8.315063;
1584543649;696006;1365;188740;1584543649;696006;-16.22072;-0.6895301;-4.376601;
1584543649;716163;1365;209673;1584543649;716163;-8.796297;-2.243367;-3.98874;
1584543649;815802;1365;308381;1584543649;815802;-4.024653;-0.4261679;4.084508;
1584543649;842574;1365;339604;1584543649;842574;-6.062119;5.707777;-2.193089;
1584543649;930267;1365;422858;1584543649;930267;-1.125275;1.283292;-0.2298434;
1584543649;967287;1365;460934;1584543649;967287;-13.28782;-5.121197;-3.368642;
1584543650;51903;1365;544660;1584543650;51903;-18.7035;-2.334347;2.743755;
1584543650;81316;1365;578856;1584543650;81316;-9.095572;1.024718;-8.669404;
1584543650;175729;1365;668712;1584543650;175729;-9.150639;0.9361328;-4.805163;
1584543650;208509;1365;701290;1584543650;208509;-13.8337;-7.33344;5.190629;
1584543650;230534;1365;723069;1584543650;230534;-11.02051;-4.094085;3.545813;
1584543650;316087;1365;808702;1584543650;316087;-13.68047;0.1316811;0.04070143;
1584543650;335589;1365;829036;1584543650;335589;-4.331111;2.707842;-0.6272808;
1584543650;426503;1365;919025;1584543650;426503;-7.25922;0.1628057;-6.440403;
1584543650;455141;1365;947472;1584543650;455141;-5.6982;1.532289;3.950433;
1584543650;536271;1366;29018;1584543650;536271;-6.634333;1.022324;2.906561;
1584543650;567131;1366;65228;1584543650;567131;-9.694122;4.098873;6.409278;
1584543650;674411;1366;166818;1584543650;674411;-7.43639;-1.005565;0.01915361;
1584543650;769239;1366;266922;1584543650;769239;-11.29105;0.2059013;1.924938;
1584543650;874894;1366;368271;1584543650;874894;-11.20247;1.383849;1.300051;
1584543650;970872;1366;469251;1584543650;970872;-11.91834;1.199495;-4.13718;
1584543651;71170;1366;569580;1584543651;71170;-14.06833;-1.594538;6.440403;
1584543651;180505;1366;673246;1584543651;180505;-9.414001;6.121974;-2.746149;
1584543651;289107;1366;785831;1584543651;289107;-12.99094;-5.707777;-2.889802;
1584543651;402073;1366;894555;1584543651;402073;-17.41303;-1.56102;-0.2585738;
1584543651;423605;1366;916435;1584543651;423605;-9.172187;-0.7469909;12.53604;
1584543651;445068;1366;937881;1584543651;445068;-13.38119;3.105279;2.0231;
1584543651;466124;1366;958586;1584543651;466124;-5.911284;-4.13718;-3.950433;
1584543651;566420;1367;59188;1584543651;566420;-14.22635;-6.442797;2.037466;
1584543651;667178;1367;159795;1584543651;667178;-7.678205;-1.043872;0.03591302;
1584543651;771845;1367;264480;1584543651;771845;-7.855376;-0.2418144;-9.054871;
1584543651;877444;1367;369987;1584543651;877444;-10.10353;-0.1340753;-0.3423708;
1584543651;977452;1367;470013;1584543651;977452;-14.72434;2.300828;2.911349;
1584543652;77173;1367;570125;1584543652;77173;-10.10353;0.9193735;-3.093308;
1584543652;177213;1367;669928;1584543652;177213;-17.95412;-4.620809;2.679112;
1584543652;309151;1367;801889;1584543652;309151;-9.224859;3.08852;-4.539406;
1584543652;382695;1367;875494;1584543652;382695;-14.68843;-1.261744;0.9481038;
1584543652;477396;1367;970225;1584543652;477396;-9.485827;-3.342305;-3.696647;
1584543652;577372;1368;70129;1584543652;577372;-14.1234;-2.169147;-4.563348;
1584543652;677796;1368;170567;1584543652;677796;-9.165004;4.098873;1.249773;
1584543652;777844;1368;270593;1584543652;777844;-7.577648;6.402095;1.771709;
1584543652;882625;1368;375141;1584543652;882625;-3.857059;0.4716577;-2.056619;
1584543652;983593;1368;481510;1584543652;983593;-10.41238;1.235408;0.5674258;
1584543653;92004;1368;584596;1584543653;92004;-5.432444;3.938462;3.045424;
1584543653;183248;1368;683372;1584543653;183248;-11.1498;-0.6033388;-11.42274;
1584543653;287877;1368;780469;1584543653;287877;-5.659893;-1.836353;-3.813963;
1584543653;378008;1368;870693;1584543653;378008;-9.495404;2.149993;0.7972692;
1584543653;477983;1368;970741;1584543653;477983;-15.95257;-5.470751;-1.436521;
1584543653;578356;1369;70929;1584543653;578356;-8.398859;-0.6488286;2.645593;
1584543653;668423;1369;161077;1584543653;668423;-7.905654;-6.979098;-3.201048;
1584543653;689969;1369;182620;1584543653;689969;-16.39789;5.042189;-5.841852;
1584543653;788112;1369;280743;1584543653;788112;-3.718195;3.531447;2.753332;
1584543653;883793;1369;376426;1584543653;883793;-9.459491;6.629544;0.3974375;
1584543653;983661;1369;476487;1584543653;983661;-12.33493;2.72939;7.005434;
1584543654;98959;1369;592809;1584543654;98959;-13.91271;-3.150769;-2.77488;
1584543654;198485;1369;690969;1584543654;198485;-15.40669;1.04866;5.353435;
1584543654;285318;1369;778107;1584543654;285318;0.5674258;0.9720459;0.629675;
1584543654;311189;1369;803747;1584543654;311189;-15.16248;-2.643199;0.7781155;
1584543654;400552;1369;893281;1584543654;400552;-9.737218;-6.445191;-0.06943185;
1584543654;431429;1369;923793;1584543654;431429;-8.33661;8.791509;6.184223;
1584543654;447460;1369;940006;1584543654;447460;-8.702923;5.669469;3.167529;
1584543654;465450;1369;958288;1584543654;465450;-7.874529;-4.065354;0.2657564;
1584543654;480928;1369;979374;1584543654;480928;-14.26465;-3.701436;-5.544971;
1584543654;575291;1370;69356;1584543654;575291;-6.746861;5.104438;-4.225766;
1584543654;602738;1370;99767;1584543654;602738;-19.45289;-4.522647;9.80665;
1584543654;683808;1370;176652;1584543654;683808;-17.64048;6.65588;8.377312;
1584543654;714466;1370;206937;1584543654;714466;-11.20008;-2.276886;-5.204994;
1584543654;799204;1370;303090;1584543654;799204;-3.351882;7.165845;4.704606;
1584543654;924203;1370;419483;1584543654;924203;-9.306262;-2.542642;5.875371;
1584543655;19495;1370;514757;1584543655;19495;-13.9989;-5.688623;1.273715;
1584543655;135566;1370;628770;1584543655;135566;-10.81461;6.976704;2.372654;
1584543655;235805;1370;729327;1584543655;235805;-7.627926;7.424419;5.880159;
1584543655;319412;1370;812012;1584543655;319412;-4.390966;-4.010288;8.59279;
1584543655;416355;1370;909168;1584543655;416355;-18.23424;-1.620875;-0.7254431;
1584543655;510123;1371;9000;1584543655;510123;-3.055001;2.401384;3.287239;
1584543655;604783;1371;97369;1584543655;604783;-6.059724;1.35033;-0.6392518;
1584543655;640371;1371;132893;1584543655;640371;-14.01805;-6.418855;3.409343;
1584543655;719713;1371;212420;1584543655;719713;-14.84644;-0.938527;-6.409278;
1584543655;809979;1371;302454;1584543655;809979;-8.350975;-0.2011129;-4.086902;
1584543655;905004;1371;397606;1584543655;905004;-14.28141;-3.653552;-7.673416;
1584543655;933588;1371;435289;1584543655;933588;-6.121974;-0.3974375;-1.982399;
1584543656;25405;1371;518136;1584543656;25405;-14.73392;-7.082048;-1.740585;
1584543656;124905;1371;617627;1584543656;124905;-6.86657;-2.176329;3.754108;
1584543656;219830;1371;712299;1584543656;219830;-4.450821;4.515464;9.16261;
1584543656;247615;1371;740257;1584543656;247615;-10.88643;2.221819;8.485051;
1584543656;325607;1371;818337;1584543656;325607;-8.568848;-2.054225;-3.203442;
1584543656;415768;1371;911685;1584543656;415768;-8.281544;-2.248155;4.165911;
1584543656;449107;1371;941649;1584543656;449107;-13.9989;-5.303157;0.1987187;
1584543656;530670;1372;23283;1584543656;530670;-10.62068;-0.1436521;-9.629479;
1584543656;626403;1372;119015;1584543656;626403;-12.6366;-3.91452;-5.904101;
1584543656;725845;1372;218391;1584543656;725845;-11.19529;-2.401384;0.07422026;
1584543656;810271;1372;302802;1584543656;810271;-10.75475;-3.888184;-6.840234;
1584543656;855920;1372;352944;1584543656;855920;-18.26536;-3.744531;-8.271967;
1584543656;935666;1372;428312;1584543656;935666;-3.191471;5.559336;2.794033;
1584543657;30553;1372;523084;1584543657;30553;-10.02213;-3.79481;-4.666299;
1584543657;63783;1372;558727;1584543657;63783;-8.927978;-3.445256;-2.238579;
1584543657;158916;1372;660704;1584543657;158916;-10.86968;1.209072;-4.388572;
1584543657;270734;1372;763233;1584543657;270734;-16.10101;-10.55604;-6.914454;
1584543657;290898;1372;784399;1584543657;290898;-25.45994;-11.71962;-1.292869;
1584543657;371057;1372;863561;1584543657;371057;-9.763555;0.4644751;-3.476381;
1584543657;391274;1372;884799;1584543657;391274;-8.092402;-1.036689;-0.842759;
1584543657;476242;1372;968978;1584543657;476242;-4.331111;9.88087;-0.9576806;
1584543657;503089;1372;995648;1584543657;503089;-7.323863;10.31662;-1.628057;
1584543657;527977;1373;20725;1584543657;527977;-2.154782;5.106832;-2.576161;
1584543657;551158;1373;44405;1584543657;551158;-13.59428;0.9217677;0.6799533;
1584543657;636316;1373;128940;1584543657;636316;-5.197812;5.509058;0.8116344;
1584543657;741276;1373;233941;1584543657;741276;-12.82334;-0.05985504;0.5530606;
1584543657;830030;1373;322621;1584543657;830030;-13.4626;-2.252944;-6.490681;
1584543657;853267;1373;348022;1584543657;853267;-9.969456;-2.671929;-4.817134;
1584543657;936645;1373;429413;1584543657;936645;-13.83849;-2.647987;-2.346318;
1584543657;961647;1373;454320;1584543657;961647;-8.394071;1.695095;6.548141;
1584543658;50801;1373;543323;1584543658;50801;-15.25106;3.100491;3.871424;
1584543658;136799;1373;629524;1584543658;136799;-7.522582;4.714183;4.276044;
1584543658;162857;1373;683806;1584543658;162857;-10.59195;-2.786851;-1.587356;
1584543658;283972;1373;776573;1584543658;283972;-3.272874;6.955156;5.446809;
1584543658;366438;1373;859359;1584543658;366438;-10.40999;-4.328717;-1.312023;
1584543658;398352;1373;891917;1584543658;398352;-7.058106;-0.4453215;1.651999;
1584543658;421239;1373;913947;1584543658;421239;-5.949591;1.896208;-1.898602;
1584543658;448224;1373;941042;1584543658;448224;-4.098873;4.718971;-1.733402;
1584543658;546491;1374;39020;1584543658;546491;-0.08379706;6.071695;6.916849;
1584543658;570188;1374;62975;1584543658;570188;-4.697423;4.620809;8.269572;
1584543658;656958;1374;153124;1584543658;656958;-16.75941;4.019865;-2.298434;
1584543658;682071;1374;186370;1584543658;682071;-13.36922;2.312799;0.8379706;
1584543658;777617;1374;270229;1584543658;777617;-12.35169;4.635174;1.017536;
1584543658;877075;1374;369986;1584543658;877075;-11.3557;3.04303;1.01993;
1584543658;999447;1374;492772;1584543658;999447;-5.288792;6.445191;0.9911995;
1584543659;77491;1374;570174;1584543659;77491;-10.37886;-2.932897;-1.434127;
1584543659;177570;1374;670943;1584543659;177570;-12.12424;0.6153098;0.7445967;
1584543659;277880;1374;770399;1584543659;277880;-9.526528;-2.044648;5.408502;
1584543659;372813;1374;866311;1584543659;372813;-9.035717;2.257732;-1.51553;
1584543659;467563;1374;963603;1584543659;467563;1.848324;4.218583;-5.006276;
1584543659;567658;1375;63087;1584543659;567658;-4.177882;2.978387;1.862689;
1584543659;662810;1375;155439;1584543659;662810;-9.342175;5.209783;-2.360683;
1584543659;706535;1375;199588;1584543659;706535;-8.010999;6.409278;2.288857;
1584543659;783196;1375;275712;1584543659;783196;-18.1265;3.591302;-2.015918;
1584543659;882560;1375;375111;1584543659;882560;-8.042124;1.460463;4.668693;
1584543659;914441;1375;408111;1584543659;914441;-1.862689;1.247379;2.798822;
1584543660;22523;1375;515329;1584543660;22523;-17.06108;-4.378995;1.740585;
1584543660;50068;1375;544569;1584543660;50068;-9.485827;-3.543418;1.788469;
1584543660;73124;1375;569835;1584543660;73124;-6.241684;2.243367;-2.83234;
1584543660;118329;1375;610703;1584543660;118329;-0.9983821;8.169016;1.977611;
1584543660;193346;1375;685966;1584543660;193346;-12.45464;-2.200271;0.1197101;
1584543660;296396;1375;788969;1584543660;296396;-12.97418;-7.295133;6.038177;
1584543660;383529;1375;882627;1584543660;383529;-6.550536;3.94325;-3.950433;
1584543660;473187;1375;965814;1584543660;473187;-8.602366;3.761291;1.644817;
1584543660;573266;1376;65989;1584543660;573266;-7.347805;6.339846;-2.449268;
1584543660;612977;1376;105721;1584543660;612977;-8.528147;0.4668693;-3.541024;
1584543660;688607;1376;181416;1584543660;688607;-7.376535;3.907337;-2.987964;
1584543660;798474;1376;290928;1584543660;798474;-11.96143;-4.505888;-1.130063;
1584543660;886114;1376;379396;1584543660;886114;-1.175553;4.216189;3.186682;
1584543660;994641;1376;487000;1584543660;994641;-9.694122;-2.892196;1.369483;
1584543661;92384;1376;585972;1584543661;92384;-6.203376;-1.80044;-2.995146;
1584543661;179234;1376;671758;1584543661;179234;-9.323021;-1.989582;-2.511518;
1584543661;278912;1376;771408;1584543661;278912;-8.956708;-0.5626374;0.9074025;
1584543661;378795;1376;871308;1584543661;378795;-13.05319;0.1675941;-2.765303;
1584543661;403580;1376;896274;1584543661;403580;-11.50175;1.620875;-1.941698;
1584543661;495137;1376;988310;1584543661;495137;-5.588067;2.056619;5.274426;
1584543661;583942;1377;76567;1584543661;583942;-13.15374;-3.406949;4.297592;
1584543661;693924;1377;187121;1584543661;693924;-11.33415;1.656788;-6.799533;
1584543661;789149;1377;293312;1584543661;789149;-18.15763;-1.936909;-3.720589;
1584543661;884162;1377;376916;1584543661;884162;-13.07713;-3.342305;-9.627085;
1584543661;984221;1377;477021;1584543661;984221;-12.25352;-3.045424;-2.274492;
1584543662;69091;1377;561718;1584543662;69091;-14.30775;-6.066907;2.880225;
1584543662;101302;1377;593885;1584543662;101302;-14.4538;-1.798045;-3.28245;
1584543662;190099;1377;682681;1584543662;190099;-6.952762;5.214571;6.258443;
1584543662;215393;1377;709283;1584543662;215393;-8.5473;-1.297657;-3.462016;
1584543662;312323;1377;806183;1584543662;312323;-8.836998;-4.304775;-3.586514;
1584543662;404212;1377;896794;1584543662;404212;-9.220071;4.754885;-2.442086;
1584543662;436509;1377;929919;1584543662;436509;-3.172317;0.2298434;2.657564;
1584543662;464317;1377;956870;1584543662;464317;-13.84567;-4.88896;-3.928885;
1584543662;544972;1378;37764;1584543662;544972;-15.58386;-3.569755;2.451663;
1584543662;570287;1378;62782;1584543662;570287;-10.82419;-3.933673;3.490746;
1584543662;644686;1378;137447;1584543662;644686;-9.667787;-2.636016;0.7015011;
1584543662;670445;1378;162945;1584543662;670445;-13.8313;-0.7613561;1.086968;
1584543662;768731;1378;261418;1584543662;768731;-7.642292;4.776433;1.47004;
1584543662;797217;1378;291082;1584543662;797217;-7.410054;6.179434;0.3854665;
1584543662;879911;1378;372547;1584543662;879911;-4.491522;3.303998;1.235408;
1584543662;911474;1378;404242;1584543662;911474;-5.161899;2.975993;-3.576937;
1584543662;999844;1378;492671;1584543662;999844;-16.61337;-8.865728;2.746149;
1584543663;42723;1378;537287;1584543663;42723;-14.27184;-6.746861;-1.817199;
1584543663;131814;1378;624809;1584543663;131814;-8.793902;-1.426944;-4.795586;
1584543663;215562;1378;711874;1584543663;215562;-4.479551;0.3495534;0.7781155;
1584543663;305184;1378;797761;1584543663;305184;-9.279925;-4.381389;5.319916;
1584543663;337151;1378;830204;1584543663;337151;-7.982268;-2.054225;2.877831;
1584543663;415432;1378;907805;1584543663;415432;-10.89841;-3.411737;-2.401384;
1584543663;449347;1378;943374;1584543663;449347;-11.30303;-1.987187;0.248997;
1584543663;538721;1379;31186;1584543663;538721;-14.07791;1.206678;0.9241619;
1584543663;565070;1379;59809;1584543663;565070;-3.900155;9.248801;3.713407;
1584543663;591428;1379;94879;1584543663;591428;-7.61835;1.015141;-1.70946;
1584543663;695950;1379;188547;1584543663;695950;-11.92312;5.090073;1.429338;
1584543663;717480;1379;210914;1584543663;717480;-16.37155;0.356736;4.493917;
1584543663;810177;1379;302766;1584543663;810177;-10.87686;0.3734955;2.449268;
1584543663;850102;1379;343025;1584543663;850102;-5.671864;-2.240973;1.496376;
1584543663;925452;1379;436874;1584543663;925452;-13.69962;-0.962469;-0.533907;
1584543664;30335;1379;522990;1584543664;30335;-14.95179;-2.533065;-6.663063;
1584543664;121059;1379;613669;1584543664;121059;-13.74032;-5.614403;-5.590461;
1584543664;151479;1379;645087;1584543664;151479;-13.74751;-6.629544;-1.991976;
1584543664;246257;1379;738676;1584543664;246257;-8.358158;2.183512;-9.102755;
1584543664;326413;1379;819137;1584543664;326413;-7.429208;-0.28491;1.280898;
1584543664;353256;1379;846263;1584543664;353256;-10.56082;-0.5123591;3.397372;
1584543664;377090;1379;869704;1584543664;377090;-12.17691;0.806846;1.300051;
1584543664;394278;1379;890748;1584543664;394278;-7.771579;3.462016;-4.288015;
1584543664;414966;1379;908720;1584543664;414966;-1.661576;6.354211;-2.394202;
1584543664;439150;1379;937250;1584543664;439150;-14.26705;-9.212888;5.29358;
1584543664;464653;1379;960399;1584543664;464653;-8.212111;7.177816;-4.450821;
1584543664;486555;1379;979069;1584543664;486555;-13.15374;4.448427;-3.131616;
1584543664;509267;1380;1949;1584543664;509267;-11.0253;0.3950433;1.790863;
1584543664;529591;1380;23028;1584543664;529591;-5.590461;8.12592;-4.314352;
1584543664;550363;1380;45592;1584543664;550363;-5.2026;6.706159;6.138733;
1584543664;570602;1380;63383;1584543664;570602;-9.330204;-2.60968;-4.759673;
1584543664;589598;1380;82319;1584543664;589598;-1.745373;7.963115;8.310274;
1584543664;608590;1380;101422;1584543664;608590;-7.891289;-1.517924;-1.572991;
1584543664;624466;1380;123692;1584543664;624466;-5.334281;2.624045;6.777985;
1584543664;706029;1380;198476;1584543664;706029;-15.10741;-6.53617;-6.856994;
1584543664;722950;1380;225814;1584543664;722950;-13.85524;-1.163582;-2.267309;
1584543664;811300;1380;303751;1584543664;811300;-11.77468;-4.453215;-2.810793;
1584543664;826039;1380;318549;1584543664;826039;-9.457096;-1.56102;0.6775591;
1584543664;911376;1380;403841;1584543664;911376;-18.38029;-4.165911;0.6512228;
1584543664;924372;1380;422041;1584543664;924372;-7.524976;9.239224;-0.7134721;
1584543665;16390;1380;508994;1584543665;16390;-14.70758;0.2226608;2.722207;
1584543665;52222;1380;544712;1584543665;52222;-4.589684;0.4477157;3.957615;
1584543665;72566;1380;566724;1584543665;72566;-12.27747;-2.808398;-4.005499;
1584543665;98547;1380;591375;1584543665;98547;-19.31881;-9.873688;0.3734955;
1584543665;199515;1380;692422;1584543665;199515;-4.960786;5.518635;-2.928109;
1584543665;215218;1380;707804;1584543665;215218;-7.462727;-1.201889;-2.944868;
1584543665;230751;1380;723506;1584543665;230751;-13.23275;-0.7996634;-3.423708;
1584543665;247741;1380;756227;1584543665;247741;-14.62618;-2.03986;-1.805228;
1584543665;344088;1380;836850;1584543665;344088;-4.668693;2.011129;0.356736;
1584543665;372836;1380;865666;1584543665;372836;-4.328717;-2.595315;0.4165911;
1584543665;394939;1380;887442;1584543665;394939;-14.31733;-3.098097;-4.912902;
1584543665;410634;1380;903111;1584543665;410634;-5.913678;2.688689;-0.2657564;
1584543665;426656;1380;919151;1584543665;426656;-3.517082;6.327875;-0.5793968;
1584543665;521952;1381;14479;1584543665;521952;-15.66766;-9.528923;-7.029376;
1584543665;538480;1381;31077;1584543665;538480;-6.526594;-5.985504;-3.136404;
1584543665;621904;1381;114478;1584543665;621904;-15.25825;-7.659051;2.236184;
1584543665;637552;1381;130340;1584543665;637552;-14.27423;-8.169016;-1.134852;
1584543665;726916;1381;219437;1584543665;726916;-13.94862;-2.669535;2.315193;
1584543665;743372;1381;235993;1584543665;743372;-13.63258;1.127669;-1.039083;
1584543665;836987;1381;329730;1584543665;836987;-10.42196;3.550601;0.7876924;
1584543665;868526;1381;361101;1584543665;868526;-8.681376;7.582437;1.266533;
1584543665;942006;1381;434538;1584543665;942006;-6.871359;0.2681506;-4.201824;
1584543666;32434;1381;526385;1584543666;32434;-13.50569;3.773262;-1.582567;
1584543666;50529;1381;543034;1584543666;50529;-10.67096;2.643199;-0.9457096;
1584543666;146889;1381;640430;1584543666;146889;-17.45612;-3.071761;-2.889802;
1584543666;237953;1381;730527;1584543666;237953;-6.885724;3.210624;2.80361;
1584543666;254882;1381;747800;1584543666;254882;-9.945514;0.3519476;1.235408;
1584543666;353910;1381;865958;1584543666;353910;-2.545036;9.169792;4.106056;
1584543666;447524;1381;939996;1584543666;447524;1.13964;-0.4692635;5.894525;
1584543666;467799;1381;972640;1584543666;467799;-3.744531;5.063736;4.007894;
1584543666;557539;1382;50388;1584543666;557539;-10.36689;3.790021;1.56102;
1584543666;657555;1382;150729;1584543666;657555;-11.65497;2.221819;2.688689;
1584543666;747211;1382;239753;1584543666;747211;1.51553;4.060566;7.127538;
1584543666;868574;1382;361413;1584543666;868574;-12.98136;1.256956;-5.643133;
1584543666;970403;1382;463653;1584543666;970403;-9.35654;-0.9217677;-6.430826;
1584543667;71250;1382;564577;1584543667;71250;-5.243302;4.817134;-4.58729;
1584543667;157631;1382;650169;1584543667;157631;-14.47534;3.86903;4.910508;
1584543667;271765;1382;764462;1584543667;271765;-18.45451;-5.432444;-5.224148;
1584543667;358034;1382;850533;1584543667;358034;-19.33318;-7.096414;-8.884882;
1584543667;448127;1382;940656;1584543667;448127;-2.06859;12.6342;-1.410185;
1584543667;468812;1382;961909;1584543667;468812;-5.540183;-1.563414;3.617639;
1584543667;573545;1383;66415;1584543667;573545;-18.98123;-1.25935;-1.604115;
1584543667;678063;1383;177809;1584543667;678063;-0.5195417;0.3280056;-0.7206547;
1584543667;796656;1383;303106;1584543667;796656;-3.835511;-0.05267244;2.466028;
1584543667;913200;1383;405894;1584543667;913200;-15.72991;0.7661445;-3.663129;
1584543667;934025;1383;427405;1584543667;934025;-8.362947;3.160346;-0.8690952;
1584543667;958855;1383;452276;1584543667;958855;-13.42908;1.302446;3.837905;
1584543667;983235;1383;481035;1584543667;983235;-0.01915361;5.494693;2.659958;
1584543668;73860;1383;566332;1584543668;73860;-13.64456;-9.375693;-0.8331822;
1584543668;181058;1383;674724;1584543668;181058;-10.84334;-0.8978256;0.9911995;
1584543668;314443;1383;806861;1584543668;314443;-11.78426;3.031059;-2.121263;
1584543668;335410;1383;828081;1584543668;335410;-10.82658;-2.109292;0.04070143;
1584543668;354442;1383;846831;1584543668;354442;-13.03403;-4.855441;-3.177106;
1584543668;376719;1383;869484;1584543668;376719;-10.1155;6.816292;-0.9744401;
1584543668;473831;1383;966414;1584543668;473831;0.1963245;6.871359;5.667075;
1584543668;573519;1384;66380;1584543668;573519;-10.89841;1.539472;1.821988;
1584543668;673971;1384;166423;1584543668;673971;-12.63899;1.156399;1.472434;
1584543668;773527;1384;266267;1584543668;773527;-8.916007;-0.7661445;-0.5554548;
1584543668;813315;1384;306500;1584543668;813315;-12.58871;-0.6153098;-5.336676;
1584543668;888828;1384;381497;1584543668;888828;-7.034164;-6.885724;0.8475474;
1584543669;18055;1384;510528;1584543669;18055;-13.15135;-1.790863;-5.705382;
1584543669;95756;1384;606483;1584543669;95756;-4.982334;-0.3734955;1.055843;
1584543669;196145;1384;689286;1584543669;196145;-11.1067;-6.172252;-2.48997;
1584543669;294006;1384;786449;1584543669;294006;-15.84962;-4.881777;-4.101267;
1584543669;389945;1384;882435;1584543669;389945;-9.586384;-2.851494;1.802834;
1584543669;493874;1384;986321;1584543669;493874;-12.42591;-7.489063;-3.007117;
1584543669;595141;1385;87598;1584543669;595141;-7.8865;-5.568913;-2.743755;
1584543669;695604;1385;188386;1584543669;695604;-12.91911;1.987187;1.211466;
1584543669;799741;1385;292307;1584543669;799741;-12.48816;-3.083732;-0.8762778;
1584543669;899893;1385;392467;1584543669;899893;-8.020576;6.605602;0.2777274;
1584543669;994581;1385;487028;1584543669;994581;-7.137115;-2.643199;-1.192312;
1584543670;96432;1385;589125;1584543670;96432;-13.20642;-6.270414;-4.685452;
1584543670;195613;1385;688905;1584543670;195613;-6.914454;-0.7709329;-9.698911;
1584543670;290101;1385;782338;1584543670;290101;-7.563283;4.72376;-0.04788403;
1584543670;329039;1385;822681;1584543670;329039;-8.463503;4.690241;-1.532289;
1584543670;409888;1385;908236;1584543670;409888;-0.3591303;2.262521;-4.082114;
1584543670;500533;1385;993088;1584543670;500533;-2.420538;2.750938;0.4668693;
1584543670;600697;1386;93267;1584543670;600697;-15.0308;-2.367865;-6.330269;
1584543670;700295;1386;192880;1584543670;700295;-11.43231;3.045424;-0.2298434;
1584543670;737400;1386;229960;1584543670;737400;-7.050924;1.939303;3.29921;
1584543670;810573;1386;303058;1584543670;810573;-14.49929;-6.588843;-1.692701;
1584543670;905506;1386;398072;1584543670;905506;-9.727641;2.705448;-2.477999;
1584543671;928;1386;493581;1584543671;928;-12.01889;5.102044;2.042254;
1584543671;40950;1386;533651;1584543671;40950;-8.916007;6.737284;2.674323;
1584543671;139963;1386;632675;1584543671;139963;-11.59512;6.22253;-2.245761;
1584543671;164629;1386;657396;1584543671;164629;-10.63265;7.704541;-2.03986;
1584543671;191008;1386;692881;1584543671;191008;-9.694122;4.642357;3.191471;
1584543671;295006;1386;787475;1584543671;295006;-13.27106;2.300828;0.7398083;
1584543671;315887;1386;815920;1584543671;315887;-10.80743;3.73256;2.315193;
1584543671;410341;1386;902810;1584543671;410341;-4.876989;-1.163582;-1.704672;
1584543671;506009;1386;998460;1584543671;506009;-13.19923;1.412579;-2.097321;
1584543671;542205;1387;35784;1584543671;542205;-13.69483;-1.99437;-3.241749;
1584543671;615694;1387;108267;1584543671;615694;-1.005565;6.021417;-0.7589619;
1584543671;706103;1387;198552;1584543671;706103;-10.44111;-5.018247;-1.362301;
1584543671;744191;1387;238117;1584543671;744191;-11.92073;0.3423708;0.6631939;
1584543671;829189;1387;322453;1584543671;829189;-4.13718;3.181894;-4.22816;
1584543671;935822;1387;427919;1584543671;935822;-17.27177;-5.018247;-2.48997;
1584543671;967557;1387;460890;1584543671;967557;-8.949526;-5.731719;-6.356606;
1584543671;990549;1387;483238;1584543671;990549;-8.746018;2.272097;-3.483563;
1584543672;76307;1387;568945;1584543672;76307;-18.93335;-2.375048;0.5147533;
1584543672;96217;1387;599666;1584543672;96217;-11.86088;-1.170765;2.762909;
1584543672;196431;1387;700872;1584543672;196431;-8.45632;0.1484405;1.774103;
1584543672;291568;1387;783634;1584543672;291568;-1.608904;4.469975;-1.525106;
1584543672;311713;1387;804396;1584543672;311713;-5.511452;0.6368576;-5.200206;
1584543672;408290;1387;901081;1584543672;408290;-9.0429;0.4333505;3.552995;
1584543672;435444;1387;929122;1584543672;435444;-10.90319;2.547431;-3.335123;
1584543672;521465;1388;14212;1584543672;521465;-11.79144;2.315193;7.060501;
1584543672;616719;1388;109478;1584543672;616719;-8.360552;2.291251;-2.616862;
1584543672;654501;1388;147853;1584543672;654501;-9.296685;1.422156;-8.372523;
1584543672;763827;1388;256474;1584543672;763827;-8.552089;9.004593;-1.96564;
1584543672;786037;1388;278572;1584543672;786037;-1.302446;10.13466;1.431733;
1584543672;817126;1388;309707;1584543672;817126;-18.78251;-4.93445;-0.1460463;
1584543672;911965;1388;404532;1584543672;911965;-12.03565;1.300051;-4.268862;
1584543672;936135;1388;432846;1584543672;936135;-6.064513;-0.02394202;0.5506664;
1584543673;26772;1388;524637;1584543673;26772;-15.66047;-2.949656;-6.030994;
1584543673;122144;1388;614670;1584543673;122144;-8.868123;3.280056;-2.777274;
1584543673;217080;1388;709606;1584543673;217080;-2.736573;0.5913678;-3.636792;
1584543673;245319;1388;740376;1584543673;245319;-2.861071;-0.4548983;-3.186682;
1584543673;347218;1388;839997;1584543673;347218;-11.21684;0.85473;0.7493851;
1584543673;442546;1388;935130;1584543673;442546;-8.446743;-2.992752;-3.023877;
1584543673;542688;1389;35194;1584543673;542688;-0.7924808;10.04846;-2.686294;
1584543673;632406;1389;129607;1584543673;632406;-12.7611;3.679888;0.6895301;
1584543673;727897;1389;220691;1584543673;727897;-8.228871;5.386954;5.420473;
1584543673;752749;1389;263170;1584543673;752749;-10.12987;1.630451;-1.601721;
1584543673;863439;1389;365200;1584543673;863439;-8.379705;-8.24563;-0.890643;
1584543673;947751;1389;440359;1584543673;947751;-16.57266;-1.527501;0.7374141;
1584543674;43250;1389;535759;1584543674;43250;-5.600038;2.164358;-1.757344;
1584543674;143004;1389;635505;1584543674;143004;-18.34677;0.6248866;1.630451;
1584543674;232967;1389;725608;1584543674;232967;-7.405266;0.2944868;-6.768408;
1584543674;257441;1389;780862;1584543674;257441;-5.324705;1.647211;-7.208941;
1584543674;363619;1389;856964;1584543674;363619;-8.408436;-7.422025;1.84593;
1584543674;458030;1389;950777;1584543674;458030;-12.90235;0.05027824;1.221043;
1584543674;558091;1390;50627;1584543674;558091;-4.048595;5.238513;-1.850718;
1584543674;648822;1390;141638;1584543674;648822;-9.358934;5.018247;-2.437297;
1584543674;683976;1390;176548;1584543674;683976;-9.629479;3.773262;-0.7924808;
1584543674;772184;1390;283328;1584543674;772184;-6.79235;2.671929;1.276109;
1584543674;868437;1390;367328;1584543674;868437;-6.390124;2.475605;-2.880225;
1584543674;967986;1390;460878;1584543674;967986;-13.43626;-1.70946;-4.292804;
1584543675;63439;1390;556196;1584543675;63439;-1.972822;3.622427;-0.2178724;
1584543675;163566;1390;656201;1584543675;163566;-6.730101;-0.878672;-0.3519476;
1584543675;294634;1390;786956;1584543675;294634;-8.094796;6.009446;1.690306;
1584543675;368636;1390;861401;1584543675;368636;-18.17199;-2.669535;7.252037;
1584543675;463714;1390;956416;1584543675;463714;-7.819463;-1.850718;-10.68293;
1584543675;558407;1391;50888;1584543675;558407;-8.389282;-2.018312;-8.894459;
1584543675;598061;1391;91161;1584543675;598061;-3.519476;-1.106121;1.431733;
1584543675;673871;1391;166395;1584543675;673871;-17.39148;3.797204;0.8571242;
1584543675;773942;1391;266454;1584543675;773942;-13.23275;-4.139575;0.3615245;
1584543675;868951;1391;361826;1584543675;868951;-13.75948;-10.70687;-2.339135;
1584543675;895848;1391;407531;1584543675;895848;-12.36605;2.607285;0.1508347;
1584543676;3949;1391;499838;1584543676;3949;-18.54788;-0.4572925;-7.785944;
1584543676;30796;1391;523869;1584543676;30796;-2.214637;-2.657564;-4.568137;
1584543676;112287;1391;604923;1584543676;112287;-3.699042;2.679112;-3.634398;
1584543676;133997;1391;627048;1584543676;133997;-8.853758;-0.2873042;7.343017;
1584543676;159605;1391;652313;1584543676;159605;-8.714894;-6.344635;1.405396;
1584543676;212108;1391;705643;1584543676;212108;-5.72693;5.355829;-4.831499;
1584543676;291381;1391;784461;1584543676;291381;-0.4429273;-2.097321;-2.118868;
1584543676;379880;1391;872555;1584543676;379880;-10.9846;-4.19943;0.4165911;
1584543676;480749;1391;980816;1584543676;480749;-10.21366;-4.673481;6.679822;
1584543676;579887;1392;72491;1584543676;579887;-20.13524;4.139575;1.558625;
1584543676;679416;1392;171880;1584543676;679416;-15.27261;-0.1412579;6.528988;
1584543676;774562;1392;267141;1584543676;774562;-1.211466;2.762909;6.157887;
1584543676;874481;1392;366993;1584543676;874481;-11.74595;2.554613;-5.382165;
1584543676;969830;1392;462338;1584543676;969830;-6.86657;0.2202666;1.472434;
1584543677;6292;1392;502717;1584543677;6292;-19.86469;2.525883;-6.890512;
1584543677;89944;1392;582509;1584543677;89944;-13.75229;-2.497152;0.653617;
1584543677;207589;1392;700318;1584543677;207589;-6.315904;-1.218649;-5.05416;
1584543677;290043;1392;782477;1584543677;290043;-15.53837;1.316811;-2.899378;
1584543677;325018;1392;818662;1584543677;325018;-7.821857;2.025495;-0.3303998;
1584543677;403730;1392;896380;1584543677;403730;-11.58315;-2.753332;-2.784456;
1584543677;431915;1392;924740;1584543677;431915;-10.27591;-3.354276;-5.006276;
1584543677;455446;1392;953555;1584543677;455446;-9.73243;-2.037466;4.295198;
1584543677;535118;1393;27904;1584543677;535118;-9.02614;1.161188;-1.381454;
1584543677;555903;1393;48725;1584543677;555903;-9.186552;-3.74932;1.793257;
1584543677;579665;1393;72376;1584543677;579665;-6.327875;-2.207454;5.183446;
1584543677;670489;1393;162989;1584543677;670489;-10.71645;-5.614403;4.788404;
1584543677;691024;1393;183577;1584543677;691024;-11.66216;-2.571373;-1.941698;
1584543677;798838;1393;291199;1584543677;798838;-15.80891;-1.103727;-0.9792285;
1584543677;885203;1393;377793;1584543677;885203;-16.69716;-2.157176;-1.302446;
1584543677;970823;1393;463308;1584543677;970823;-2.255338;7.161057;-2.092532;
1584543678;999;1393;493835;1584543678;999;-15.63414;-2.741361;2.837129;
1584543678;95531;1393;587961;1584543678;95531;-4.036624;3.311181;2.511518;
1584543678;196654;1393;691809;1584543678;196654;-0.8403648;3.062184;0.6584055;
1584543678;290328;1393;782820;1584543678;290328;-8.027759;-3.193865;-1.242591;
1584543678;316101;1393;808776;1584543678;316101;-13.91031;0.2106898;-2.066196;
1584543678;400765;1393;893504;1584543678;400765;-17.81047;-4.84347;1.819593;
1584543678;434552;1393;928965;1584543678;434552;-9.181764;-6.897695;-2.0231;
1584543678;514010;1394;7256;1584543678;514010;-9.631873;5.243302;4.836287;
1584543678;595873;1394;89159;1584543678;595873;-14.04199;-4.211401;0.5554548;
1584543678;686012;1394;178517;1584543678;686012;-14.53041;-0.7613561;3.277662;
1584543678;707553;1394;200674;1584543678;707553;-10.28549;-1.137246;0.7062895;
1584543678;787920;1394;280763;1584543678;787920;-8.643068;1.742979;2.470816;
1584543678;808659;1394;301692;1584543678;808659;-8.528147;4.469975;2.724602;
1584543678;911105;1394;408851;1584543678;911105;-15.57428;-3.021482;-3.993528;
1584543679;11149;1394;503819;1584543679;11149;-14.00847;-1.079785;3.193865;
1584543679;108992;1394;601621;1584543679;108992;-9.006987;-5.741296;-2.214637;
1584543679;210012;1394;702473;1584543679;210012;-10.61589;0.3471592;-1.429338;
1584543679;291422;1394;783898;1584543679;291422;-8.463503;1.855506;3.955221;
1584543679;311956;1394;804972;1584543679;311956;-7.996634;-1.036689;4.766856;
1584543679;402500;1394;895097;1584543679;402500;-1.539472;7.987057;4.570531;
1584543679;427318;1394;920109;1584543679;427318;-5.370194;4.728548;6.969521;
1584543679;511661;1395;4221;1584543679;511661;-8.073248;-2.839523;0.332794;
1584543679;545285;1395;39122;1584543679;545285;-8.655039;-1.719037;-0.308852;
1584543679;624048;1395;117045;1584543679;624048;-6.081272;-3.454833;2.971204;
1584543679;711683;1395;204239;1584543679;711683;-2.554613;-2.051831;-7.129932;
1584543679;806381;1395;298813;1584543679;806381;-13.71878;-6.79235;2.959233;
1584543679;834528;1395;330312;1584543679;834528;-11.32697;-3.912126;1.644817;
1584543679;916674;1395;409268;1584543679;916674;-14.94221;-5.521029;-1.628057;
1584543679;950720;1395;444596;1584543679;950720;-13.06995;-4.99191;1.314417;
1584543679;973466;1395;470932;1584543679;973466;-7.206547;5.477933;0.03830723;
1584543680;61826;1395;554607;1584543680;61826;-9.157822;-12.55759;0.1843535;
1584543680;85514;1395;578397;1584543680;85514;-10.14663;-6.897695;-1.637634;
1584543680;166877;1395;659379;1584543680;166877;-15.03798;-2.964022;-1.412579;
1584543680;262270;1395;773713;1584543680;262270;-15.42345;-6.531382;-5.214571;
1584543680;362059;1395;854596;1584543680;362059;-12.14339;1.762132;2.461239;
1584543680;393044;1395;886430;1584543680;393044;-9.387665;3.603273;-1.556231;
1584543680;467291;1395;959774;1584543680;467291;-13.44823;-2.659958;-9.028535;
1584543680;562497;1396;54983;1584543680;562497;-11.66455;-2.83234;3.691859;
1584543680;659997;1396;153105;1584543680;659997;-6.737284;1.410185;15.33486;
1584543680;695085;1396;187595;1584543680;695085;-10.76672;-1.163582;-4.048595;
1584543680;772267;1396;264888;1584543680;772267;-5.346252;-4.553771;9.885658;
1584543680;867061;1396;359548;1584543680;867061;-15.16487;-0.782904;-5.750873;
1584543680;902595;1396;395101;1584543680;902595;-10.95587;1.776498;2.964022;
1584543680;977493;1396;469990;1584543680;977493;0.3806781;-1.575385;-14.9901;
1584543681;10623;1396;503053;1584543681;10623;-7.139509;1.041478;6.615179;
1584543681;32665;1396;529267;1584543681;32665;-12.86165;1.335965;-0.3950433;
1584543681;123301;1396;615753;1584543681;123301;-12.58871;-8.085219;3.239355;
1584543681;155067;1396;651245;1584543681;155067;-10.50576;-9.234436;-8.810662;
1584543681;241865;1396;734468;1584543681;241865;4.704606;22.94363;-13.6685;
1584543681;354283;1396;846860;1584543681;354283;-12.83053;9.0429;-4.115633;
1584543681;396085;1396;888739;1584543681;396085;-19.18953;5.777209;-3.813963;
1584543681;472958;1396;969434;1584543681;472958;-7.019799;11.95425;-9.730036;
1584543681;568312;1397;61410;1584543681;568312;-3.20823;4.098873;-6.730101;
1584543681;598206;1397;100241;1584543681;598206;-8.444349;-2.166753;2.047042;
1584543681;684092;1397;180767;1584543681;684092;-16.70674;2.456451;8.75799;
1584543681;773392;1397;266697;1584543681;773392;-12.45464;-0.5003881;-2.681506;
1584543681;866226;1397;359324;1584543681;866226;-16.67562;-0.9983821;5.48751;
1584543681;948679;1397;441385;1584543681;948679;1.446098;6.59842;2.8491;
1584543682;38787;1397;531265;1584543682;38787;-19.10094;-0.7661445;-1.314417;
1584543682;128390;1397;621017;1584543682;128390;-7.40766;-2.525883;1.412579;
1584543682;149256;1397;643029;1584543682;149256;-9.583989;5.576096;3.083732;
1584543682;238218;1397;730694;1584543682;238218;-8.413224;1.987187;-0.6105214;
1584543682;299000;1397;791805;1584543682;299000;-19.15122;-1.187524;-0.85473;
1584543682;385138;1397;877877;1584543682;385138;-13.88158;2.329558;-1.45328;
1584543682;409972;1397;903518;1584543682;409972;-5.973533;0.7709329;0.6105214;
1584543682;433141;1397;925801;1584543682;433141;-11.98298;3.754108;-1.78368;
1584543682;454531;1397;947100;1584543682;454531;-9.643845;1.553837;-0.7302315;
1584543682;550166;1398;42930;1584543682;550166;-11.85609;-0.09337386;-1.09415;
1584543682;643919;1398;136554;1584543682;643919;-9.447519;-0.1987187;-0.3351882;
1584543682;684594;1398;177168;1584543682;684594;-9.500193;-0.01436521;-0.9840169;
1584543682;766879;1398;271342;1584543682;766879;-10.2831;-0.308852;-0.5674258;
1584543682;858458;1398;350944;1584543682;858458;-9.279925;-0.2561796;-0.3184288;
1584543682;954064;1398;446599;1584543682;954064;-9.828197;0.1556231;-0.5123591;
1584543683;45094;1398;537901;1584543683;45094;-10.12029;0.2657564;-0.5291185;
1584543683;68812;1398;577254;1584543683;68812;-9.785102;0.1029507;-0.4979939;
1584543683;163717;1398;656333;1584543683;163717;-9.979033;0.1556231;-0.5099649;
1584543683;291744;1398;787238;1584543683;291744;-9.830592;0.1005565;-0.4453215;
1584543683;424241;1398;916957;1584543683;424241;-9.837774;0.1053449;-0.5147533;
1584543683;444296;1398;937914;1584543683;444296;-9.854534;0.06224924;-0.4716577;
1584543683;471448;1398;971075;1584543683;471448;-9.967061;0.1268927;-0.4572925;
1584543683;564938;1399;57464;1584543683;564938;-9.828197;0.1244985;-0.4764461;
1584543683;654140;1399;146645;1584543683;654140;-9.911995;0.1268927;-0.4955997;
1584543683;682235;1399;175565;1584543683;682235;-9.849746;0.1125275;-0.4620809;
1584543683;769515;1399;262069;1584543683;769515;-9.907207;0.1340753;-0.5386954;
1584543683;871064;1399;363608;1584543683;871064;-9.837774;0.08140285;-0.5243301;
1584543683;962360;1399;454805;1584543683;962360;-9.837774;0.1484405;-0.4979939;
