sent.seconds;sent.microseconds;received.seconds;received.microseconds;sampleTimeStamp.seconds;sampleTimeStamp.microseconds;position;
1584543601;595297;1317;82122;1584543601;595297;-0;
1584543601;695735;1317;182561;1584543601;695735;-0;
1584543601;796225;1317;283045;1584543601;796225;-0;
1584543601;896675;1317;383501;1584543601;896675;0.01031526;
1584543601;997134;1317;483959;1584543601;997134;0.02578814;
1584543602;97560;1317;584382;1584543602;97560;0.03093051;
1584543602;198084;1317;685021;1584543602;198084;0.03608814;
1584543602;299042;1317;786003;1584543602;299042;0.05156102;
1584543602;399833;1317;886673;1584543602;399833;0.05670339;
1584543602;500415;1317;987255;1584543602;500415;0.06186102;
1584543602;600947;1318;87875;1584543602;600947;0.07217628;
1584543602;701510;1318;188331;1584543602;701510;0.08249153;
1584543602;802034;1318;288861;1584543602;802034;0.08249153;
1584543602;902579;1318;389466;1584543602;902579;0.08249153;
1584543603;3113;1318;489940;1584543603;3113;0.09279153;
1584543603;103704;1318;590626;1584543603;103704;0.1082644;
1584543603;204596;1318;691515;1584543603;204596;0.1134068;
1584543603;304959;1318;791802;1584543603;304959;0.1134068;
1584543603;405966;1318;892791;1584543603;405966;0.1185644;
1584543603;506059;1318;992884;1584543603;506059;0.1185644;
1584543603;606493;1319;93319;1584543603;606493;0.1185644;
1584543603;706934;1319;193761;1584543603;706934;0.1340373;
1584543603;807377;1319;294201;1584543603;807377;0.1391797;
1584543603;907796;1319;394620;1584543603;907796;0.1391797;
1584543604;8289;1319;495205;1584543604;8289;0.1391797;
1584543604;109127;1319;596077;1584543604;109127;0.1443373;
1584543604;210034;1319;696863;1584543604;210034;0.1443373;
1584543604;310483;1319;797316;1584543604;310483;0.1443373;
1584543604;411124;1319;897957;1584543604;411124;0.123722;
1584543604;511625;1319;998450;1584543604;511625;0.09279153;
1584543604;612082;1320;98905;1584543604;612082;0.0773339;
1584543604;712540;1320;199410;1584543604;712540;0.0773339;
1584543604;813108;1320;299933;1584543604;813108;0.0773339;
1584543604;913720;1320;400680;1584543604;913720;0.0773339;
1584543605;14504;1320;501340;1584543605;14504;0.08249153;
1584543605;115040;1320;601869;1584543605;115040;0.09794915;
1584543605;215523;1320;702353;1584543605;215523;0.1031068;
1584543605;316042;1320;802880;1584543605;316042;0.1031068;
1584543605;416583;1320;903418;1584543605;416583;0.1031068;
1584543605;517163;1321;4000;1584543605;517163;0.1082644;
1584543605;617686;1321;104521;1584543605;617686;0.1082644;
1584543605;718434;1321;205382;1584543605;718434;0.1082644;
1584543605;819280;1321;306114;1584543605;819280;0.1082644;
1584543605;919756;1321;406586;1584543605;919756;0.1134068;
1584543606;20229;1321;507067;1584543606;20229;0.1082644;
1584543606;120749;1321;607596;1584543606;120749;0.1082644;
1584543606;221466;1321;708298;1584543606;221466;0.1134068;
1584543606;321967;1321;808800;1584543606;321967;0.1134068;
1584543606;422621;1321;909457;1584543606;422621;0.1134068;
1584543606;523203;1322;10158;1584543606;523203;0.1134068;
1584543606;624167;1322;111001;1584543606;624167;0.1134068;
1584543606;724661;1322;211490;1584543606;724661;0.1134068;
1584543606;825175;1322;312002;1584543606;825175;0.1134068;
1584543606;925663;1322;412493;1584543606;925663;0.1134068;
1584543607;26130;1322;512960;1584543607;26130;0.1134068;
1584543607;126619;1322;613452;1584543607;126619;0.1134068;
1584543607;227144;1322;713972;1584543607;227144;0.1134068;
1584543607;327640;1322;814468;1584543607;327640;0.1134068;
1584543607;428226;1322;915057;1584543607;428226;0.1134068;
1584543607;528715;1323;15546;1584543607;528715;0.1134068;
1584543607;629192;1323;116025;1584543607;629192;0.1134068;
1584543607;729772;1323;216605;1584543607;729772;0.1134068;
1584543607;830340;1323;317172;1584543607;830340;0.1134068;
1584543607;930994;1323;417833;1584543607;930994;0.1134068;
1584543608;31584;1323;518413;1584543608;31584;0.1134068;
1584543608;132049;1323;618879;1584543608;132049;0.1134068;
1584543608;232556;1323;719383;1584543608;232556;0.1134068;
1584543608;333052;1323;819885;1584543608;333052;0.1134068;
1584543608;433550;1323;920380;1584543608;433550;0.1134068;
1584543608;534038;1324;20862;1584543608;534038;0.1134068;
1584543608;634486;1324;121316;1584543608;634486;0.1134068;
1584543608;734984;1324;221821;1584543608;734984;0.1185644;
1584543608;835423;1324;322263;1584543608;835423;0.1134068;
1584543608;935975;1324;422804;1584543608;935975;0.1185644;
1584543609;36527;1324;523382;1584543609;36527;0.1185644;
1584543609;137290;1324;624126;1584543609;137290;0.1185644;
1584543609;237772;1324;724623;1584543609;237772;0.1185644;
1584543609;338438;1324;825295;1584543609;338438;0.123722;
1584543609;439187;1324;926055;1584543609;439187;0.123722;
1584543609;539861;1325;26721;1584543609;539861;0.123722;
1584543609;640524;1325;127382;1584543609;640524;0.123722;
1584543609;741295;1325;228158;1584543609;741295;0.123722;
1584543609;841973;1325;328835;1584543609;841973;0.123722;
1584543609;942660;1325;429527;1584543609;942660;0.123722;
1584543610;43353;1325;530219;1584543610;43353;0.123722;
1584543610;144100;1325;631047;1584543610;144100;0.123722;
1584543610;245111;1325;731976;1584543610;245111;0.123722;
1584543610;345950;1325;832817;1584543610;345950;0.123722;
1584543610;446908;1325;933762;1584543610;446908;0.123722;
1584543610;547547;1326;34400;1584543610;547547;0.123722;
1584543610;648271;1326;135140;1584543610;648271;0.123722;
1584543610;748909;1326;235735;1584543610;748909;0.123722;
1584543610;849387;1326;336214;1584543610;849387;0.123722;
1584543610;949869;1326;436722;1584543610;949869;0.123722;
1584543611;50462;1326;537311;1584543611;50462;0.123722;
1584543611;151158;1326;638033;1584543611;151158;0.123722;
1584543611;251761;1326;738610;1584543611;251761;0.123722;
1584543611;352370;1326;839219;1584543611;352370;0.123722;
1584543611;452998;1326;939850;1584543611;452998;0.123722;
1584543611;553610;1327;40462;1584543611;553610;0.123722;
1584543611;654236;1327;141186;1584543611;654236;0.123722;
1584543611;755168;1327;242112;1584543611;755168;0.123722;
1584543611;856069;1327;342926;1584543611;856069;0.123722;
1584543611;956650;1327;443492;1584543611;956650;0.123722;
1584543612;57160;1327;544005;1584543612;57160;0.123722;
1584543612;157647;1327;644489;1584543612;157647;0.123722;
1584543612;258212;1327;745051;1584543612;258212;0.123722;
1584543612;358807;1327;845660;1584543612;358807;0.123722;
1584543612;459518;1327;946368;1584543612;459518;0.123722;
1584543612;560319;1328;47269;1584543612;560319;0.123722;
1584543612;660520;1328;147368;1584543612;660520;0.123722;
1584543612;761332;1328;248177;1584543612;761332;0.123722;
1584543612;861965;1328;348811;1584543612;861965;0.123722;
1584543612;962625;1328;449470;1584543612;962625;0.123722;
1584543613;63288;1328;550137;1584543613;63288;0.123722;
1584543613;163959;1328;650809;1584543613;163959;0.123722;
1584543613;264663;1328;751510;1584543613;264663;0.123722;
1584543613;365286;1328;852135;1584543613;365286;0.123722;
1584543613;465783;1328;952633;1584543613;465783;0.123722;
1584543613;566324;1329;53160;1584543613;566324;0.123722;
1584543613;666870;1329;153710;1584543613;666870;0.123722;
1584543613;767416;1329;254248;1584543613;767416;0.123722;
1584543613;867936;1329;354780;1584543613;867936;0.123722;
1584543613;968544;1329;455379;1584543613;968544;0.123722;
1584543614;69105;1329;555943;1584543614;69105;0.123722;
1584543614;169671;1329;656524;1584543614;169671;0.123722;
1584543614;270218;1329;757062;1584543614;270218;0.123722;
1584543614;370870;1329;857775;1584543614;370870;0.123722;
1584543614;471499;1329;958334;1584543614;471499;0.123722;
1584543614;572018;1330;58852;1584543614;572018;0.123722;
1584543614;672515;1330;159357;1584543614;672515;0.123722;
1584543614;773050;1330;259888;1584543614;773050;0.123722;
1584543614;873600;1330;360436;1584543614;873600;0.123722;
1584543614;974145;1330;460979;1584543614;974145;0.123722;
1584543615;74770;1330;561608;1584543615;74770;0.123722;
1584543615;175317;1330;662145;1584543615;175317;0.123722;
1584543615;275792;1330;762637;1584543615;275792;0.123722;
1584543615;376411;1330;863256;1584543615;376411;0.123722;
1584543615;477023;1330;963866;1584543615;477023;0.1185644;
1584543615;577676;1331;64517;1584543615;577676;0.1134068;
1584543615;678848;1331;165685;1584543615;678848;0.1185644;
1584543615;781113;1331;267958;1584543615;781113;0.1185644;
1584543615;881655;1331;368491;1584543615;881655;0.1185644;
1584543615;982161;1331;469001;1584543615;982161;0.1185644;
1584543616;82647;1331;569482;1584543616;82647;0.1185644;
1584543616;183247;1331;670189;1584543616;183247;0.1185644;
1584543616;284179;1331;771014;1584543616;284179;0.1185644;
1584543616;384694;1331;871544;1584543616;384694;0.1134068;
1584543616;485173;1331;972010;1584543616;485173;0.09794915;
1584543616;585719;1332;72558;1584543616;585719;0.08249153;
1584543616;686253;1332;173085;1584543616;686253;0.08249153;
1584543616;786773;1332;273614;1584543616;786773;0.08249153;
1584543616;887298;1332;374140;1584543616;887298;0.08249153;
1584543616;987837;1332;474667;1584543616;987837;0.08249153;
1584543617;88275;1332;575114;1584543617;88275;0.08249153;
1584543617;188760;1332;675591;1584543617;188760;0.08249153;
1584543617;289266;1332;776102;1584543617;289266;0.09279153;
1584543617;389813;1332;876653;1584543617;389813;0.09794915;
1584543617;490320;1332;977156;1584543617;490320;0.09794915;
1584543617;590876;1333;77795;1584543617;590876;0.1082644;
1584543617;691680;1333;178624;1584543617;691680;0.123722;
1584543617;791814;1333;278656;1584543617;791814;0.1288797;
1584543617;892403;1333;379245;1584543617;892403;0.123722;
1584543617;992967;1333;479796;1584543617;992967;0.1288797;
1584543618;93453;1333;580283;1584543618;93453;0.1288797;
1584543618;193924;1333;680762;1584543618;193924;0.1288797;
1584543618;294495;1333;781340;1584543618;294495;0.1288797;
1584543618;395195;1333;882126;1584543618;395195;0.1288797;
1584543618;496097;1333;982941;1584543618;496097;0.1288797;
1584543618;596760;1334;83627;1584543618;596760;0.1288797;
1584543618;697391;1334;184235;1584543618;697391;0.1288797;
1584543618;798061;1334;284875;1584543618;798061;0.1288797;
1584543618;898460;1334;385293;1584543618;898460;0.1288797;
1584543618;998933;1334;485779;1584543618;998933;0.1288797;
1584543619;99571;1334;586418;1584543619;99571;0.1288797;
1584543619;200285;1334;687229;1584543619;200285;0.123722;
1584543619;301362;1334;788210;1584543619;301362;0.123722;
1584543619;402107;1334;888944;1584543619;402107;0.1134068;
1584543619;502610;1334;989456;1584543619;502610;0.0773339;
1584543619;603224;1335;90070;1584543619;603224;0.06701865;
1584543619;703926;1335;190755;1584543619;703926;0.07217628;
1584543619;804401;1335;291249;1584543619;804401;0.07217628;
1584543619;904960;1335;391788;1584543619;904960;0.06701865;
1584543620;5430;1335;492273;1584543620;5430;0.07217628;
1584543620;105991;1335;592824;1584543620;105991;0.07217628;
1584543620;206508;1335;693381;1584543620;206508;0.07217628;
1584543620;307062;1335;793890;1584543620;307062;0.08249153;
1584543620;407512;1335;894341;1584543620;407512;0.0876339;
1584543620;507986;1335;994814;1584543620;507986;0.0876339;
1584543620;608453;1336;95285;1584543620;608453;0.0876339;
1584543620;708901;1336;195732;1584543620;708901;0.0876339;
1584543620;809415;1336;296247;1584543620;809415;0.0876339;
1584543620;909984;1336;396813;1584543620;909984;0.0876339;
1584543621;10584;1336;497411;1584543621;10584;0.0876339;
1584543621;111230;1336;598049;1584543621;111230;0.0876339;
1584543621;211893;1336;698735;1584543621;211893;0.0876339;
1584543621;312437;1336;799268;1584543621;312437;0.0876339;
1584543621;412923;1336;899755;1584543621;412923;0.0876339;
1584543621;513472;1337;303;1584543621;513472;0.0876339;
1584543621;614034;1337;100943;1584543621;614034;0.0876339;
1584543621;714597;1337;201426;1584543621;714597;0.0876339;
1584543621;815141;1337;301965;1584543621;815141;0.0876339;
1584543621;915655;1337;402481;1584543621;915655;0.0876339;
1584543622;16375;1337;503210;1584543622;16375;0.0876339;
1584543622;117063;1337;604787;1584543622;117063;0.0876339;
1584543622;218679;1337;705619;1584543622;218679;0.0876339;
1584543622;319077;1337;805936;1584543622;319077;0.0876339;
1584543622;419948;1337;906783;1584543622;419948;0.0876339;
1584543622;520440;1338;7272;1584543622;520440;0.0876339;
1584543622;621101;1338;107945;1584543622;621101;0.0876339;
1584543622;721636;1338;208465;1584543622;721636;0.0876339;
1584543622;822080;1338;308906;1584543622;822080;0.09279153;
1584543622;922588;1338;409412;1584543622;922588;0.0876339;
1584543623;23006;1338;509836;1584543623;23006;0.09279153;
1584543623;123459;1338;610293;1584543623;123459;0.0876339;
1584543623;223937;1338;710777;1584543623;223937;0.09279153;
1584543623;324475;1338;811300;1584543623;324475;0.1031068;
1584543623;424938;1338;911774;1584543623;424938;0.1031068;
1584543623;525474;1339;12307;1584543623;525474;0.1031068;
1584543623;626006;1339;112890;1584543623;626006;0.1031068;
1584543623;726941;1339;213893;1584543623;726941;0.1031068;
1584543623;827865;1339;314730;1584543623;827865;0.1031068;
1584543623;928425;1339;415258;1584543623;928425;0.1031068;
1584543624;28900;1339;515724;1584543624;28900;0.1031068;
1584543624;129320;1339;616149;1584543624;129320;0.1031068;
1584543624;229788;1339;716621;1584543624;229788;0.1031068;
1584543624;330242;1339;817066;1584543624;330242;0.1031068;
1584543624;430674;1339;917508;1584543624;430674;0.1031068;
1584543624;531205;1340;18034;1584543624;531205;0.1031068;
1584543624;631660;1340;118490;1584543624;631660;0.1031068;
1584543624;732127;1340;218966;1584543624;732127;0.1031068;
1584543624;832667;1340;319502;1584543624;832667;0.1031068;
1584543624;933175;1340;420009;1584543624;933175;0.1031068;
1584543625;33670;1340;520507;1584543625;33670;0.1031068;
1584543625;134207;1340;621053;1584543625;134207;0.1031068;
1584543625;234771;1340;721617;1584543625;234771;0.1031068;
1584543625;335350;1340;822197;1584543625;335350;0.1031068;
1584543625;435937;1340;922787;1584543625;435937;0.1031068;
1584543625;536533;1341;23381;1584543625;536533;0.1031068;
1584543625;637126;1341;123971;1584543625;637126;0.1031068;
1584543625;737705;1341;224557;1584543625;737705;0.1031068;
1584543625;838314;1341;325166;1584543625;838314;0.1031068;
1584543625;939064;1341;425971;1584543625;939064;0.1031068;
1584543626;39659;1341;526495;1584543626;39659;0.1031068;
1584543626;140170;1341;626999;1584543626;140170;0.1031068;
1584543626;240623;1341;727449;1584543626;240623;0.1082644;
1584543626;341145;1341;828103;1584543626;341145;0.1082644;
1584543626;442217;1341;929104;1584543626;442217;0.1082644;
1584543626;543004;1342;29863;1584543626;543004;0.1134068;
1584543626;643724;1342;130667;1584543626;643724;0.1185644;
1584543626;744655;1342;231508;1584543626;744655;0.1185644;
1584543626;845278;1342;332129;1584543626;845278;0.1134068;
1584543626;945891;1342;432741;1584543626;945891;0.1134068;
1584543627;46495;1342;533343;1584543627;46495;0.1185644;
1584543627;147127;1342;633983;1584543627;147127;0.1134068;
1584543627;247888;1342;734725;1584543627;247888;0.1134068;
1584543627;348409;1342;835249;1584543627;348409;0.1185644;
1584543627;448920;1342;935846;1584543627;448920;0.1134068;
1584543627;549711;1343;36542;1584543627;549711;0.1134068;
1584543627;650190;1343;137025;1584543627;650190;0.1185644;
1584543627;750690;1343;237531;1584543627;750690;0.1185644;
1584543627;851319;1343;338166;1584543627;851319;0.1134068;
1584543627;951868;1343;438719;1584543627;951868;0.1185644;
1584543628;52429;1343;539280;1584543628;52429;0.1185644;
1584543628;153015;1343;639859;1584543628;153015;0.1185644;
1584543628;253610;1343;740465;1584543628;253610;0.1185644;
1584543628;354196;1343;841052;1584543628;354196;0.1185644;
1584543628;454768;1343;941626;1584543628;454768;0.1185644;
1584543628;555333;1344;42184;1584543628;555333;0.1185644;
1584543628;655901;1344;142754;1584543628;655901;0.1185644;
1584543628;756450;1344;243301;1584543628;756450;0.1185644;
1584543628;856998;1344;343828;1584543628;856998;0.1185644;
1584543628;957505;1344;444354;1584543628;957505;0.1185644;
1584543629;58117;1344;544966;1584543629;58117;0.1185644;
1584543629;158925;1344;645772;1584543629;158925;0.1185644;
1584543629;259484;1344;746332;1584543629;259484;0.1185644;
1584543629;360083;1344;846930;1584543629;360083;0.1185644;
1584543629;460691;1344;947531;1584543629;460691;0.1185644;
1584543629;561462;1345;48334;1584543629;561462;0.1185644;
1584543629;662079;1345;149021;1584543629;662079;0.1185644;
1584543629;762994;1345;249936;1584543629;762994;0.1134068;
1584543629;863927;1345;350768;1584543629;863927;0.1185644;
1584543629;964607;1345;451450;1584543629;964607;0.1185644;
1584543630;65225;1345;552060;1584543630;65225;0.1185644;
1584543630;165766;1345;652600;1584543630;165766;0.1185644;
1584543630;266329;1345;753162;1584543630;266329;0.1185644;
1584543630;366897;1345;853746;1584543630;366897;0.1185644;
1584543630;467547;1345;954430;1584543630;467547;0.1185644;
1584543630;568104;1346;54943;1584543630;568104;0.1185644;
1584543630;668681;1346;155516;1584543630;668681;0.1185644;
1584543630;769313;1346;256157;1584543630;769313;0.1185644;
1584543630;869972;1346;356808;1584543630;869972;0.1185644;
1584543630;970580;1346;457418;1584543630;970580;0.1185644;
1584543631;71326;1346;558164;1584543631;71326;0.1185644;
1584543631;171864;1346;658713;1584543631;171864;0.1185644;
1584543631;272466;1346;759392;1584543631;272466;0.1185644;
1584543631;373258;1346;860130;1584543631;373258;0.1185644;
1584543631;473809;1346;960637;1584543631;473809;0.1134068;
1584543631;574282;1347;61118;1584543631;574282;0.1185644;
1584543631;674845;1347;161703;1584543631;674845;0.1185644;
1584543631;775347;1347;262175;1584543631;775347;0.1185644;
1584543631;875844;1347;362677;1584543631;875844;0.1185644;
1584543631;976359;1347;463196;1584543631;976359;0.1185644;
1584543632;76975;1347;563921;1584543632;76975;0.1185644;
1584543632;177885;1347;664714;1584543632;177885;0.1185644;
1584543632;278345;1347;765184;1584543632;278345;0.1185644;
1584543632;378902;1347;865740;1584543632;378902;0.1185644;
1584543632;479497;1347;966336;1584543632;479497;0.1185644;
1584543632;580054;1348;66884;1584543632;580054;0.1185644;
1584543632;680538;1348;167372;1584543632;680538;0.1185644;
1584543632;781111;1348;267958;1584543632;781111;0.1185644;
1584543632;881668;1348;368500;1584543632;881668;0.1185644;
1584543632;982171;1348;469016;1584543632;982171;0.1185644;
1584543633;82753;1348;569589;1584543633;82753;0.1185644;
1584543633;183293;1348;670135;1584543633;183293;0.1185644;
1584543633;283895;1348;770730;1584543633;283895;0.1185644;
1584543633;384462;1348;871298;1584543633;384462;0.1185644;
1584543633;484999;1348;971836;1584543633;484999;0.1185644;
1584543633;585557;1349;72396;1584543633;585557;0.1185644;
1584543633;686109;1349;172938;1584543633;686109;0.1185644;
1584543633;786591;1349;273443;1584543633;786591;0.1185644;
1584543633;887206;1349;374051;1584543633;887206;0.1185644;
1584543633;987825;1349;474681;1584543633;987825;0.1185644;
1584543634;88440;1349;575286;1584543634;88440;0.1185644;
1584543634;189158;1349;676014;1584543634;189158;0.1185644;
1584543634;289761;1349;776688;1584543634;289761;0.1185644;
1584543634;390816;1349;877653;1584543634;390816;0.1185644;
1584543634;491542;1349;978396;1584543634;491542;0.1185644;
1584543634;592163;1350;79013;1584543634;592163;0.1185644;
1584543634;692762;1350;179590;1584543634;692762;0.1185644;
1584543634;793229;1350;280080;1584543634;793229;0.1185644;
1584543634;893821;1350;380646;1584543634;893821;0.1185644;
1584543634;994262;1350;481089;1584543634;994262;0.1185644;
1584543635;95008;1350;581833;1584543635;95008;0.1185644;
1584543635;195460;1350;682300;1584543635;195460;0.1185644;
1584543635;296047;1350;782889;1584543635;296047;0.1185644;
1584543635;396625;1350;883458;1584543635;396625;0.1185644;
1584543635;497158;1350;984003;1584543635;497158;0.1185644;
1584543635;597740;1351;84579;1584543635;597740;0.1185644;
1584543635;698291;1351;185116;1584543635;698291;0.1185644;
1584543635;798783;1351;285629;1584543635;798783;0.1185644;
1584543635;899464;1351;386345;1584543635;899464;0.1185644;
1584543636;35;1351;486872;1584543636;35;0.1185644;
1584543636;100593;1351;587442;1584543636;100593;0.1185644;
1584543636;201377;1351;688222;1584543636;201377;0.1185644;
1584543636;302069;1351;788931;1584543636;302069;0.1185644;
1584543636;402769;1351;889592;1584543636;402769;0.1185644;
1584543636;503216;1351;990044;1584543636;503216;0.1185644;
1584543636;603685;1352;90548;1584543636;603685;0.1185644;
1584543636;704268;1352;191095;1584543636;704268;0.1185644;
1584543636;804728;1352;291555;1584543636;804728;0.1185644;
1584543636;905183;1352;392015;1584543636;905183;0.1185644;
1584543637;5650;1352;492485;1584543637;5650;0.1185644;
1584543637;106132;1352;592969;1584543637;106132;0.1185644;
1584543637;206734;1352;693656;1584543637;206734;0.1185644;
1584543637;307509;1352;794439;1584543637;307509;0.1185644;
1584543637;408476;1352;895398;1584543637;408476;0.1185644;
1584543637;509240;1352;996074;1584543637;509240;0.1185644;
1584543637;609761;1353;96597;1584543637;609761;0.1185644;
1584543637;710301;1353;197125;1584543637;710301;0.1185644;
1584543637;810724;1353;297553;1584543637;810724;0.1185644;
1584543637;911302;1353;398126;1584543637;911302;0.1185644;
1584543638;11775;1353;498616;1584543638;11775;0.1185644;
1584543638;112277;1353;599107;1584543638;112277;0.1185644;
1584543638;212748;1353;699578;1584543638;212748;0.1185644;
1584543638;313272;1353;800102;1584543638;313272;0.1185644;
1584543638;413813;1353;900649;1584543638;413813;0.1185644;
1584543638;514324;1354;1166;1584543638;514324;0.1185644;
1584543638;614777;1354;101609;1584543638;614777;0.1185644;
1584543638;715254;1354;202088;1584543638;715254;0.1185644;
1584543638;815754;1354;302629;1584543638;815754;0.1185644;
1584543638;916299;1354;403131;1584543638;916299;0.1185644;
1584543639;16777;1354;503645;1584543639;16777;0.1185644;
1584543639;117563;1354;604394;1584543639;117563;0.1185644;
1584543639;218031;1354;704847;1584543639;218031;0.1185644;
1584543639;318431;1354;805257;1584543639;318431;0.1185644;
1584543639;418898;1354;905727;1584543639;418898;0.1185644;
1584543639;519355;1355;6205;1584543639;519355;0.1185644;
1584543639;619877;1355;106827;1584543639;619877;0.1185644;
1584543639;720840;1355;207666;1584543639;720840;0.1185644;
1584543639;821487;1355;308320;1584543639;821487;0.1185644;
1584543639;922014;1355;408847;1584543639;922014;0.1185644;
1584543640;22520;1355;509349;1584543640;22520;0.1185644;
1584543640;122956;1355;609785;1584543640;122956;0.1185644;
1584543640;223662;1355;710491;1584543640;223662;0.1185644;
1584543640;324303;1355;811141;1584543640;324303;0.1185644;
1584543640;424877;1355;911834;1584543640;424877;0.1185644;
1584543640;525682;1356;12512;1584543640;525682;0.1185644;
1584543640;626123;1356;112951;1584543640;626123;0.1185644;
1584543640;726590;1356;213431;1584543640;726590;0.1185644;
1584543640;827057;1356;313892;1584543640;827057;0.1185644;
1584543640;927603;1356;414435;1584543640;927603;0.1185644;
1584543641;28125;1356;514955;1584543641;28125;0.1185644;
1584543641;128613;1356;615440;1584543641;128613;0.1185644;
1584543641;229193;1356;716123;1584543641;229193;0.1185644;
1584543641;330147;1356;817022;1584543641;330147;0.1185644;
1584543641;430702;1356;917544;1584543641;430702;0.1185644;
1584543641;531444;1357;18286;1584543641;531444;0.1185644;
1584543641;632008;1357;118878;1584543641;632008;0.1185644;
1584543641;732594;1357;219466;1584543641;732594;0.1185644;
1584543641;833193;1357;320042;1584543641;833193;0.1185644;
1584543641;933727;1357;420589;1584543641;933727;0.1185644;
1584543642;34375;1357;521238;1584543642;34375;0.1185644;
1584543642;135022;1357;621883;1584543642;135022;0.1185644;
1584543642;235712;1357;722578;1584543642;235712;0.1185644;
1584543642;336396;1357;823240;1584543642;336396;0.1185644;
1584543642;436900;1357;923732;1584543642;436900;0.1185644;
1584543642;537751;1358;24614;1584543642;537751;0.1185644;
1584543642;638426;1358;125293;1584543642;638426;0.1185644;
1584543642;739119;1358;225982;1584543642;739119;0.1185644;
1584543642;839797;1358;326655;1584543642;839797;0.1185644;
1584543642;940396;1358;427248;1584543642;940396;0.1185644;
1584543643;41070;1358;527921;1584543643;41070;0.1185644;
1584543643;141714;1358;628635;1584543643;141714;0.1185644;
1584543643;242476;1358;729328;1584543643;242476;0.1185644;
1584543643;343215;1358;830064;1584543643;343215;0.1185644;
1584543643;444017;1358;930972;1584543643;444017;0.1185644;
1584543643;545038;1359;31987;1584543643;545038;0.1185644;
1584543643;646087;1359;133023;1584543643;646087;0.1185644;
1584543643;747085;1359;233932;1584543643;747085;0.1185644;
1584543643;847643;1359;334489;1584543643;847643;0.1185644;
1584543643;948261;1359;435110;1584543643;948261;0.1185644;
1584543644;48883;1359;535733;1584543644;48883;0.1185644;
1584543644;149556;1359;636410;1584543644;149556;0.1185644;
1584543644;250186;1359;737036;1584543644;250186;0.1185644;
1584543644;350807;1359;837660;1584543644;350807;0.1185644;
1584543644;451742;1359;938578;1584543644;451742;0.1185644;
1584543644;552292;1360;39145;1584543644;552292;0.1185644;
1584543644;652954;1360;139805;1584543644;652954;0.1185644;
1584543644;753605;1360;240456;1584543644;753605;0.1185644;
1584543644;854283;1360;341136;1584543644;854283;0.1185644;
1584543644;954946;1360;441798;1584543644;954946;0.1185644;
1584543645;55585;1360;542439;1584543645;55585;0.1185644;
1584543645;156218;1360;643051;1584543645;156218;0.1185644;
1584543645;256792;1360;743644;1584543645;256792;0.1185644;
1584543645;357425;1360;844280;1584543645;357425;0.1185644;
1584543645;458080;1360;944930;1584543645;458080;0.1185644;
1584543645;558697;1361;45543;1584543645;558697;0.1185644;
1584543645;659345;1361;146195;1584543645;659345;0.1185644;
1584543645;759966;1361;246816;1584543645;759966;0.1185644;
1584543645;860584;1361;347434;1584543645;860584;0.1185644;
1584543645;961312;1361;448161;1584543645;961312;0.1185644;
1584543646;61896;1361;548744;1584543646;61896;0.1185644;
1584543646;162506;1361;649349;1584543646;162506;0.1185644;
1584543646;263086;1361;749939;1584543646;263086;0.1185644;
1584543646;363745;1361;850594;1584543646;363745;0.1185644;
1584543646;464345;1361;951200;1584543646;464345;0.1185644;
1584543646;565042;1362;51895;1584543646;565042;0.1185644;
1584543646;665825;1362;152673;1584543646;665825;0.1185644;
1584543646;766554;1362;253396;1584543646;766554;0.1185644;
1584543646;867172;1362;354007;1584543646;867172;0.1185644;
1584543646;967752;1362;454600;1584543646;967752;0.1185644;
1584543647;68446;1362;555295;1584543647;68446;0.1185644;
1584543647;169104;1362;655949;1584543647;169104;0.1185644;
1584543647;269726;1362;756573;1584543647;269726;0.1185644;
1584543647;370359;1362;857200;1584543647;370359;0.1185644;
1584543647;470909;1362;957959;1584543647;470909;0.1185644;
1584543647;571645;1363;58496;1584543647;571645;0.1185644;
1584543647;672221;1363;159071;1584543647;672221;0.1185644;
1584543647;772832;1363;259679;1584543647;772832;0.1185644;
1584543647;873531;1363;360463;1584543647;873531;0.1185644;
1584543647;974381;1363;461236;1584543647;974381;0.1185644;
1584543648;75097;1363;561948;1584543648;75097;0.1185644;
1584543648;175767;1363;662608;1584543648;175767;0.1185644;
1584543648;276391;1363;763240;1584543648;276391;0.1185644;
1584543648;377079;1363;863929;1584543648;377079;0.1185644;
1584543648;477722;1363;964560;1584543648;477722;0.1185644;
1584543648;578283;1364;65124;1584543648;578283;0.1185644;
1584543648;678885;1364;165824;1584543648;678885;0.1185644;
1584543648;779816;1364;266661;1584543648;779816;0.1185644;
1584543648;880453;1364;367285;1584543648;880453;0.1185644;
1584543648;981020;1364;467873;1584543648;981020;0.1185644;
1584543649;81641;1364;568490;1584543649;81641;0.1185644;
1584543649;182265;1364;669115;1584543649;182265;0.1185644;
1584543649;282904;1364;769745;1584543649;282904;0.1185644;
1584543649;383418;1364;870259;1584543649;383418;0.1185644;
1584543649;484101;1364;971050;1584543649;484101;0.1185644;
1584543649;584165;1365;70997;1584543649;584165;0.1185644;
1584543649;684634;1365;171473;1584543649;684634;0.1185644;
1584543649;785211;1365;272065;1584543649;785211;0.1185644;
1584543649;886014;1365;372865;1584543649;886014;0.1185644;
1584543649;986629;1365;473459;1584543649;986629;0.1185644;
1584543650;87149;1365;573993;1584543650;87149;0.1185644;
1584543650;187764;1365;674599;1584543650;187764;0.1185644;
1584543650;288334;1365;775160;1584543650;288334;0.1185644;
1584543650;388797;1365;875627;1584543650;388797;0.1185644;
1584543650;489292;1365;976138;1584543650;489292;0.1185644;
1584543650;589858;1366;76696;1584543650;589858;0.1185644;
1584543650;690495;1366;177328;1584543650;690495;0.1185644;
1584543650;791074;1366;277932;1584543650;791074;0.1185644;
1584543650;891632;1366;378461;1584543650;891632;0.1185644;
1584543650;992108;1366;478938;1584543650;992108;0.1185644;
1584543651;92588;1366;579421;1584543651;92588;0.1185644;
1584543651;193069;1366;679901;1584543651;193069;0.1185644;
1584543651;293555;1366;780381;1584543651;293555;0.1185644;
1584543651;394003;1366;880832;1584543651;394003;0.1185644;
1584543651;494441;1366;981271;1584543651;494441;0.1185644;
1584543651;594901;1367;81753;1584543651;594901;0.1185644;
1584543651;695486;1367;182325;1584543651;695486;0.1185644;
1584543651;796022;1367;282860;1584543651;796022;0.1185644;
1584543651;896611;1367;383441;1584543651;896611;0.1185644;
1584543651;997103;1367;483929;1584543651;997103;0.1185644;
1584543652;97551;1367;584376;1584543652;97551;0.1185644;
1584543652;198038;1367;684910;1584543652;198038;0.1185644;
1584543652;298610;1367;785433;1584543652;298610;0.1185644;
1584543652;399140;1367;886064;1584543652;399140;0.1185644;
1584543652;499935;1367;986772;1584543652;499935;0.1185644;
1584543652;600455;1368;87276;1584543652;600455;0.1185644;
1584543652;700901;1368;187818;1584543652;700901;0.1185644;
1584543652;801516;1368;288358;1584543652;801516;0.1185644;
1584543652;901993;1368;388826;1584543652;901993;0.1185644;
1584543653;2459;1368;489282;1584543653;2459;0.1185644;
1584543653;102877;1368;589701;1584543653;102877;0.1185644;
1584543653;203298;1368;690123;1584543653;203298;0.1185644;
1584543653;303728;1368;790554;1584543653;303728;0.1185644;
1584543653;404159;1368;890984;1584543653;404159;0.1185644;
1584543653;504596;1368;991420;1584543653;504596;0.1185644;
1584543653;605025;1369;91848;1584543653;605025;0.1185644;
1584543653;705519;1369;192347;1584543653;705519;0.1185644;
1584543653;806032;1369;292888;1584543653;806032;0.1185644;
1584543653;906550;1369;393387;1584543653;906550;0.1185644;
1584543654;7046;1369;493882;1584543654;7046;0.1185644;
1584543654;107548;1369;594368;1584543654;107548;0.1185644;
1584543654;207966;1369;694789;1584543654;207966;0.1185644;
1584543654;308398;1369;795221;1584543654;308398;0.1185644;
1584543654;408850;1369;895674;1584543654;408850;0.1185644;
1584543654;509274;1369;996097;1584543654;509274;0.1185644;
1584543654;609705;1370;96539;1584543654;609705;0.1185644;
1584543654;710162;1370;196987;1584543654;710162;0.1185644;
1584543654;810622;1370;297450;1584543654;810622;0.1185644;
1584543654;911128;1370;397957;1584543654;911128;0.1185644;
1584543655;11604;1370;498439;1584543655;11604;0.1185644;
1584543655;112087;1370;598921;1584543655;112087;0.1185644;
1584543655;212578;1370;699415;1584543655;212578;0.1185644;
1584543655;313089;1370;799926;1584543655;313089;0.1185644;
1584543655;413593;1370;900435;1584543655;413593;0.1185644;
1584543655;514108;1371;941;1584543655;514108;0.1185644;
1584543655;614645;1371;101483;1584543655;614645;0.1185644;
1584543655;715209;1371;202037;1584543655;715209;0.1185644;
1584543655;815866;1371;302721;1584543655;815866;0.1185644;
1584543655;916476;1371;403303;1584543655;916476;0.1185644;
1584543656;17073;1371;503903;1584543656;17073;0.1185644;
1584543656;117652;1371;604517;1584543656;117652;0.1185644;
1584543656;218637;1371;705473;1584543656;218637;0.1185644;
1584543656;319336;1371;806170;1584543656;319336;0.1134068;
1584543656;419887;1371;906721;1584543656;419887;0.1185644;
1584543656;520446;1372;7283;1584543656;520446;0.1185644;
1584543656;621105;1372;107945;1584543656;621105;0.1185644;
1584543656;721814;1372;208745;1584543656;721814;0.1134068;
1584543656;822783;1372;309623;1584543656;822783;0.1185644;
1584543656;923445;1372;410278;1584543656;923445;0.1185644;
1584543657;24032;1372;510863;1584543657;24032;0.1185644;
1584543657;124597;1372;611431;1584543657;124597;0.1185644;
1584543657;225223;1372;712067;1584543657;225223;0.1185644;
1584543657;325479;1372;812307;1584543657;325479;0.1185644;
1584543657;425993;1372;912826;1584543657;425993;0.1185644;
1584543657;526512;1373;13434;1584543657;526512;0.1185644;
1584543657;627269;1373;114118;1584543657;627269;0.1185644;
1584543657;727822;1373;214656;1584543657;727822;0.1185644;
1584543657;828313;1373;315154;1584543657;828313;0.1185644;
1584543657;929026;1373;415874;1584543657;929026;0.1185644;
1584543658;29675;1373;516529;1584543658;29675;0.1185644;
1584543658;130340;1373;617188;1584543658;130340;0.1185644;
1584543658;230944;1373;717927;1584543658;230944;0.1185644;
1584543658;331819;1373;818777;1584543658;331819;0.1185644;
1584543658;432823;1373;919675;1584543658;432823;0.1185644;
1584543658;533554;1374;20426;1584543658;533554;0.1185644;
1584543658;634235;1374;121102;1584543658;634235;0.1185644;
1584543658;735083;1374;222060;1584543658;735083;0.1185644;
1584543658;835379;1374;322757;1584543658;835379;0.1185644;
1584543658;935805;1374;422671;1584543658;935805;0.1185644;
1584543659;36690;1374;523545;1584543659;36690;0.1185644;
1584543659;137574;1374;624445;1584543659;137574;0.1185644;
1584543659;238585;1374;725435;1584543659;238585;0.1185644;
1584543659;339305;1374;826146;1584543659;339305;0.1185644;
1584543659;440105;1374;926948;1584543659;440105;0.1185644;
1584543659;540833;1375;27742;1584543659;540833;0.1185644;
1584543659;641667;1375;128509;1584543659;641667;0.1185644;
1584543659;742501;1375;229343;1584543659;742501;0.1185644;
1584543659;843212;1375;330135;1584543659;843212;0.1185644;
1584543659;944268;1375;431205;1584543659;944268;0.1185644;
1584543660;45151;1375;531993;1584543660;45151;0.1185644;
1584543660;145767;1375;632602;1584543660;145767;0.1185644;
1584543660;246372;1375;733234;1584543660;246372;0.1185644;
1584543660;347081;1375;833934;1584543660;347081;0.1185644;
1584543660;447796;1375;934651;1584543660;447796;0.1185644;
1584543660;548574;1376;35428;1584543660;548574;0.1185644;
1584543660;649328;1376;136187;1584543660;649328;0.1185644;
1584543660;750009;1376;236865;1584543660;750009;0.1185644;
1584543660;850701;1376;337556;1584543660;850701;0.1185644;
1584543660;951594;1376;438445;1584543660;951594;0.1185644;
1584543661;52326;1376;539185;1584543661;52326;0.1185644;
1584543661;153127;1376;639982;1584543661;153127;0.1185644;
1584543661;253924;1376;740776;1584543661;253924;0.1185644;
1584543661;354788;1376;841635;1584543661;354788;0.1185644;
1584543661;455752;1376;942686;1584543661;455752;0.1185644;
1584543661;555852;1377;42708;1584543661;555852;0.1185644;
1584543661;656623;1377;143469;1584543661;656623;0.1185644;
1584543661;757422;1377;244269;1584543661;757422;0.1185644;
1584543661;858171;1377;345015;1584543661;858171;0.1185644;
1584543661;958926;1377;445772;1584543661;958926;0.1185644;
1584543662;59623;1377;546469;1584543662;59623;0.1185644;
1584543662;160432;1377;647277;1584543662;160432;0.1185644;
1584543662;261691;1377;748629;1584543662;261691;0.1185644;
1584543662;361773;1377;848622;1584543662;361773;0.1185644;
1584543662;462463;1377;949429;1584543662;462463;0.1185644;
1584543662;564234;1378;51065;1584543662;564234;0.1185644;
1584543662;664780;1378;151610;1584543662;664780;0.1185644;
1584543662;765037;1378;251891;1584543662;765037;0.1185644;
1584543662;865723;1378;352576;1584543662;865723;0.1185644;
1584543662;966379;1378;453228;1584543662;966379;0.1185644;
1584543663;67207;1378;554131;1584543663;67207;0.1185644;
1584543663;167431;1378;654284;1584543663;167431;0.1185644;
1584543663;268168;1378;755021;1584543663;268168;0.1185644;
1584543663;368883;1378;855731;1584543663;368883;0.1185644;
1584543663;469680;1378;956510;1584543663;469680;0.1185644;
1584543663;570327;1379;57172;1584543663;570327;0.1185644;
1584543663;671238;1379;158086;1584543663;671238;0.1185644;
1584543663;772156;1379;258999;1584543663;772156;0.1185644;
1584543663;873297;1379;360222;1584543663;873297;0.1185644;
1584543663;974218;1379;461054;1584543663;974218;0.1185644;
1584543664;74849;1379;561693;1584543664;74849;0.1185644;
1584543664;175529;1379;662374;1584543664;175529;0.1185644;
1584543664;276252;1379;763104;1584543664;276252;0.1185644;
1584543664;376993;1379;863833;1584543664;376993;0.1185644;
1584543664;477648;1379;964484;1584543664;477648;0.1185644;
1584543664;578263;1380;65097;1584543664;578263;0.1185644;
1584543664;678896;1380;165842;1584543664;678896;0.1185644;
1584543664;779555;1380;266400;1584543664;779555;0.1185644;
1584543664;880297;1380;367165;1584543664;880297;0.1185644;
1584543664;981178;1380;468017;1584543664;981178;0.1185644;
1584543665;81872;1380;568715;1584543665;81872;0.1185644;
1584543665;182572;1380;669420;1584543665;182572;0.1185644;
1584543665;283475;1380;770332;1584543665;283475;0.1185644;
1584543665;384281;1380;871211;1584543665;384281;0.1185644;
1584543665;485298;1380;972146;1584543665;485298;0.1185644;
1584543665;585981;1381;72840;1584543665;585981;0.1185644;
1584543665;686695;1381;173547;1584543665;686695;0.1185644;
1584543665;787406;1381;274258;1584543665;787406;0.1185644;
1584543665;888173;1381;375017;1584543665;888173;0.1185644;
1584543665;989010;1381;475863;1584543665;989010;0.1185644;
1584543666;89841;1381;576874;1584543666;89841;0.1185644;
1584543666;190751;1381;677844;1584543666;190751;0.1185644;
1584543666;291322;1381;778272;1584543666;291322;0.1185644;
1584543666;392277;1381;879114;1584543666;392277;0.1185644;
1584543666;492858;1381;979709;1584543666;492858;0.1185644;
1584543666;593493;1382;80380;1584543666;593493;0.1185644;
1584543666;694145;1382;180991;1584543666;694145;0.1185644;
1584543666;794858;1382;281834;1584543666;794858;0.1185644;
1584543666;895558;1382;382394;1584543666;895558;0.1185644;
1584543666;996243;1382;483071;1584543666;996243;0.1185644;
1584543667;97039;1382;583972;1584543667;97039;0.1185644;
1584543667;198032;1382;685128;1584543667;198032;0.1185644;
1584543667;298119;1382;785057;1584543667;298119;0.1185644;
1584543667;398827;1382;885681;1584543667;398827;0.1185644;
1584543667;499288;1382;986290;1584543667;499288;0.1185644;
1584543667;600101;1383;86931;1584543667;600101;0.1185644;
1584543667;700661;1383;187496;1584543667;700661;0.1185644;
1584543667;801347;1383;288186;1584543667;801347;0.1185644;
1584543667;902362;1383;389194;1584543667;902362;0.1185644;
1584543668;2893;1383;489819;1584543668;2893;0.1185644;
1584543668;103850;1383;590698;1584543668;103850;0.1185644;
1584543668;204440;1383;691264;1584543668;204440;0.1185644;
1584543668;304869;1383;791693;1584543668;304869;0.1185644;
1584543668;405331;1383;892158;1584543668;405331;0.1185644;
1584543668;505877;1383;992700;1584543668;505877;0.1185644;
1584543668;606355;1384;93204;1584543668;606355;0.1185644;
1584543668;706822;1384;193644;1584543668;706822;0.1185644;
1584543668;807329;1384;294259;1584543668;807329;0.1185644;
1584543668;908212;1384;395064;1584543668;908212;0.1185644;
1584543669;8740;1384;495566;1584543669;8740;0.1185644;
1584543669;109164;1384;595990;1584543669;109164;0.1185644;
1584543669;209607;1384;696435;1584543669;209607;0.1185644;
1584543669;310047;1384;796872;1584543669;310047;0.1185644;
1584543669;410546;1384;897407;1584543669;410546;0.1185644;
1584543669;511092;1384;997920;1584543669;511092;0.1185644;
1584543669;611552;1385;98377;1584543669;611552;0.1185644;
1584543669;712086;1385;198909;1584543669;712086;0.1185644;
1584543669;812556;1385;299379;1584543669;812556;0.1185644;
1584543669;912987;1385;399822;1584543669;912987;0.1185644;
1584543670;13414;1385;500237;1584543670;13414;0.1185644;
1584543670;113888;1385;600716;1584543670;113888;0.1185644;
1584543670;214375;1385;701204;1584543670;214375;0.1185644;
1584543670;314803;1385;801628;1584543670;314803;0.1185644;
1584543670;415251;1385;902085;1584543670;415251;0.1185644;
1584543670;515725;1386;2552;1584543670;515725;0.1185644;
1584543670;616259;1386;103086;1584543670;616259;0.1185644;
1584543670;716739;1386;203574;1584543670;716739;0.1185644;
1584543670;817199;1386;304027;1584543670;817199;0.1185644;
1584543670;917652;1386;404481;1584543670;917652;0.1185644;
1584543671;18322;1386;505263;1584543671;18322;0.1185644;
1584543671;119192;1386;606133;1584543671;119192;0.1185644;
1584543671;219896;1386;706719;1584543671;219896;0.1185644;
1584543671;320324;1386;807149;1584543671;320324;0.1185644;
1584543671;420739;1386;907566;1584543671;420739;0.1185644;
1584543671;521321;1387;8152;1584543671;521321;0.1185644;
1584543671;621794;1387;108638;1584543671;621794;0.1185644;
1584543671;722260;1387;209089;1584543671;722260;0.1185644;
1584543671;822819;1387;309766;1584543671;822819;0.1185644;
1584543671;923696;1387;410537;1584543671;923696;0.1185644;
1584543672;24463;1387;511356;1584543672;24463;0.1185644;
1584543672;125175;1387;612018;1584543672;125175;0.1185644;
1584543672;225772;1387;712612;1584543672;225772;0.1185644;
1584543672;326263;1387;813101;1584543672;326263;0.1185644;
1584543672;426738;1387;913581;1584543672;426738;0.1185644;
1584543672;527303;1388;14184;1584543672;527303;0.1185644;
1584543672;628399;1388;115356;1584543672;628399;0.1185644;
1584543672;729248;1388;216093;1584543672;729248;0.1185644;
1584543672;829864;1388;316709;1584543672;829864;0.1185644;
1584543672;930442;1388;417291;1584543672;930442;0.1185644;
1584543673;31116;1388;517970;1584543673;31116;0.1185644;
1584543673;131708;1388;618574;1584543673;131708;0.1185644;
1584543673;232323;1388;719283;1584543673;232323;0.1185644;
1584543673;333128;1388;819987;1584543673;333128;0.1185644;
1584543673;433870;1388;920820;1584543673;433870;0.1185644;
1584543673;534879;1389;21730;1584543673;534879;0.1185644;
1584543673;635558;1389;122476;1584543673;635558;0.1185644;
1584543673;736418;1389;223253;1584543673;736418;0.1185644;
1584543673;836954;1389;323805;1584543673;836954;0.1185644;
1584543673;937633;1389;424484;1584543673;937633;0.1185644;
1584543674;38252;1389;525100;1584543674;38252;0.1185644;
1584543674;138871;1389;625723;1584543674;138871;0.1185644;
1584543674;239475;1389;726340;1584543674;239475;0.1185644;
1584543674;340085;1389;826936;1584543674;340085;0.1185644;
1584543674;440740;1389;927595;1584543674;440740;0.1185644;
1584543674;541637;1390;28488;1584543674;541637;0.1185644;
1584543674;642248;1390;129098;1584543674;642248;0.123722;
1584543674;742883;1390;229741;1584543674;742883;0.1288797;
1584543674;843597;1390;330453;1584543674;843597;0.1391797;
1584543674;944283;1390;431138;1584543674;944283;0.1391797;
1584543675;44988;1390;531839;1584543675;44988;0.1391797;
1584543675;145670;1390;632520;1584543675;145670;0.1391797;
1584543675;246361;1390;733215;1584543675;246361;0.1391797;
1584543675;347079;1390;833929;1584543675;347079;0.1391797;
1584543675;447897;1390;934751;1584543675;447897;0.1391797;
1584543675;548590;1391;35440;1584543675;548590;0.1391797;
1584543675;649277;1391;136134;1584543675;649277;0.1391797;
1584543675;750009;1391;236861;1584543675;750009;0.1391797;
1584543675;850755;1391;337612;1584543675;850755;0.1391797;
1584543675;951551;1391;438404;1584543675;951551;0.1391797;
1584543676;52167;1391;539000;1584543676;52167;0.1391797;
1584543676;152711;1391;639549;1584543676;152711;0.1391797;
1584543676;253272;1391;740128;1584543676;253272;0.1391797;
1584543676;353906;1391;840758;1584543676;353906;0.1340373;
1584543676;454590;1391;941458;1584543676;454590;0.1340373;
1584543676;555296;1392;42147;1584543676;555296;0.1340373;
1584543676;655974;1392;142803;1584543676;655974;0.1288797;
1584543676;756688;1392;243542;1584543676;756688;0.1134068;
1584543676;857489;1392;344346;1584543676;857489;0.1134068;
1584543676;958269;1392;445123;1584543676;958269;0.1134068;
1584543677;59015;1392;545868;1584543677;59015;0.1134068;
1584543677;159751;1392;646599;1584543677;159751;0.1134068;
1584543677;260430;1392;747284;1584543677;260430;0.1082644;
1584543677;361174;1392;848009;1584543677;361174;0.1031068;
1584543677;461724;1392;948582;1584543677;461724;0.1031068;
1584543677;562302;1393;49197;1584543677;562302;0.1082644;
1584543677;662960;1393;149811;1584543677;662960;0.1082644;
1584543677;763631;1393;250477;1584543677;763631;0.1082644;
1584543677;864293;1393;351140;1584543677;864293;0.1082644;
1584543677;964928;1393;451778;1584543677;964928;0.1134068;
1584543678;65603;1393;552453;1584543678;65603;0.1185644;
1584543678;166308;1393;653155;1584543678;166308;0.123722;
1584543678;266969;1393;753803;1584543678;266969;0.123722;
1584543678;367493;1393;854341;1584543678;367493;0.123722;
1584543678;468188;1393;955126;1584543678;468188;0.123722;
1584543678;569275;1394;56214;1584543678;569275;0.123722;
1584543678;670127;1394;156977;1584543678;670127;0.123722;
1584543678;770768;1394;257617;1584543678;770768;0.123722;
1584543678;871553;1394;358402;1584543678;871553;0.1185644;
1584543678;972221;1394;459070;1584543678;972221;0.123722;
1584543679;72893;1394;559741;1584543679;72893;0.123722;
1584543679;173573;1394;660421;1584543679;173573;0.123722;
1584543679;274232;1394;761074;1584543679;274232;0.123722;
1584543679;374810;1394;861654;1584543679;374810;0.123722;
1584543679;475443;1394;962290;1584543679;475443;0.123722;
1584543679;576056;1395;62900;1584543679;576056;0.123722;
1584543679;676667;1395;163521;1584543679;676667;0.123722;
1584543679;777346;1395;264192;1584543679;777346;0.1288797;
1584543679;877996;1395;364866;1584543679;877996;0.1288797;
1584543679;978723;1395;465565;1584543679;978723;0.1288797;
1584543680;79284;1395;566142;1584543680;79284;0.1288797;
1584543680;179806;1395;666643;1584543680;179806;0.1288797;
1584543680;280346;1395;767173;1584543680;280346;0.1288797;
1584543680;380828;1395;867660;1584543680;380828;0.1340373;
1584543680;481424;1395;968265;1584543680;481424;0.1443373;
1584543680;581918;1396;68764;1584543680;581918;0.1494949;
1584543680;682572;1396;169415;1584543680;682572;0.1598102;
1584543680;783126;1396;269964;1584543680;783126;0.1752678;
1584543680;883674;1396;370514;1584543680;883674;0.1804254;
1584543680;984250;1396;471081;1584543680;984250;0.1804254;
1584543681;84782;1396;571632;1584543681;84782;0.1804254;
1584543681;185503;1396;672347;1584543681;185503;0.1804254;
1584543681;286212;1396;773037;1584543681;286212;0.06701865;
1584543681;386794;1396;873637;1584543681;386794;-0;
1584543681;487413;1396;974251;1584543681;487413;-0;
1584543681;588001;1397;74825;1584543681;588001;-0;
1584543681;688558;1397;175404;1584543681;688558;-0;
1584543681;789203;1397;276033;1584543681;789203;-0;
1584543681;889749;1397;376588;1584543681;889749;-0;
1584543681;990347;1397;477172;1584543681;990347;-0;
1584543682;90788;1397;577614;1584543682;90788;-0;
1584543682;191336;1397;678170;1584543682;191336;-0;
1584543682;291806;1397;778631;1584543682;291806;-0;
1584543682;392229;1397;879056;1584543682;392229;-0;
1584543682;492664;1397;979489;1584543682;492664;-0;
1584543682;593096;1398;79917;1584543682;593096;-0;
1584543682;693506;1398;180337;1584543682;693506;-0;
1584543682;793968;1398;280789;1584543682;793968;-0;
1584543682;894380;1398;381204;1584543682;894380;-0;
1584543682;994801;1398;481626;1584543682;994801;-0;
1584543683;95232;1398;582056;1584543683;95232;-0;
1584543683;195695;1398;682526;1584543683;195695;-0;
1584543683;296164;1398;782990;1584543683;296164;-0;
1584543683;396607;1398;883432;1584543683;396607;-0;
1584543683;497048;1398;983873;1584543683;497048;-0;
1584543683;597541;1399;84459;1584543683;597541;-0;
1584543683;698424;1399;185355;1584543683;698424;-0;
1584543683;799273;1399;286119;1584543683;799273;-0;
1584543683;899825;1399;386663;1584543683;899825;-0;
