sent.seconds;sent.microseconds;received.seconds;received.microseconds;sampleTimeStamp.seconds;sampleTimeStamp.microseconds;latitude;longitude;altitude;heading;
1584543043;389143;758;882346;1584543043;389143;0;0;0;1.740138;
1584543043;468415;758;961586;1584543043;468415;0;0;0;1.747007;
1584543043;502565;758;996683;1584543043;502565;0;0;0;1.753644;
1584543043;582805;759;83394;1584543043;582805;0;0;0;1.760552;
1584543043;672967;759;168989;1584543043;672967;0;0;0;1.767401;
1584543043;709446;759;202878;1584543043;709446;0;0;0;1.774051;
1584543043;794484;759;286779;1584543043;794484;0;0;0;1.780972;
1584543043;881970;759;374585;1584543043;881970;0;0;0;1.78787;
1584543043;967802;759;461827;1584543043;967802;0;0;0;1.794705;
1584543044;6209;759;499732;1584543044;6209;0;0;0;1.801349;
1584543044;84958;759;618509;1584543044;84958;0;0;0;1.80827;
1584543044;211031;759;704561;1584543044;211031;0;0;0;1.815407;
1584543044;290197;759;784893;1584543044;290197;0;0;0;1.822654;
1584543044;329856;759;823833;1584543044;329856;0;0;0;1.830056;
1584543044;422348;759;920472;1584543044;422348;0;0;0;1.837733;
1584543044;515744;760;8853;1584543044;515744;0;0;0;1.845572;
1584543044;590685;760;83910;1584543044;590685;0;0;0;1.853157;
1584543044;685083;760;178875;1584543044;685083;0;0;0;1.860814;
1584543044;730793;760;224011;1584543044;730793;0;0;0;1.867202;
1584543044;823090;760;321065;1584543044;823090;0;0;0;1.873078;
1584543044;923481;760;416604;1584543044;923481;0;0;0;1.880909;
1584543045;15221;760;508967;1584543045;15221;0;0;0;1.890005;
1584543045;95229;760;588402;1584543045;95229;0;0;0;1.899074;
1584543045;127094;760;642639;1584543045;127094;0;0;0;1.905616;
1584543045;237525;760;731680;1584543045;237525;0;0;0;1.911777;
1584543045;331688;760;829921;1584543045;331688;0;0;0;1.91854;
1584543045;425215;760;918486;1584543045;425215;0;0;0;1.92468;
1584543045;507708;761;1763;1584543045;507708;0;0;0;1.931124;
1584543045;595538;761;88756;1584543045;595538;0;0;0;1.935655;
1584543045;630481;761;123715;1584543045;630481;0;0;0;1.942697;
1584543045;726696;761;218921;1584543045;726696;0;0;0;1.954778;
1584543045;800726;761;293932;1584543045;800726;0;0;0;1.971705;
1584543045;844506;761;337354;1584543045;844506;0;0;0;1.981085;
1584543045;931584;761;423944;1584543045;931584;0;0;0;1.999001;
1584543046;6892;761;499139;1584543046;6892;0;0;0;2.014762;
1584543046;39967;761;536523;1584543046;39967;0;0;0;2.024781;
1584543046;137352;761;630873;1584543046;137352;0;0;0;2.043093;
1584543046;234977;761;727718;1584543046;234977;0;0;0;2.061728;
1584543046;317151;761;810702;1584543046;317151;0;0;0;2.077785;
1584543046;411647;761;906910;1584543046;411647;0;0;0;2.094862;
1584543046;444535;761;942241;1584543046;444535;0;0;0;2.10444;
1584543046;544658;762;38115;1584543046;544658;0;0;0;2.126124;
1584543046;639922;762;132443;1584543046;639922;0;0;0;2.143187;
1584543046;716201;762;209317;1584543046;716201;0;0;0;2.157326;
1584543046;759696;762;253091;1584543046;759696;0;0;0;2.167049;
1584543046;857450;762;350481;1584543046;857450;0;0;0;2.188432;
1584543046;947949;762;440807;1584543046;947949;0;0;0;2.207769;
1584543046;972223;762;465484;1584543046;972223;0;0;0;2.219416;
1584543047;61628;762;555050;1584543047;61628;0;0;0;2.24276;
1584543047;86581;762;597256;1584543047;86581;0;0;0;2.254782;
1584543047;177400;762;670643;1584543047;177400;0;0;0;2.285163;
1584543047;201549;762;694291;1584543047;201549;0;0;0;2.299339;
1584543047;231050;762;734529;1584543047;231050;0;0;0;2.313117;
1584543047;326057;762;818605;1584543047;326057;0;0;0;2.347606;
1584543047;360866;762;854532;1584543047;360866;0;0;0;2.360562;
1584543047;448405;762;941257;1584543047;448405;0;0;0;2.391927;
1584543047;528384;763;21997;1584543047;528384;0;0;0;2.419649;
1584543047;572634;763;66371;1584543047;572634;0;0;0;2.435052;
1584543047;667142;763;159934;1584543047;667142;0;0;0;2.481159;
1584543047;691648;763;184427;1584543047;691648;0;0;0;2.491333;
1584543047;713896;763;206944;1584543047;713896;0;0;0;2.507216;
1584543047;757113;763;253974;1584543047;757113;0;0;0;2.521399;
1584543047;853881;763;347378;1584543047;853881;0;0;0;2.550513;
1584543047;950162;763;444136;1584543047;950162;0;0;0;2.572565;
1584543048;35711;763;539059;1584543048;35711;0;0;0;2.596717;
1584543048;128194;763;621587;1584543048;128194;0;0;0;2.628415;
1584543048;160986;763;654294;1584543048;160986;0;0;0;2.645097;
1584543048;264237;763;761376;1584543048;264237;0;0;0;2.687146;
1584543048;363807;763;861027;1584543048;363807;0;0;0;2.730177;
1584543048;456032;763;948473;1584543048;456032;0;0;0;2.77998;
1584543048;480566;763;974436;1584543048;480566;0;0;0;2.798341;
1584543048;505993;763;998939;1584543048;505993;0;0;0;2.825235;
1584543048;536084;764;29677;1584543048;536084;0;0;0;2.852578;
1584543048;627263;764;120473;1584543048;627263;0;0;0;2.9033;
1584543048;658469;764;151558;1584543048;658469;0;0;0;2.921379;
1584543048;740430;764;234174;1584543048;740430;0;0;0;2.970334;
1584543048;776016;764;268996;1584543048;776016;0;0;0;2.987436;
1584543048;858741;764;350627;1584543048;858741;0;0;0;3.026328;
1584543048;877483;764;369576;1584543048;877483;0;0;0;3.037587;
1584543048;893211;764;385263;1584543048;893211;0;0;0;3.051336;
1584543048;909200;764;401234;1584543048;909200;0;0;0;3.065111;
1584543048;931221;764;435926;1584543048;931221;0;0;0;3.074777;
1584543049;27819;764;521083;1584543049;27819;0;0;0;3.085549;
1584543049;50575;764;551354;1584543049;50575;0;0;0;3.08516;
1584543049;134368;764;627658;1584543049;134368;0;0;0;3.065676;
1584543049;168127;764;661268;1584543049;168127;0;0;0;3.06231;
1584543049;243970;764;737345;1584543049;243970;0;0;0;3.054673;
1584543049;270961;764;764224;1584543049;270961;0;0;0;3.057887;
1584543049;349048;764;842447;1584543049;349048;0;0;0;3.056508;
1584543049;386743;764;880460;1584543049;386743;0;0;0;3.059072;
1584543049;469191;764;962393;1584543049;469191;0;0;0;3.059997;
1584543049;543775;765;36890;1584543049;543775;0;0;0;3.093828;
1584543049;570936;765;64962;1584543049;570936;0;0;0;3.114541;
1584543049;643944;765;136394;1584543049;643944;0;0;0;-3.129813;
1584543049;676217;765;168675;1584543049;676217;0;0;0;-3.119286;
1584543049;761149;765;258372;1584543049;761149;0;0;0;-3.108744;
1584543049;839745;765;333086;1584543049;839745;0;0;0;-3.103349;
1584543049;863357;765;361107;1584543049;863357;0;0;0;-3.097732;
1584543049;944457;765;437821;1584543049;944457;0;0;0;-3.092624;
1584543049;975547;765;469180;1584543049;975547;0;0;0;-3.093185;
1584543050;49312;765;542549;1584543050;49312;0;0;0;-3.111105;
1584543050;81655;765;578348;1584543050;81655;0;0;0;-3.117626;
1584543050;166721;765;665176;1584543050;166721;0;0;0;3.138491;
1584543050;243358;765;737427;1584543050;243358;0;0;0;3.137708;
1584543050;275361;765;769140;1584543050;275361;0;0;0;-3.140891;
1584543050;348687;765;841146;1584543050;348687;0;0;0;3.141098;
1584543050;378720;765;874639;1584543050;378720;0;0;0;3.139609;
1584543050;460514;765;957037;1584543050;460514;0;0;0;3.127292;
1584543050;493204;765;986610;1584543050;493204;0;0;0;3.122267;
1584543050;579593;766;73138;1584543050;579593;0;0;0;3.105148;
1584543050;654560;766;147726;1584543050;654560;0;0;0;3.105436;
1584543050;683057;766;175283;1584543050;683057;0;0;0;3.108177;
1584543050;759768;766;253374;1584543050;759768;0;0;0;3.103333;
1584543050;787543;766;284648;1584543050;787543;0;0;0;3.100001;
1584543050;872864;766;365148;1584543050;872864;0;0;0;3.080546;
1584543050;955645;766;448549;1584543050;955645;0;0;0;3.064435;
1584543050;987093;766;506736;1584543050;987093;0;0;0;3.05953;
1584543051;99381;766;595405;1584543051;99381;0;0;0;3.023444;
1584543051;188612;766;681063;1584543051;188612;0;0;0;3.002765;
1584543051;218866;766;721516;1584543051;218866;0;0;0;2.99645;
1584543051;308994;766;802632;1584543051;308994;0;0;0;2.962999;
1584543051;403971;766;900472;1584543051;403971;0;0;0;2.96396;
1584543051;500656;766;995037;1584543051;500656;0;0;0;2.969027;
1584543051;533608;767;26592;1584543051;533608;0;0;0;2.974118;
1584543051;627477;767;120255;1584543051;627477;0;0;0;2.978264;
1584543051;707759;767;216032;1584543051;707759;0;0;0;2.98487;
1584543051;807640;767;300889;1584543051;807640;0;0;0;2.991863;
1584543051;845206;767;338556;1584543051;845206;0;0;0;2.996886;
1584543051;941450;767;433899;1584543051;941450;0;0;0;3.000448;
1584543051;963992;767;457221;1584543051;963992;0;0;0;3.004932;
1584543052;13447;767;505118;1584543052;13447;0;0;0;3.011119;
1584543052;96536;767;599217;1584543052;96536;0;0;0;3.021715;
1584543052;180581;767;678009;1584543052;180581;0;0;0;3.030883;
1584543052;216886;767;713257;1584543052;216886;0;0;0;3.036035;
1584543052;303702;767;803706;1584543052;303702;0;0;0;3.042468;
1584543052;397917;767;891795;1584543052;397917;0;0;0;3.049112;
1584543052;476450;767;969272;1584543052;476450;0;0;0;3.05731;
1584543052;505186;768;6159;1584543052;505186;0;0;0;3.063058;
1584543052;587547;768;83349;1584543052;587547;0;0;0;3.073241;
1584543052;618012;768;115976;1584543052;618012;0;0;0;3.079553;
1584543052;702683;768;199125;1584543052;702683;0;0;0;3.090394;
1584543052;780732;768;274077;1584543052;780732;0;0;0;3.105367;
1584543052;816772;768;310583;1584543052;816772;0;0;0;3.114035;
1584543052;910214;768;403789;1584543052;910214;0;0;0;3.131082;
1584543053;12918;768;506107;1584543053;12918;0;0;0;-3.137542;
1584543053;87298;768;580433;1584543053;87298;0;0;0;-3.111142;
1584543053;123296;768;618522;1584543053;123296;0;0;0;-3.099813;
1584543053;216759;768;709644;1584543053;216759;0;0;0;-3.072584;
1584543053;299807;768;797051;1584543053;299807;0;0;0;-3.056335;
1584543053;342353;768;835098;1584543053;342353;0;0;0;-3.04479;
1584543053;424009;768;920658;1584543053;424009;0;0;0;-3.012418;
1584543053;454596;768;948267;1584543053;454596;0;0;0;-2.998065;
1584543053;552011;769;45859;1584543053;552011;0;0;0;-2.959347;
1584543053;573358;769;66590;1584543053;573358;0;0;0;-2.941043;
1584543053;596249;769;104119;1584543053;596249;0;0;0;-2.917803;
1584543053;696060;769;189959;1584543053;696060;0;0;0;-2.856567;
1584543053;733581;769;226405;1584543053;733581;0;0;0;-2.83838;
1584543053;813531;769;305890;1584543053;813531;0;0;0;-2.785205;
1584543053;858776;769;351596;1584543053;858776;0;0;0;-2.766757;
1584543053;934662;769;428332;1584543053;934662;0;0;0;-2.708458;
1584543053;960366;769;453467;1584543053;960366;0;0;0;-2.696859;
1584543053;985166;769;477897;1584543053;985166;0;0;0;-2.684526;
1584543054;28237;769;522660;1584543054;28237;0;0;0;-2.674434;
1584543054;102088;769;594433;1584543054;102088;0;0;0;-2.66472;
1584543054;189489;769;681614;1584543054;189489;0;0;0;-2.661438;
1584543054;219669;769;712058;1584543054;219669;0;0;0;-2.657622;
1584543054;289458;769;781640;1584543054;289458;0;0;0;-2.653959;
1584543054;304351;769;796490;1584543054;304351;0;0;0;-2.650247;
1584543054;340655;769;833143;1584543054;340655;0;0;0;-2.646654;
1584543054;409340;769;903745;1584543054;409340;0;0;0;-2.644285;
1584543054;442918;769;935018;1584543054;442918;0;0;0;-2.640436;
1584543054;540852;770;33375;1584543054;540852;0;0;0;-2.637044;
1584543054;615638;770;112702;1584543054;615638;0;0;0;-2.630206;
1584543054;647839;770;141937;1584543054;647839;0;0;0;-2.623821;
1584543054;746204;770;238491;1584543054;746204;0;0;0;-2.603815;
1584543054;928934;770;422278;1584543054;928934;0;0;0;-2.565045;
1584543054;960804;770;454581;1584543054;960804;0;0;0;-2.555094;
1584543055;59982;770;553673;1584543055;59982;0;0;0;-2.526985;
1584543055;81627;770;574909;1584543055;81627;0;0;0;-2.515031;
1584543055;108509;770;602585;1584543055;108509;0;0;0;-2.496805;
1584543055;183493;770;676687;1584543055;183493;0;0;0;-2.469664;
1584543055;203649;770;696478;1584543055;203649;0;0;0;-2.457751;
1584543055;254372;770;749587;1584543055;254372;0;0;0;-2.446057;
1584543055;354735;770;852559;1584543055;354735;0;0;0;-2.40328;
1584543055;455179;770;951396;1584543055;455179;0;0;0;-2.381303;
1584543055;480752;770;973143;1584543055;480752;0;0;0;-2.372715;
1584543055;501392;770;999091;1584543055;501392;0;0;0;-2.359912;
1584543055;553947;771;47301;1584543055;553947;0;0;0;-2.346145;
1584543055;651755;771;144709;1584543055;651755;0;0;0;-2.319271;
1584543055;749551;771;242576;1584543055;749551;0;0;0;-2.302716;
1584543055;844028;771;337244;1584543055;844028;0;0;0;-2.284951;
1584543055;935889;771;436301;1584543055;935889;0;0;0;-2.269979;
1584543056;22873;771;516285;1584543056;22873;0;0;0;-2.258535;
1584543056;114677;771;609922;1584543056;114677;0;0;0;-2.245984;
1584543056;189089;771;681488;1584543056;189089;0;0;0;-2.234208;
1584543056;211326;771;705148;1584543056;211326;0;0;0;-2.227272;
1584543056;253279;771;746474;1584543056;253279;0;0;0;-2.219495;
1584543056;348205;771;841870;1584543056;348205;0;0;0;-2.203984;
1584543056;432749;771;938253;1584543056;432749;0;0;0;-2.191661;
1584543056;529088;772;22747;1584543056;529088;0;0;0;-2.180523;
1584543056;564319;772;60578;1584543056;564319;0;0;0;-2.173976;
1584543056;658781;772;151002;1584543056;658781;0;0;0;-2.161655;
1584543056;734830;772;241768;1584543056;734830;0;0;0;-2.151398;
1584543056;829541;772;322868;1584543056;829541;0;0;0;-2.141993;
1584543056;864704;772;357174;1584543056;864704;0;0;0;-2.13589;
1584543056;952446;772;444512;1584543056;952446;0;0;0;-2.123214;
1584543056;984232;772;477523;1584543056;984232;0;0;0;-2.11734;
1584543057;74670;772;568955;1584543057;74670;0;0;0;-2.102755;
1584543057;164855;772;658477;1584543057;164855;0;0;0;-2.093568;
1584543057;239645;772;744987;1584543057;239645;0;0;0;-2.085192;
1584543057;329197;772;821537;1584543057;329197;0;0;0;-2.080762;
1584543057;366248;772;859345;1584543057;366248;0;0;0;-2.076306;
1584543057;439540;772;940646;1584543057;439540;0;0;0;-2.071235;
1584543057;482930;772;976152;1584543057;482930;0;0;0;-2.064885;
1584543057;570732;773;63907;1584543057;570732;0;0;0;-2.049721;
1584543057;660415;773;156860;1584543057;660415;0;0;0;-2.027703;
1584543057;739444;773;233054;1584543057;739444;0;0;0;-2.00952;
1584543057;783808;773;276933;1584543057;783808;0;0;0;-1.998978;
1584543057;868705;773;362009;1584543057;868705;0;0;0;-1.97283;
1584543057;949900;773;450962;1584543057;949900;0;0;0;-1.95314;
1584543058;40650;773;533116;1584543058;40650;0;0;0;-1.934036;
1584543058;77416;773;570715;1584543058;77416;0;0;0;-1.924502;
1584543058;174228;773;667786;1584543058;174228;0;0;0;-1.899768;
1584543058;250888;773;760612;1584543058;250888;0;0;0;-1.880917;
1584543058;339365;773;832019;1584543058;339365;0;0;0;-1.862659;
1584543058;375287;773;868381;1584543058;375287;0;0;0;-1.854075;
1584543058;453231;773;947163;1584543058;453231;0;0;0;-1.834324;
1584543058;540706;774;33550;1584543058;540706;0;0;0;-1.816202;
1584543058;576081;774;69111;1584543058;576081;0;0;0;-1.807438;
1584543058;650807;774;146399;1584543058;650807;0;0;0;-1.788483;
1584543058;684431;774;177262;1584543058;684431;0;0;0;-1.781181;
1584543058;775931;774;268750;1584543058;775931;0;0;0;-1.763484;
1584543058;851667;774;347874;1584543058;851667;0;0;0;-1.745683;
1584543058;908670;774;402654;1584543058;908670;0;0;0;-1.740583;
1584543058;990812;774;487421;1584543058;990812;0;0;0;-1.735078;
1584543059;23091;774;516355;1584543059;23091;0;0;0;-1.731968;
1584543059;110034;774;601835;1584543059;110034;0;0;0;-1.726795;
1584543059;194377;774;697963;1584543059;194377;0;0;0;-1.722329;
1584543059;291518;774;783935;1584543059;291518;0;0;0;-1.71826;
1584543059;322603;774;816220;1584543059;322603;0;0;0;-1.714331;
1584543059;409499;774;902667;1584543059;409499;0;0;0;-1.712159;
1584543059;432717;774;933739;1584543059;432717;0;0;0;-1.71151;
1584543059;529890;775;22620;1584543059;529890;0;0;0;-1.714027;
1584543059;551038;775;43770;1584543059;551038;0;0;0;-1.711655;
1584543059;588852;775;82251;1584543059;588852;0;0;0;-1.707991;
1584543059;681870;775;175686;1584543059;681870;0;0;0;-1.708449;
1584543059;755759;775;248089;1584543059;755759;0;0;0;-1.707449;
1584543059;790958;775;284011;1584543059;790958;0;0;0;-1.705882;
1584543059;880037;775;373628;1584543059;880037;0;0;0;-1.706128;
1584543059;998479;775;491106;1584543059;998479;0;0;0;-1.707885;
1584543060;98061;775;591168;1584543060;98061;0;0;0;-1.708794;
1584543060;182294;775;675999;1584543060;182294;0;0;0;-1.707813;
1584543060;261347;775;755371;1584543060;261347;0;0;0;-1.708441;
1584543060;308979;775;807340;1584543060;308979;0;0;0;-1.705198;
1584543060;417905;775;910097;1584543060;417905;0;0;0;-1.704961;
1584543060;513146;776;10008;1584543060;513146;0;0;0;-1.704644;
1584543060;620382;776;113461;1584543060;620382;0;0;0;-1.703121;
1584543060;716085;776;213249;1584543060;716085;0;0;0;-1.701739;
1584543060;806864;776;312270;1584543060;806864;0;0;0;-1.698784;
1584543060;997091;776;490610;1584543060;997091;0;0;0;-1.696015;
1584543061;73430;776;565795;1584543061;73430;0;0;0;-1.693682;
1584543061;162870;776;656064;1584543061;162870;0;0;0;-1.691815;
1584543061;192987;776;689485;1584543061;192987;0;0;0;-1.690225;
1584543061;272069;776;765907;1584543061;272069;0;0;0;-1.689395;
1584543061;314428;776;806741;1584543061;314428;0;0;0;-1.687629;
1584543061;404290;776;904771;1584543061;404290;0;0;0;-1.687347;
1584543061;497427;776;993429;1584543061;497427;0;0;0;-1.686876;
1584543061;572668;777;65971;1584543061;572668;0;0;0;-1.686779;
1584543061;613097;777;108903;1584543061;613097;0;0;0;-1.685649;
1584543061;698260;777;191920;1584543061;698260;0;0;0;-1.685666;
1584543061;786434;777;291357;1584543061;786434;0;0;0;-1.685121;
1584543061;822970;777;315831;1584543061;822970;0;0;0;-1.683239;
1584543061;846596;777;339238;1584543061;846596;0;0;0;-1.68099;
1584543061;870608;777;364602;1584543061;870608;0;0;0;-1.678688;
1584543061;913339;777;406547;1584543061;913339;0;0;0;-1.674489;
1584543062;12453;777;505655;1584543062;12453;0;0;0;-1.663288;
1584543062;87585;777;592689;1584543062;87585;0;0;0;-1.653661;
1584543062;172727;777;666225;1584543062;172727;0;0;0;-1.643283;
1584543062;216457;777;709736;1584543062;216457;0;0;0;-1.63691;
1584543062;289933;777;786997;1584543062;289933;0;0;0;-1.624339;
1584543062;390195;777;911697;1584543062;390195;0;0;0;-1.610587;
1584543062;496293;778;4342;1584543062;496293;0;0;0;-1.596925;
1584543062;589113;778;86754;1584543062;589113;0;0;0;-1.585027;
1584543062;631697;778;128515;1584543062;631697;0;0;0;-1.579156;
1584543062;734356;778;234433;1584543062;734356;0;0;0;-1.56218;
1584543062;836644;778;334952;1584543062;836644;0;0;0;-1.54651;
1584543062;932961;778;426850;1584543062;932961;0;0;0;-1.532938;
1584543062;958406;778;450958;1584543062;958406;0;0;0;-1.526925;
1584543062;980188;778;474140;1584543062;980188;0;0;0;-1.521654;
1584543063;18805;778;512364;1584543063;18805;0;0;0;-1.513644;
1584543063;99504;778;607263;1584543063;99504;0;0;0;-1.498113;
1584543063;189213;778;682615;1584543063;189213;0;0;0;-1.487147;
1584543063;229255;778;722845;1584543063;229255;0;0;0;-1.481494;
1584543063;326460;778;819227;1584543063;326460;0;0;0;-1.468799;
1584543063;415593;778;908370;1584543063;415593;0;0;0;-1.455142;
1584543063;494596;778;992039;1584543063;494596;0;0;0;-1.444608;
1584543063;522946;779;33282;1584543063;522946;0;0;0;-1.437844;
1584543063;640569;779;133317;1584543063;640569;0;0;0;-1.40871;
1584543063;664414;779;158537;1584543063;664414;0;0;0;-1.395813;
1584543063;687496;779;180493;1584543063;687496;0;0;0;-1.374889;
1584543063;726956;779;222523;1584543063;726956;0;0;0;-1.35079;
1584543063;807957;779;301133;1584543063;807957;0;0;0;-1.295602;
1584543063;933992;779;427622;1584543063;933992;0;0;0;-1.236292;
1584543064;12545;779;524531;1584543064;12545;0;0;0;-1.188441;
1584543064;109404;779;615019;1584543064;109404;0;0;0;-1.149733;
1584543064;197348;779;689577;1584543064;197348;0;0;0;-1.11306;
1584543064;231275;779;726610;1584543064;231275;0;0;0;-1.106443;
1584543064;308223;779;800473;1584543064;308223;0;0;0;-1.095618;
1584543064;332817;779;827984;1584543064;332817;0;0;0;-1.091527;
1584543064;364586;779;856821;1584543064;364586;0;0;0;-1.086054;
1584543064;454691;779;946590;1584543064;454691;0;0;0;-1.079096;
1584543064;529648;780;36483;1584543064;529648;0;0;0;-1.070687;
1584543064;627315;780;119231;1584543064;627315;0;0;0;-1.043443;
1584543064;661448;780;153937;1584543064;661448;0;0;0;-1.026408;
1584543064;739009;780;240815;1584543064;739009;0;0;0;-0.9785007;
1584543064;770492;780;262437;1584543064;770492;0;0;0;-0.9583567;
1584543064;787138;780;279085;1584543064;787138;0;0;0;-0.9275992;
1584543064;804076;780;298003;1584543064;804076;0;0;0;-0.9020653;
1584543064;832607;780;325110;1584543064;832607;0;0;0;-0.8817511;
1584543064;909051;780;401214;1584543064;909051;0;0;0;-0.8357674;
1584543064;928734;780;420849;1584543064;928734;0;0;0;-0.8191804;
1584543064;950737;780;442392;1584543064;950737;0;0;0;-0.8029136;
1584543064;980355;780;472669;1584543064;980355;0;0;0;-0.7823845;
1584543065;62076;780;568329;1584543065;62076;0;0;0;-0.7505517;
1584543065;171920;780;664974;1584543065;171920;0;0;0;-0.7303726;
1584543065;190331;780;682299;1584543065;190331;0;0;0;-0.7220363;
1584543065;227024;780;718968;1584543065;227024;0;0;0;-0.7092533;
1584543065;298022;780;790197;1584543065;298022;0;0;0;-0.6701563;
1584543065;324456;780;819242;1584543065;324456;0;0;0;-0.6535946;
1584543065;401135;780;893322;1584543065;401135;0;0;0;-0.619229;
1584543065;430094;780;921739;1584543065;430094;0;0;0;-0.6034921;
1584543065;501111;780;993271;1584543065;501111;0;0;0;-0.5688317;
1584543065;525317;781;17655;1584543065;525317;0;0;0;-0.5582696;
1584543065;543143;781;38791;1584543065;543143;0;0;0;-0.5504299;
1584543065;567704;781;59954;1584543065;567704;0;0;0;-0.5426061;
1584543065;597642;781;89850;1584543065;597642;0;0;0;-0.536688;
1584543065;616439;781;108624;1584543065;616439;0;0;0;-0.5305734;
1584543065;642818;781;134801;1584543065;642818;0;0;0;-0.5260902;
1584543065;666655;781;158693;1584543065;666655;0;0;0;-0.5212027;
1584543065;694363;781;186406;1584543065;694363;0;0;0;-0.5154952;
1584543065;771718;781;263913;1584543065;771718;0;0;0;-0.5082369;
1584543065;797301;781;289968;1584543065;797301;0;0;0;-0.5049164;
1584543065;817641;781;309885;1584543065;817641;0;0;0;-0.5010179;
1584543065;838098;781;330175;1584543065;838098;0;0;0;-0.4966536;
1584543065;862603;781;357409;1584543065;862603;0;0;0;-0.4931626;
1584543065;894757;781;388214;1584543065;894757;0;0;0;-0.4892402;
1584543065;973101;781;465401;1584543065;973101;0;0;0;-0.4835722;
1584543065;998269;781;491778;1584543065;998269;0;0;0;-0.4794368;
1584543066;24534;781;516623;1584543066;24534;0;0;0;-0.4755193;
1584543066;43909;781;536112;1584543066;43909;0;0;0;-0.4717205;
1584543066;65941;781;560466;1584543066;65941;0;0;0;-0.4677651;
1584543066;87787;781;580716;1584543066;87787;0;0;0;-0.4633762;
1584543066;116892;781;608701;1584543066;116892;0;0;0;-0.4624426;
1584543066;136335;781;628981;1584543066;136335;0;0;0;-0.4642245;
1584543066;159684;781;651919;1584543066;159684;0;0;0;-0.4673872;
1584543066;178903;781;671192;1584543066;178903;0;0;0;-0.4706026;
1584543066;203748;781;701824;1584543066;203748;0;0;0;-0.4750828;
1584543066;281651;781;773862;1584543066;281651;0;0;0;-0.4794768;
1584543066;298661;781;801763;1584543066;298661;0;0;0;-0.4785703;
1584543066;382368;781;874449;1584543066;382368;0;0;0;-0.4799302;
1584543066;418863;781;910812;1584543066;418863;0;0;0;-0.4779697;
1584543066;488946;781;981132;1584543066;488946;0;0;0;-0.4775453;
1584543066;513573;782;8845;1584543066;513573;0;0;0;-0.4763443;
1584543066;536984;782;28944;1584543066;536984;0;0;0;-0.4737383;
1584543066;553554;782;46694;1584543066;553554;0;0;0;-0.4720757;
1584543066;573454;782;65310;1584543066;573454;0;0;0;-0.4704548;
1584543066;587629;782;79428;1584543066;587629;0;0;0;-0.4680162;
1584543066;621020;782;113271;1584543066;621020;0;0;0;-0.4661417;
1584543066;748311;782;244951;1584543066;748311;0;0;0;-0.4651129;
1584543066;849845;782;343075;1584543066;849845;0;0;0;-0.4682951;
1584543066;900534;782;393908;1584543066;900534;0;0;0;-0.4672509;
1584543066;988271;782;482021;1584543066;988271;0;0;0;-0.4692335;
1584543067;73408;782;570608;1584543067;73408;0;0;0;-0.4697775;
1584543067;106374;782;599620;1584543067;106374;0;0;0;-0.4688103;
1584543067;191689;782;685223;1584543067;191689;0;0;0;-0.4704317;
1584543067;218969;782;715657;1584543067;218969;0;0;0;-0.4697095;
1584543067;308444;782;801343;1584543067;308444;0;0;0;-0.4737309;
1584543067;331653;782;824493;1584543067;331653;0;0;0;-0.473528;
1584543067;356200;782;849799;1584543067;356200;0;0;0;-0.474967;
1584543067;388016;782;881418;1584543067;388016;0;0;0;-0.475565;
1584543067;464870;782;958376;1584543067;464870;0;0;0;-0.4795895;
1584543067;496704;782;997612;1584543067;496704;0;0;0;-0.4787531;
1584543067;589190;783;82536;1584543067;589190;0;0;0;-0.4838725;
1584543067;666494;783;158992;1584543067;666494;0;0;0;-0.4842117;
1584543067;704909;783;198225;1584543067;704909;0;0;0;-0.4823968;
1584543067;806002;783;299242;1584543067;806002;0;0;0;-0.4672959;
1584543067;908464;783;401208;1584543067;908464;0;0;0;-0.4107408;
1584543067;998420;783;491657;1584543067;998420;0;0;0;-0.3673332;
1584543068;32469;783;525197;1584543068;32469;0;0;0;-0.362239;
1584543068;121287;783;617818;1584543068;121287;0;0;0;-0.3526151;
1584543068;218368;783;711614;1584543068;218368;0;0;0;-0.3467382;
1584543068;317191;783;811292;1584543068;317191;0;0;0;-0.3422228;
1584543068;415638;783;909320;1584543068;415638;0;0;0;-0.3365774;
1584543068;515249;784;7086;1584543068;515249;0;0;0;-0.3324058;
1584543068;603309;784;102546;1584543068;603309;0;0;0;-0.3268683;
1584543068;704354;784;206104;1584543068;704354;0;0;0;-0.3328087;
1584543068;803544;784;296799;1584543068;803544;0;0;0;-0.3532568;
1584543068;881619;784;401120;1584543068;881619;0;0;0;-0.3523195;
1584543068;987669;784;488502;1584543068;987669;0;0;0;-0.3530618;
1584543069;74196;784;568298;1584543069;74196;0;0;0;-0.3533338;
1584543069;119499;784;612674;1584543069;119499;0;0;0;-0.3521525;
1584543069;217222;784;710587;1584543069;217222;0;0;0;-0.355143;
1584543069;304226;784;808101;1584543069;304226;0;0;0;-0.3552763;
1584543069;391821;784;895831;1584543069;391821;0;0;0;-0.3540261;
1584543069;492764;784;986123;1584543069;492764;0;0;0;-0.3532362;
1584543069;528222;785;24424;1584543069;528222;0;0;0;-0.3510842;
1584543069;628942;785;124963;1584543069;628942;0;0;0;-0.3501052;
1584543069;726377;785;219050;1584543069;726377;0;0;0;-0.3519346;
1584543069;819664;785;313460;1584543069;819664;0;0;0;-0.3533773;
1584543069;921320;785;415209;1584543069;921320;0;0;0;-0.3541317;
1584543070;14602;785;507495;1584543070;14602;0;0;0;-0.3561967;
1584543070;98602;785;605930;1584543070;98602;0;0;0;-0.3555292;
1584543070;189253;785;686692;1584543070;189253;0;0;0;-0.3555329;
1584543070;232700;785;730071;1584543070;232700;0;0;0;-0.3534685;
1584543070;331486;785;824751;1584543070;331486;0;0;0;-0.3276058;
1584543070;435606;785;930056;1584543070;435606;0;0;0;-0.2785755;
1584543070;534970;786;31878;1584543070;534970;0;0;0;-0.2525857;
1584543070;635431;786;132448;1584543070;635431;0;0;0;-0.2510658;
1584543070;725488;786;223957;1584543070;725488;0;0;0;-0.2487203;
1584543070;817172;786;309535;1584543070;817172;0;0;0;-0.244591;
1584543070;919366;786;416443;1584543070;919366;0;0;0;-0.2398157;
1584543071;15334;786;507762;1584543071;15334;0;0;0;-0.235678;
1584543071;48710;786;542038;1584543071;48710;0;0;0;-0.2335424;
1584543071;137481;786;635712;1584543071;137481;0;0;0;-0.2329092;
1584543071;236442;786;730077;1584543071;236442;0;0;0;-0.2283235;
1584543071;327295;786;829283;1584543071;327295;0;0;0;-0.2027385;
1584543071;439695;786;936694;1584543071;439695;0;0;0;-0.1492871;
1584543071;547393;787;41220;1584543071;547393;0;0;0;-0.08170853;
1584543071;648358;787;141260;1584543071;648358;0;0;0;-0.02145484;
1584543071;743043;787;240722;1584543071;743043;0;0;0;0.004187692;
1584543071;832460;787;333663;1584543071;832460;0;0;0;0.01082812;
1584543071;925507;787;419106;1584543071;925507;0;0;0;0.01828072;
1584543071;957840;787;450924;1584543071;957840;0;0;0;0.02516501;
1584543072;32583;787;528878;1584543072;32583;0;0;0;0.05761212;
1584543072;68674;787;562239;1584543072;68674;0;0;0;0.07724537;
1584543072;159699;787;653331;1584543072;159699;0;0;0;0.1306081;
1584543072;266083;787;758352;1584543072;266083;0;0;0;0.1765103;
1584543072;363282;787;856107;1584543072;363282;0;0;0;0.1886517;
1584543072;453990;787;946582;1584543072;453990;0;0;0;0.1888617;
1584543072;531242;788;24457;1584543072;531242;0;0;0;0.1885331;
1584543072;566471;788;59317;1584543072;566471;0;0;0;0.1916381;
1584543072;645105;788;146528;1584543072;645105;0;0;0;0.1954443;
1584543072;736182;788;229067;1584543072;736182;0;0;0;0.2215179;
1584543072;769036;788;263159;1584543072;769036;0;0;0;0.2409231;
1584543072;863247;788;357048;1584543072;863247;0;0;0;0.2932539;
1584543072;960751;788;453636;1584543072;960751;0;0;0;0.3355047;
1584543073;43876;788;541172;1584543073;43876;0;0;0;0.3508451;
1584543073;147041;788;651283;1584543073;147041;0;0;0;0.3531366;
1584543073;239450;788;731978;1584543073;239450;0;0;0;0.3851738;
1584543073;272016;788;764895;1584543073;272016;0;0;0;0.4045986;
1584543073;365906;788;858562;1584543073;365906;0;0;0;0.4631036;
1584543073;459096;788;957160;1584543073;459096;0;0;0;0.5086245;
1584543073;545156;789;38815;1584543073;545156;0;0;0;0.5262247;
1584543073;577016;789;70349;1584543073;577016;0;0;0;0.5291271;
1584543073;668743;789;162567;1584543073;668743;0;0;0;0.5336385;
1584543073;747946;789;240861;1584543073;747946;0;0;0;0.5381247;
1584543073;778365;789;273690;1584543073;778365;0;0;0;0.5421317;
1584543073;881109;789;373879;1584543073;881109;0;0;0;0.545587;
1584543073;975999;789;473289;1584543073;975999;0;0;0;0.5492904;
1584543074;75070;789;567917;1584543074;75070;0;0;0;0.5568941;
1584543074;166203;789;664960;1584543074;166203;0;0;0;0.5720068;
1584543074;255407;789;748608;1584543074;255407;0;0;0;0.5801592;
1584543074;341317;789;835053;1584543074;341317;0;0;0;0.5875491;
1584543074;384229;789;876617;1584543074;384229;0;0;0;0.5941124;
1584543074;474796;789;967960;1584543074;474796;0;0;0;0.60535;
1584543074;559869;790;60352;1584543074;559869;0;0;0;0.6130227;
1584543074;648513;790;146891;1584543074;648513;0;0;0;0.6209539;
1584543074;695553;790;188696;1584543074;695553;0;0;0;0.6259697;
1584543074;784877;790;278423;1584543074;784877;0;0;0;0.6336046;
1584543074;874339;790;372966;1584543074;874339;0;0;0;0.6412398;
1584543074;990428;790;483359;1584543074;990428;0;0;0;0.6484234;
1584543075;87439;790;581046;1584543075;87439;0;0;0;0.6573817;
1584543075;179281;790;676171;1584543075;179281;0;0;0;0.6646605;
1584543075;264760;790;761849;1584543075;264760;0;0;0;0.6728565;
1584543075;298428;790;791348;1584543075;298428;0;0;0;0.6787275;
1584543075;391739;790;884441;1584543075;391739;0;0;0;0.6857067;
1584543075;481461;790;978864;1584543075;481461;0;0;0;0.6908157;
1584543075;571009;791;64046;1584543075;571009;0;0;0;0.6943054;
1584543075;601396;791;94127;1584543075;601396;0;0;0;0.6981037;
1584543075;701580;791;202236;1584543075;701580;0;0;0;0.7038326;
1584543075;808148;791;301583;1584543075;808148;0;0;0;0.7097058;
1584543075;912862;791;405746;1584543075;912862;0;0;0;0.7200941;
1584543076;3344;791;496232;1584543076;3344;0;0;0;0.744271;
1584543076;35279;791;528068;1584543076;35279;0;0;0;0.7547548;
1584543076;118395;791;611818;1584543076;118395;0;0;0;0.781119;
1584543076;139823;791;632374;1584543076;139823;0;0;0;0.7926407;
1584543076;160424;791;653545;1584543076;160424;0;0;0;0.8055097;
1584543076;207204;791;699909;1584543076;207204;0;0;0;0.8198814;
1584543076;301000;791;793036;1584543076;301000;0;0;0;0.8506861;
1584543076;383986;791;877113;1584543076;383986;0;0;0;0.8733316;
1584543076;428973;791;922737;1584543076;428973;0;0;0;0.8849331;
1584543076;518770;792;12487;1584543076;518770;0;0;0;0.9201857;
1584543076;606708;792;100010;1584543076;606708;0;0;0;0.9443614;
1584543076;636583;792;130314;1584543076;636583;0;0;0;0.9565001;
1584543076;729627;792;223696;1584543076;729627;0;0;0;0.983424;
1584543076;820314;792;314143;1584543076;820314;0;0;0;1.006163;
1584543076;929183;792;422530;1584543076;929183;0;0;0;1.028393;
1584543077;12984;792;506232;1584543077;12984;0;0;0;1.055163;
1584543077;41151;792;533945;1584543077;41151;0;0;0;1.065886;
1584543077;131212;792;624563;1584543077;131212;0;0;0;1.089903;
1584543077;227934;792;721475;1584543077;227934;0;0;0;1.113558;
1584543077;323779;792;817060;1584543077;323779;0;0;0;1.144534;
1584543077;408525;792;918441;1584543077;408525;0;0;0;1.175454;
1584543077;529061;793;22595;1584543077;529061;0;0;0;1.210172;
1584543077;626903;793;119838;1584543077;626903;0;0;0;1.251855;
1584543077;726886;793;220935;1584543077;726886;0;0;0;1.288217;
1584543077;832825;793;325661;1584543077;832825;0;0;0;1.317807;
1584543077;932015;793;426375;1584543077;932015;0;0;0;1.356168;
1584543078;28902;793;521586;1584543078;28902;0;0;0;1.382991;
1584543078;123322;793;619327;1584543078;123322;0;0;0;1.418582;
1584543078;214321;793;710902;1584543078;214321;0;0;0;1.450478;
1584543078;308773;793;819870;1584543078;308773;0;0;0;1.482223;
1584543078;433169;793;926082;1584543078;433169;0;0;0;1.516228;
1584543078;523648;794;21733;1584543078;523648;0;0;0;1.54935;
1584543078;624360;794;121578;1584543078;624360;0;0;0;1.569199;
1584543078;717954;794;215998;1584543078;717954;0;0;0;1.590423;
1584543078;818620;794;316435;1584543078;818620;0;0;0;1.597269;
1584543078;934374;794;426232;1584543078;934374;0;0;0;1.602641;
1584543078;955923;794;448738;1584543078;955923;0;0;0;1.603595;
1584543078;977205;794;470123;1584543078;977205;0;0;0;1.603105;
1584543079;15832;794;508617;1584543079;15832;0;0;0;1.601336;
1584543079;92554;794;586778;1584543079;92554;0;0;0;1.57609;
1584543079;135280;794;629513;1584543079;135280;0;0;0;1.570981;
1584543079;270607;794;764386;1584543079;270607;0;0;0;1.560125;
1584543079;298931;794;791858;1584543079;298931;0;0;0;1.56424;
1584543079;336561;794;831024;1584543079;336561;0;0;0;1.567678;
1584543079;426603;794;926659;1584543079;426603;0;0;0;1.569467;
1584543079;523472;795;16814;1584543079;523472;0;0;0;1.571433;
1584543079;552266;795;46075;1584543079;552266;0;0;0;1.574102;
1584543079;643562;795;137644;1584543079;643562;0;0;0;1.572355;
1584543079;667578;795;160315;1584543079;667578;0;0;0;1.574979;
1584543079;688260;795;181483;1584543079;688260;0;0;0;1.57539;
1584543079;727068;795;220684;1584543079;727068;0;0;0;1.575198;
1584543079;825348;795;317709;1584543079;825348;0;0;0;1.567611;
1584543079;924293;795;418186;1584543079;924293;0;0;0;1.565013;
1584543079;955718;795;448103;1584543079;955718;0;0;0;1.565807;
1584543080;34542;795;536759;1584543080;34542;0;0;0;1.558896;
1584543080;133644;795;626070;1584543080;133644;0;0;0;1.551755;
1584543080;162032;795;654948;1584543080;162032;0;0;0;1.552224;
1584543080;235881;795;728590;1584543080;235881;0;0;0;1.541979;
1584543080;267774;795;760518;1584543080;267774;0;0;0;1.540691;
1584543080;349871;795;842779;1584543080;349871;0;0;0;1.526327;
1584543080;371893;795;865008;1584543080;371893;0;0;0;1.524575;
1584543080;394017;795;887068;1584543080;394017;0;0;0;1.516457;
1584543080;470402;795;964282;1584543080;470402;0;0;0;1.499244;
1584543080;494673;795;987954;1584543080;494673;0;0;0;1.495314;
1584543080;533337;796;26141;1584543080;533337;0;0;0;1.490829;
1584543080;618771;796;113543;1584543080;618771;0;0;0;1.463387;
1584543080;697912;796;194704;1584543080;697912;0;0;0;1.452419;
1584543080;734870;796;228749;1584543080;734870;0;0;0;1.452651;
1584543080;830647;796;324010;1584543080;830647;0;0;0;1.444904;
1584543080;859663;796;353357;1584543080;859663;0;0;0;1.450322;
1584543080;938725;796;432067;1584543080;938725;0;0;0;1.452481;
1584543080;968033;796;460754;1584543080;968033;0;0;0;1.45724;
1584543081;59669;796;553264;1584543081;59669;0;0;0;1.456578;
1584543081;82836;796;577073;1584543081;82836;0;0;0;1.462719;
1584543081;107736;796;611248;1584543081;107736;0;0;0;1.468627;
1584543081;193986;796;687335;1584543081;193986;0;0;0;1.471648;
1584543081;224586;796;724868;1584543081;224586;0;0;0;1.478534;
1584543081;319101;796;812223;1584543081;319101;0;0;0;1.484087;
1584543081;392236;796;885460;1584543081;392236;0;0;0;1.490334;
1584543081;434430;796;927101;1584543081;434430;0;0;0;1.497072;
1584543081;525109;797;18595;1584543081;525109;0;0;0;1.502465;
1584543081;611912;797;105154;1584543081;611912;0;0;0;1.511116;
1584543081;638299;797;131125;1584543081;638299;0;0;0;1.519409;
1584543081;726705;797;220740;1584543081;726705;0;0;0;1.526192;
1584543081;767754;797;260348;1584543081;767754;0;0;0;1.534492;
1584543081;846800;797;340513;1584543081;846800;0;0;0;1.542322;
1584543081;876651;797;370484;1584543081;876651;0;0;0;1.549964;
1584543081;954237;797;455358;1584543081;954237;0;0;0;1.555481;
1584543081;986497;797;479708;1584543081;986497;0;0;0;1.561863;
1584543082;19122;797;512310;1584543082;19122;0;0;0;1.56841;
1584543082;93300;797;587082;1584543082;93300;0;0;0;1.573561;
1584543082;127460;797;620768;1584543082;127460;0;0;0;1.581778;
1584543082;213152;797;705088;1584543082;213152;0;0;0;1.606559;
1584543082;234578;797;728843;1584543082;234578;0;0;0;1.629453;
1584543082;259970;797;762331;1584543082;259970;0;0;0;1.663023;
1584543082;346911;797;839332;1584543082;346911;0;0;0;1.722851;
1584543082;376313;797;869053;1584543082;376313;0;0;0;1.74515;
1584543082;457039;797;949824;1584543082;457039;0;0;0;1.789112;
1584543082;484310;797;978324;1584543082;484310;0;0;0;1.810297;
1584543082;559536;798;61637;1584543082;559536;0;0;0;1.851139;
1584543082;644349;798;140857;1584543082;644349;0;0;0;1.869528;
1584543082;676124;798;170451;1584543082;676124;0;0;0;1.88114;
1584543082;754778;798;248889;1584543082;754778;0;0;0;1.89286;
1584543082;783155;798;292584;1584543082;783155;0;0;0;1.903762;
1584543082;881557;798;373925;1584543082;881557;0;0;0;1.91625;
1584543082;908110;798;401481;1584543082;908110;0;0;0;1.92659;
1584543082;932099;798;424897;1584543082;932099;0;0;0;1.93748;
1584543082;956283;798;450207;1584543082;956283;0;0;0;1.949843;
1584543082;986393;798;479387;1584543082;986393;0;0;0;1.966438;
1584543083;61031;798;554920;1584543083;61031;0;0;0;1.991;
1584543083;90304;798;583381;1584543083;90304;0;0;0;2.006017;
1584543083;163604;798;656014;1584543083;163604;0;0;0;2.029547;
1584543083;191481;798;684677;1584543083;191481;0;0;0;2.043463;
1584543083;267308;798;768480;1584543083;267308;0;0;0;2.066449;
1584543083;348859;798;846134;1584543083;348859;0;0;0;2.093892;
1584543083;381584;798;874406;1584543083;381584;0;0;0;2.111989;
1584543083;463800;798;956544;1584543083;463800;0;0;0;2.146646;
1584543083;492770;798;986084;1584543083;492770;0;0;0;2.168815;
1584543083;589648;799;82038;1584543083;589648;0;0;0;2.217447;
1584543083;671935;799;165210;1584543083;671935;0;0;0;2.279087;
1584543083;715669;799;212391;1584543083;715669;0;0;0;2.307876;
1584543083;802299;799;295941;1584543083;802299;0;0;0;2.396781;
1584543083;834573;799;327157;1584543083;834573;0;0;0;2.424805;
1584543083;909466;799;402104;1584543083;909466;0;0;0;2.485868;
1584543084;2623;799;495514;1584543084;2623;0;0;0;2.526531;
1584543084;38773;799;532067;1584543084;38773;0;0;0;2.5457;
1584543084;127758;799;620272;1584543084;127758;0;0;0;2.574502;
1584543084;219086;799;714826;1584543084;219086;0;0;0;2.591401;
1584543084;308426;799;802824;1584543084;308426;0;0;0;2.60625;
1584543084;397284;799;890939;1584543084;397284;0;0;0;2.621783;
1584543084;504459;799;998123;1584543084;504459;0;0;0;2.641846;
1584543084;586091;800;87950;1584543084;586091;0;0;0;2.668246;
1584543084;673608;800;170756;1584543084;673608;0;0;0;2.695014;
1584543084;718483;800;211998;1584543084;718483;0;0;0;2.712151;
1584543084;805147;800;306719;1584543084;805147;0;0;0;2.747127;
1584543084;900708;800;393530;1584543084;900708;0;0;0;2.774721;
1584543084;933874;800;426447;1584543084;933874;0;0;0;2.791551;
1584543085;31330;800;524084;1584543085;31330;0;0;0;2.826034;
1584543085;52036;800;544415;1584543085;52036;0;0;0;2.844371;
1584543085;77082;800;571059;1584543085;77082;0;0;0;2.862741;
1584543085;133272;800;626053;1584543085;133272;0;0;0;2.883849;
1584543085;230398;800;723385;1584543085;230398;0;0;0;2.924417;
1584543085;322606;800;818996;1584543085;322606;0;0;0;2.952587;
1584543085;402146;800;910644;1584543085;402146;0;0;0;2.978916;
1584543085;537122;801;30762;1584543085;537122;0;0;0;3.00836;
1584543085;625004;801;120075;1584543085;625004;0;0;0;3.0311;
1584543085;731513;801;224830;1584543085;731513;0;0;0;3.061012;
1584543085;831148;801;323858;1584543085;831148;0;0;0;3.089636;
1584543085;936738;801;430368;1584543085;936738;0;0;0;3.1215;
1584543086;34353;801;526986;1584543086;34353;0;0;0;-3.13167;
1584543086;146578;801;639904;1584543086;146578;0;0;0;-3.102687;
1584543086;243083;801;736368;1584543086;243083;0;0;0;-3.070799;
1584543086;343311;801;836593;1584543086;343311;0;0;0;-3.046958;
1584543086;446721;801;939981;1584543086;446721;0;0;0;-3.019125;
1584543086;535860;802;29818;1584543086;535860;0;0;0;-2.992307;
1584543086;556802;802;50559;1584543086;556802;0;0;0;-2.978443;
1584543086;579332;802;72710;1584543086;579332;0;0;0;-2.962073;
1584543086;614933;802;108691;1584543086;614933;0;0;0;-2.944613;
1584543086;691403;802;185329;1584543086;691403;0;0;0;-2.920378;
1584543086;785991;802;279644;1584543086;785991;0;0;0;-2.896702;
1584543086;828885;802;328667;1584543086;828885;0;0;0;-2.88272;
1584543086;931776;802;432225;1584543086;931776;0;0;0;-2.854447;
1584543087;45879;802;539358;1584543087;45879;0;0;0;-2.824085;
1584543087;150948;802;643876;1584543087;150948;0;0;0;-2.798824;
1584543087;253908;802;747063;1584543087;253908;0;0;0;-2.782276;
1584543087;344430;802;836877;1584543087;344430;0;0;0;-2.772202;
1584543087;443777;802;937602;1584543087;443777;0;0;0;-2.762444;
1584543087;528207;803;21326;1584543087;528207;0;0;0;-2.751853;
1584543087;560970;803;54632;1584543087;560970;0;0;0;-2.743924;
1584543087;649268;803;142084;1584543087;649268;0;0;0;-2.733009;
1584543087;729475;803;222899;1584543087;729475;0;0;0;-2.722615;
1584543087;763265;803;256023;1584543087;763265;0;0;0;-2.713948;
1584543087;854182;803;346731;1584543087;854182;0;0;0;-2.70593;
1584543087;935113;803;440302;1584543087;935113;0;0;0;-2.696291;
1584543088;29031;803;522178;1584543088;29031;0;0;0;-2.686327;
1584543088;64293;803;557048;1584543088;64293;0;0;0;-2.678185;
1584543088;156101;803;649196;1584543088;156101;0;0;0;-2.669933;
1584543088;246500;803;743141;1584543088;246500;0;0;0;-2.669629;
1584543088;334562;803;827855;1584543088;334562;0;0;0;-2.673692;
1584543088;367288;803;859794;1584543088;367288;0;0;0;-2.666593;
1584543088;463429;803;956803;1584543088;463429;0;0;0;-2.660531;
1584543088;557126;804;50594;1584543088;557126;0;0;0;-2.654064;
1584543088;656764;804;150819;1584543088;656764;0;0;0;-2.648535;
1584543088;741618;804;247077;1584543088;741618;0;0;0;-2.641708;
1584543088;840668;804;334020;1584543088;840668;0;0;0;-2.636217;
1584543088;872758;804;365664;1584543088;872758;0;0;0;-2.627472;
1584543088;962733;804;456560;1584543088;962733;0;0;0;-2.622646;
1584543089;44559;804;549048;1584543089;44559;0;0;0;-2.617476;
1584543089;141258;804;633695;1584543089;141258;0;0;0;-2.613301;
1584543089;173286;804;665648;1584543089;173286;0;0;0;-2.604761;
1584543089;265623;804;758403;1584543089;265623;0;0;0;-2.600076;
1584543089;345559;804;841672;1584543089;345559;0;0;0;-2.593965;
1584543089;379146;804;873237;1584543089;379146;0;0;0;-2.585378;
1584543089;469331;804;962807;1584543089;469331;0;0;0;-2.578206;
1584543089;553342;805;54474;1584543089;553342;0;0;0;-2.572279;
1584543089;646982;805;143855;1584543089;646982;0;0;0;-2.564601;
1584543089;733481;805;230876;1584543089;733481;0;0;0;-2.555511;
1584543089;771068;805;264387;1584543089;771068;0;0;0;-2.547272;
1584543089;867347;805;361202;1584543089;867347;0;0;0;-2.54018;
1584543089;955952;805;447852;1584543089;955952;0;0;0;-2.530787;
1584543090;46595;805;539727;1584543090;46595;0;0;0;-2.508693;
1584543090;78978;805;572309;1584543090;78978;0;0;0;-2.491659;
1584543090;168805;805;664223;1584543090;168805;0;0;0;-2.454674;
1584543090;247035;805;740769;1584543090;247035;0;0;0;-2.420645;
1584543090;278430;805;771931;1584543090;278430;0;0;0;-2.402135;
1584543090;372165;805;866167;1584543090;372165;0;0;0;-2.365367;
1584543090;453504;805;950584;1584543090;453504;0;0;0;-2.328186;
1584543090;504752;805;998455;1584543090;504752;0;0;0;-2.310297;
1584543090;590098;806;83232;1584543090;590098;0;0;0;-2.264392;
1584543090;683071;806;175794;1584543090;683071;0;0;0;-2.235749;
1584543090;765342;806;265997;1584543090;765342;0;0;0;-2.206802;
1584543090;856748;806;352186;1584543090;856748;0;0;0;-2.17803;
1584543090;888262;806;382656;1584543090;888262;0;0;0;-2.162006;
1584543090;977999;806;472038;1584543090;977999;0;0;0;-2.126956;
1584543091;65326;806;558089;1584543091;65326;0;0;0;-2.099068;
1584543091;151334;806;647849;1584543091;151334;0;0;0;-2.066716;
1584543091;186439;806;679975;1584543091;186439;0;0;0;-2.048533;
1584543091;270049;806;771407;1584543091;270049;0;0;0;-2.01073;
1584543091;358722;806;854741;1584543091;358722;0;0;0;-1.950081;
1584543091;394995;806;887131;1584543091;394995;0;0;0;-1.921776;
1584543091;506990;807;322;1584543091;506990;0;0;0;-1.845078;
1584543091;597621;807;90894;1584543091;597621;0;0;0;-1.757843;
1584543091;676935;807;182400;1584543091;676935;0;0;0;-1.700943;
1584543091;770626;807;263869;1584543091;770626;0;0;0;-1.632103;
1584543091;804052;807;297800;1584543091;804052;0;0;0;-1.600799;
1584543091;898439;807;390681;1584543091;898439;0;0;0;-1.522095;
1584543091;993410;807;487257;1584543091;993410;0;0;0;-1.463911;
1584543092;77460;807;570731;1584543092;77460;0;0;0;-1.399592;
1584543092;123994;807;616866;1584543092;123994;0;0;0;-1.378493;
1584543092;220398;807;712884;1584543092;220398;0;0;0;-1.355942;
1584543092;318836;807;812598;1584543092;318836;0;0;0;-1.383382;
1584543092;418302;807;910856;1584543092;418302;0;0;0;-1.420686;
1584543092;520231;808;13864;1584543092;520231;0;0;0;-1.457708;
1584543092;542592;808;35191;1584543092;542592;0;0;0;-1.453317;
1584543092;566723;808;65700;1584543092;566723;0;0;0;-1.445409;
1584543092;644294;808;138106;1584543092;644294;0;0;0;-1.438528;
1584543092;666402;808;165386;1584543092;666402;0;0;0;-1.428429;
1584543092;745579;808;238359;1584543092;745579;0;0;0;-1.433063;
1584543092;766696;808;266383;1584543092;766696;0;0;0;-1.434448;
1584543092;849963;808;343965;1584543092;849963;0;0;0;-1.442267;
1584543092;877494;808;371002;1584543092;877494;0;0;0;-1.433903;
1584543092;950912;808;444656;1584543092;950912;0;0;0;-1.428714;
1584543093;7261;808;500380;1584543093;7261;0;0;0;-1.41705;
1584543093;87080;808;583089;1584543093;87080;0;0;0;-1.355231;
1584543093;128194;808;621301;1584543093;128194;0;0;0;-1.32243;
1584543093;226518;808;719904;1584543093;226518;0;0;0;-1.232894;
1584543093;310398;808;816714;1584543093;310398;0;0;0;-1.155603;
1584543093;425044;808;917775;1584543093;425044;0;0;0;-1.076827;
1584543093;448708;808;942064;1584543093;448708;0;0;0;-1.060483;
1584543093;482440;808;974867;1584543093;482440;0;0;0;-1.046184;
1584543093;556633;809;50238;1584543093;556633;0;0;0;-1.030601;
1584543093;582804;809;76029;1584543093;582804;0;0;0;-1.019451;
1584543093;655340;809;148506;1584543093;655340;0;0;0;-1.006925;
1584543093;679974;809;176768;1584543093;679974;0;0;0;-0.9979244;
1584543093;762132;809;255232;1584543093;762132;0;0;0;-1.005901;
1584543093;790787;809;284257;1584543093;790787;0;0;0;-1.010115;
1584543093;871588;809;364829;1584543093;871588;0;0;0;-1.02701;
1584543093;903774;809;397273;1584543093;903774;0;0;0;-1.019012;
1584543093;981989;809;479029;1584543093;981989;0;0;0;-1.018822;
1584543094;29144;809;521874;1584543094;29144;0;0;0;-1.011572;
1584543094;122290;809;614622;1584543094;122290;0;0;0;-1.015604;
1584543094;210708;809;716714;1584543094;210708;0;0;0;-1.042042;
1584543094;306856;809;798834;1584543094;306856;0;0;0;-1.052355;
1584543094;342423;809;834469;1584543094;342423;0;0;0;-1.043243;
1584543094;419788;809;915229;1584543094;419788;0;0;0;-1.038034;
1584543094;448287;809;940683;1584543094;448287;0;0;0;-1.038683;
1584543094;465326;809;957449;1584543094;465326;0;0;0;-1.051442;
1584543094;484501;809;977228;1584543094;484501;0;0;0;-1.061315;
1584543094;513858;810;5800;1584543094;513858;0;0;0;-1.069378;
1584543094;595358;810;87394;1584543094;595358;0;0;0;-1.08219;
1584543094;627765;810;119979;1584543094;627765;0;0;0;-1.07469;
1584543094;710359;810;202323;1584543094;710359;0;0;0;-1.068428;
1584543094;734231;810;226198;1584543094;734231;0;0;0;-1.058422;
1584543094;758778;810;250766;1584543094;758778;0;0;0;-1.048905;
1584543094;834352;810;326760;1584543094;834352;0;0;0;-1.034352;
1584543094;860191;810;353522;1584543094;860191;0;0;0;-1.010363;
1584543094;879272;810;371230;1584543094;879272;0;0;0;-0.9765731;
1584543094;901311;810;393489;1584543094;901311;0;0;0;-0.9303058;
1584543094;931648;810;423826;1584543094;931648;0;0;0;-0.8900606;
1584543095;6306;810;498294;1584543095;6306;0;0;0;-0.8204566;
1584543095;37204;810;529351;1584543095;37204;0;0;0;-0.7964935;
1584543095;121541;810;617725;1584543095;121541;0;0;0;-0.774002;
1584543095;229506;810;724939;1584543095;229506;0;0;0;-0.7601598;
1584543095;311981;810;804118;1584543095;311981;0;0;0;-0.752076;
1584543095;345993;810;837954;1584543095;345993;0;0;0;-0.7409695;
1584543095;444597;810;936685;1584543095;444597;0;0;0;-0.7285968;
1584543095;518185;811;20526;1584543095;518185;0;0;0;-0.7145866;
1584543095;547158;811;39076;1584543095;547158;0;0;0;-0.7028996;
1584543095;563977;811;56158;1584543095;563977;0;0;0;-0.689607;
1584543095;581225;811;73381;1584543095;581225;0;0;0;-0.6767632;
1584543095;600264;811;92466;1584543095;600264;0;0;0;-0.664324;
1584543095;645307;811;137440;1584543095;645307;0;0;0;-0.6515006;
1584543095;720964;811;216896;1584543095;720964;0;0;0;-0.6367235;
1584543095;759908;811;252500;1584543095;759908;0;0;0;-0.6253182;
1584543095;849143;811;341345;1584543095;849143;0;0;0;-0.6141386;
1584543095;866480;811;358490;1584543095;866480;0;0;0;-0.6094768;
1584543095;882627;811;374590;1584543095;882627;0;0;0;-0.6094229;
1584543095;904336;811;396416;1584543095;904336;0;0;0;-0.6064806;
1584543095;928792;811;424294;1584543095;928792;0;0;0;-0.6010314;
1584543095;954808;811;446732;1584543095;954808;0;0;0;-0.5954202;
1584543095;972801;811;465124;1584543095;972801;0;0;0;-0.5863801;
1584543095;991931;811;484113;1584543095;991931;0;0;0;-0.5765322;
1584543096;14196;811;509113;1584543096;14196;0;0;0;-0.5663282;
1584543096;60348;811;552501;1584543096;60348;0;0;0;-0.556093;
1584543096;158427;811;650711;1584543096;158427;0;0;0;-0.5463901;
1584543096;235359;811;736443;1584543096;235359;0;0;0;-0.5377933;
1584543096;262105;811;754104;1584543096;262105;0;0;0;-0.5279992;
1584543096;280329;811;772457;1584543096;280329;0;0;0;-0.5197021;
1584543096;302278;811;797798;1584543096;302278;0;0;0;-0.5100548;
1584543096;326274;811;824154;1584543096;326274;0;0;0;-0.5003985;
1584543096;355722;811;847925;1584543096;355722;0;0;0;-0.4913722;
1584543096;374186;811;875926;1584543096;374186;0;0;0;-0.4820465;
1584543096;413966;811;906083;1584543096;413966;0;0;0;-0.473233;
1584543096;485458;811;977612;1584543096;485458;0;0;0;-0.4626399;
1584543096;515153;812;7303;1584543096;515153;0;0;0;-0.4520376;
1584543096;538391;812;30666;1584543096;538391;0;0;0;-0.4434848;
1584543096;560484;812;52620;1584543096;560484;0;0;0;-0.4342032;
1584543096;577525;812;69636;1584543096;577525;0;0;0;-0.4241062;
1584543096;601284;812;93623;1584543096;601284;0;0;0;-0.4142164;
1584543096;625077;812;123207;1584543096;625077;0;0;0;-0.4037717;
1584543096;725655;812;230176;1584543096;725655;0;0;0;-0.397367;
1584543096;823703;812;317722;1584543096;823703;0;0;0;-0.3967037;
1584543096;857573;812;350954;1584543096;857573;0;0;0;-0.3895046;
1584543096;941655;812;435306;1584543096;941655;0;0;0;-0.3882942;
1584543096;967531;812;460288;1584543096;967531;0;0;0;-0.38152;
1584543096;988340;812;481925;1584543096;988340;0;0;0;-0.3750209;
1584543097;20882;812;513627;1584543097;20882;0;0;0;-0.3696783;
1584543097;94620;812;595873;1584543097;94620;0;0;0;-0.3546727;
1584543097;125032;812;618186;1584543097;125032;0;0;0;-0.3414545;
1584543097;158314;812;652476;1584543097;158314;0;0;0;-0.321228;
1584543097;234281;812;733852;1584543097;234281;0;0;0;-0.2835003;
1584543097;266958;812;759719;1584543097;266958;0;0;0;-0.2649414;
1584543097;287842;812;781746;1584543097;287842;0;0;0;-0.2454741;
1584543097;321977;812;815021;1584543097;321977;0;0;0;-0.2237152;
1584543097;412537;812;905310;1584543097;412537;0;0;0;-0.1997583;
1584543097;433859;812;940210;1584543097;433859;0;0;0;-0.1890635;
1584543097;524482;813;17631;1584543097;524482;0;0;0;-0.1793117;
1584543097;559198;813;53151;1584543097;559198;0;0;0;-0.1688724;
1584543097;633546;813;127018;1584543097;633546;0;0;0;-0.1560777;
1584543097;669890;813;162533;1584543097;669890;0;0;0;-0.1432331;
1584543097;751849;813;248984;1584543097;751849;0;0;0;-0.1239134;
1584543097;829932;813;323248;1584543097;829932;0;0;0;-0.09952807;
1584543097;863735;813;357643;1584543097;863735;0;0;0;-0.08222466;
1584543097;938859;813;435417;1584543097;938859;0;0;0;-0.04578976;
1584543097;968825;813;462961;1584543097;968825;0;0;0;-0.0257163;
1584543098;52693;813;546050;1584543098;52693;0;0;0;0.009602571;
1584543098;89468;813;582624;1584543098;89468;0;0;0;0.02669499;
1584543098;186339;813;680283;1584543098;186339;0;0;0;0.04929875;
1584543098;210860;813;704191;1584543098;210860;0;0;0;0.06032903;
1584543098;295775;813;788509;1584543098;295775;0;0;0;0.07314578;
1584543098;324427;813;817468;1584543098;324427;0;0;0;0.08453273;
1584543098;348957;813;846145;1584543098;348957;0;0;0;0.09463018;
1584543098;425552;813;918467;1584543098;425552;0;0;0;0.1062579;
1584543098;457614;813;951375;1584543098;457614;0;0;0;0.1201397;
1584543098;534432;814;27416;1584543098;534432;0;0;0;0.1517707;
1584543098;561929;814;54762;1584543098;561929;0;0;0;0.1734041;
1584543098;644824;814;140567;1584543098;644824;0;0;0;0.2060439;
1584543098;681379;814;174114;1584543098;681379;0;0;0;0.2212443;
1584543098;762630;814;256193;1584543098;762630;0;0;0;0.2437706;
1584543098;788980;814;282278;1584543098;788980;0;0;0;0.2575397;
1584543098;814504;814;307669;1584543098;814504;0;0;0;0.2727071;
1584543098;894457;814;386946;1584543098;894457;0;0;0;0.2946427;
1584543098;918540;814;412429;1584543098;918540;0;0;0;0.3114632;
1584543098;947408;814;444378;1584543098;947408;0;0;0;0.3294415;
1584543099;34624;814;527846;1584543099;34624;0;0;0;0.3597052;
1584543099;63572;814;557098;1584543099;63572;0;0;0;0.373583;
1584543099;144894;814;638924;1584543099;144894;0;0;0;0.3932061;
1584543099;180309;814;673661;1584543099;180309;0;0;0;0.4074265;
1584543099;263486;814;757045;1584543099;263486;0;0;0;0.4302849;
1584543099;293340;814;786972;1584543099;293340;0;0;0;0.4445023;
1584543099;394737;814;887938;1584543099;394737;0;0;0;0.4676449;
1584543099;475903;814;973324;1584543099;475903;0;0;0;0.4924333;
1584543099;514328;815;7670;1584543099;514328;0;0;0;0.5071151;
1584543099;595132;815;88481;1584543099;595132;0;0;0;0.5337574;
1584543099;622614;815;116025;1584543099;622614;0;0;0;0.5500089;
1584543099;644215;815;137402;1584543099;644215;0;0;0;0.5697996;
1584543099;676758;815;169546;1584543099;676758;0;0;0;0.5903134;
1584543099;758411;815;251838;1584543099;758411;0;0;0;0.6181887;
1584543099;794249;815;287734;1584543099;794249;0;0;0;0.634221;
1584543099;879395;815;372972;1584543099;879395;0;0;0;0.6650843;
1584543099;905895;815;398633;1584543099;905895;0;0;0;0.6818565;
1584543099;935434;815;428038;1584543099;935434;0;0;0;0.7035491;
1584543100;23194;815;515367;1584543100;23194;0;0;0;0.7381768;
1584543100;104067;815;608483;1584543100;104067;0;0;0;0.771482;
1584543100;196326;815;689361;1584543100;196326;0;0;0;0.8206983;
1584543100;230147;815;722807;1584543100;230147;0;0;0;0.8463128;
1584543100;325340;815;818941;1584543100;325340;0;0;0;0.9046422;
1584543100;423283;815;917433;1584543100;423283;0;0;0;0.953819;
1584543100;449552;815;942560;1584543100;449552;0;0;0;0.9755115;
1584543100;480262;815;974299;1584543100;480262;0;0;0;1.000529;
1584543100;555934;816;48992;1584543100;555934;0;0;0;1.046445;
1584543100;584635;816;77821;1584543100;584635;0;0;0;1.064096;
1584543100;655427;816;149923;1584543100;655427;0;0;0;1.086982;
1584543100;687043;816;180695;1584543100;687043;0;0;0;1.103102;
1584543100;763718;816;256909;1584543100;763718;0;0;0;1.127484;
1584543100;800753;816;297442;1584543100;800753;0;0;0;1.14251;
1584543100;883963;816;377201;1584543100;883963;0;0;0;1.165199;
1584543100;925857;816;419183;1584543100;925857;0;0;0;1.177724;
1584543101;23164;816;515844;1584543101;23164;0;0;0;1.192192;
1584543101;116050;816;613293;1584543101;116050;0;0;0;1.205645;
1584543101;216728;816;714234;1584543101;216728;0;0;0;1.220507;
1584543101;316835;816;814001;1584543101;316835;0;0;0;1.236585;
1584543101;431640;816;923442;1584543101;431640;0;0;0;1.249598;
1584543101;519765;817;15624;1584543101;519765;0;0;0;1.263157;
1584543101;625968;817;118554;1584543101;625968;0;0;0;1.288277;
1584543101;726017;817;218609;1584543101;726017;0;0;0;1.319788;
1584543101;808645;817;310161;1584543101;808645;0;0;0;1.337343;
1584543101;905157;817;398409;1584543101;905157;0;0;0;1.353959;
1584543101;946263;817;439681;1584543101;946263;0;0;0;1.365765;
1584543102;31901;817;524921;1584543102;31901;0;0;0;1.378281;
1584543102;53482;817;546559;1584543102;53482;0;0;0;1.389974;
1584543102;73132;817;567857;1584543102;73132;0;0;0;1.402126;
1584543102;111036;817;608766;1584543102;111036;0;0;0;1.411951;
1584543102;204373;817;701476;1584543102;204373;0;0;0;1.405625;
1584543102;288036;817;781609;1584543102;288036;0;0;0;1.410556;
1584543102;333471;817;826809;1584543102;333471;0;0;0;1.419434;
1584543102;421874;817;920119;1584543102;421874;0;0;0;1.425686;
1584543102;522309;818;14898;1584543102;522309;0;0;0;1.433881;
1584543102;608029;818;104636;1584543102;608029;0;0;0;1.4393;
1584543102;650054;818;142764;1584543102;650054;0;0;0;1.447694;
1584543102;743199;818;235371;1584543102;743199;0;0;0;1.453438;
1584543102;840470;818;333722;1584543102;840470;0;0;0;1.457681;
1584543102;940790;818;433600;1584543102;940790;0;0;0;1.475821;
1584543103;43854;818;537576;1584543103;43854;0;0;0;1.521134;
1584543103;151053;818;643789;1584543103;151053;0;0;0;1.539191;
1584543103;248519;818;741288;1584543103;248519;0;0;0;1.560302;
1584543103;350463;818;843078;1584543103;350463;0;0;0;1.621104;
1584543103;446851;818;940057;1584543103;446851;0;0;0;1.684821;
1584543103;553931;819;46807;1584543103;553931;0;0;0;1.700467;
1584543103;653985;819;147297;1584543103;653985;0;0;0;1.710708;
1584543103;745826;819;238948;1584543103;745826;0;0;0;1.720773;
1584543103;844597;819;337484;1584543103;844597;0;0;0;1.731979;
1584543103;939938;819;437090;1584543103;939938;0;0;0;1.739705;
1584543104;30792;819;534190;1584543104;30792;0;0;0;1.749943;
1584543104;124083;819;616431;1584543104;124083;0;0;0;1.804924;
1584543104;161527;819;655311;1584543104;161527;0;0;0;1.836797;
1584543104;255625;819;748917;1584543104;255625;0;0;0;1.936845;
1584543104;357468;819;850562;1584543104;357468;0;0;0;2.030259;
1584543104;465016;819;957794;1584543104;465016;0;0;0;2.10845;
1584543104;560101;820;53686;1584543104;560101;0;0;0;2.188108;
1584543104;654352;820;148110;1584543104;654352;0;0;0;2.211109;
1584543104;737527;820;238190;1584543104;737527;0;0;0;2.222139;
1584543104;824814;820;321635;1584543104;824814;0;0;0;2.22866;
1584543104;861486;820;353402;1584543104;861486;0;0;0;2.237002;
1584543104;953152;820;446438;1584543104;953152;0;0;0;2.247119;
1584543105;33561;820;529479;1584543105;33561;0;0;0;2.256719;
1584543105;68919;820;562101;1584543105;68919;0;0;0;2.274906;
1584543105;162951;820;656079;1584543105;162951;0;0;0;2.345172;
1584543105;255257;820;749078;1584543105;255257;0;0;0;2.40717;
1584543105;352707;820;846841;1584543105;352707;0;0;0;2.432398;
1584543105;430085;820;925352;1584543105;430085;0;0;0;2.449459;
1584543105;468688;820;961796;1584543105;468688;0;0;0;2.46068;
1584543105;560702;821;52773;1584543105;560702;0;0;0;2.472806;
1584543105;639525;821;140549;1584543105;639525;0;0;0;2.480784;
1584543105;738594;821;231967;1584543105;738594;0;0;0;2.488233;
1584543105;830777;821;324367;1584543105;830777;0;0;0;2.496695;
1584543105;872258;821;365509;1584543105;872258;0;0;0;2.497233;
1584543105;959214;821;455733;1584543105;959214;0;0;0;2.461241;
1584543106;35101;821;531724;1584543106;35101;0;0;0;2.449316;
1584543106;71696;821;565134;1584543106;71696;0;0;0;2.455869;
1584543106;161282;821;653522;1584543106;161282;0;0;0;2.454985;
1584543106;235125;821;728881;1584543106;235125;0;0;0;2.429282;
1584543106;271617;821;764549;1584543106;271617;0;0;0;2.427909;
1584543106;361052;821;858454;1584543106;361052;0;0;0;2.424233;
1584543106;441035;821;947041;1584543106;441035;0;0;0;2.427581;
1584543106;535767;822;29633;1584543106;535767;0;0;0;2.406252;
1584543106;574004;822;66574;1584543106;574004;0;0;0;2.405852;
1584543106;658212;822;158929;1584543106;658212;0;0;0;2.40009;
1584543106;742062;822;238485;1584543106;742062;0;0;0;2.402795;
1584543106;777933;822;270552;1584543106;777933;0;0;0;2.409938;
1584543106;866632;822;360326;1584543106;866632;0;0;0;2.410927;
1584543106;941009;822;434194;1584543106;941009;0;0;0;2.385619;
1584543107;504;822;493270;1584543107;504;0;0;0;2.381362;
1584543107;83742;822;576525;1584543107;83742;0;0;0;2.361146;
1584543107;103860;822;597452;1584543107;103860;0;0;0;2.368544;
1584543107;131377;822;624551;1584543107;131377;0;0;0;2.375228;
1584543107;161626;822;658845;1584543107;161626;0;0;0;2.381657;
1584543107;241115;822;733969;1584543107;241115;0;0;0;2.387907;
1584543107;276755;822;771640;1584543107;276755;0;0;0;2.394041;
1584543107;363162;822;855543;1584543107;363162;0;0;0;2.400354;
1584543107;441115;822;934271;1584543107;441115;0;0;0;2.42398;
1584543107;485432;822;978848;1584543107;485432;0;0;0;2.437478;
1584543107;577229;823;69880;1584543107;577229;0;0;0;2.457261;
1584543107;650982;823;151060;1584543107;650982;0;0;0;2.472034;
1584543107;688906;823;182279;1584543107;688906;0;0;0;2.483603;
1584543107;790843;823;283525;1584543107;790843;0;0;0;2.499483;
1584543107;881487;823;386860;1584543107;881487;0;0;0;2.565248;
1584543107;985131;823;477794;1584543107;985131;0;0;0;2.595822;
1584543108;82090;823;575303;1584543108;82090;0;0;0;2.628725;
1584543108;164786;823;656708;1584543108;164786;0;0;0;2.657314;
1584543108;192680;823;686838;1584543108;192680;0;0;0;2.668216;
1584543108;273380;823;772952;1584543108;273380;0;0;0;2.683417;
1584543108;350142;823;842336;1584543108;350142;0;0;0;2.731545;
1584543108;383506;823;877860;1584543108;383506;0;0;0;2.768985;
1584543108;460786;823;958753;1584543108;460786;0;0;0;2.850326;
1584543108;499069;823;991254;1584543108;499069;0;0;0;2.886937;
1584543108;603303;824;96712;1584543108;603303;0;0;0;2.985262;
1584543108;692615;824;185846;1584543108;692615;0;0;0;3.065317;
1584543108;724336;824;219164;1584543108;724336;0;0;0;3.079366;
1584543108;820144;824;313687;1584543108;820144;0;0;0;3.09449;
1584543108;916810;824;409124;1584543108;916810;0;0;0;3.105829;
1584543109;11841;824;505357;1584543109;11841;0;0;0;3.119145;
1584543109;108929;824;601719;1584543109;108929;0;0;0;3.136551;
1584543109;203737;824;697525;1584543109;203737;0;0;0;-3.079773;
1584543109;300911;824;794189;1584543109;300911;0;0;0;-3.012065;
1584543109;382350;824;878810;1584543109;382350;0;0;0;-2.950697;
1584543109;428103;824;921772;1584543109;428103;0;0;0;-2.927004;
1584543109;524538;825;17310;1584543109;524538;0;0;0;-2.871731;
1584543109;619952;825;114663;1584543109;619952;0;0;0;-2.853916;
1584543109;721031;825;214084;1584543109;721031;0;0;0;-2.840066;
1584543109;816600;825;309913;1584543109;816600;0;0;0;-2.825783;
1584543109;916254;825;409455;1584543109;916254;0;0;0;-2.817001;
1584543110;19642;825;512795;1584543110;19642;0;0;0;-2.808695;
1584543110;114902;825;607916;1584543110;114902;0;0;0;-2.789863;
1584543110;283195;825;774898;1584543110;283195;0;0;0;-2.678302;
1584543110;323711;825;819087;1584543110;323711;0;0;0;-2.640022;
1584543110;426567;825;919783;1584543110;426567;0;0;0;-2.52311;
1584543110;528372;826;23113;1584543110;528372;0;0;0;-2.501219;
1584543110;627970;826;121479;1584543110;627970;0;0;0;-2.489255;
1584543110;722641;826;218920;1584543110;722641;0;0;0;-2.476794;
1584543110;819438;826;313331;1584543110;819438;0;0;0;-2.464439;
1584543110;924961;826;421020;1584543110;924961;0;0;0;-2.394161;
1584543111;4401;826;496664;1584543111;4401;0;0;0;-2.299644;
1584543111;47193;826;540334;1584543111;47193;0;0;0;-2.277747;
1584543111;134868;826;628262;1584543111;134868;0;0;0;-2.256216;
1584543111;222701;826;723103;1584543111;222701;0;0;0;-2.243826;
1584543111;316092;826;814060;1584543111;316092;0;0;0;-2.237215;
1584543111;429129;826;925714;1584543111;429129;0;0;0;-2.248863;
1584543111;537328;827;30800;1584543111;537328;0;0;0;-2.266277;
1584543111;640254;827;133141;1584543111;640254;0;0;0;-2.277183;
1584543111;726719;827;228366;1584543111;726719;0;0;0;-2.284717;
1584543111;822064;827;318145;1584543111;822064;0;0;0;-2.281617;
1584543111;928729;827;430187;1584543111;928729;0;0;0;-2.27574;
1584543112;23848;827;520839;1584543112;23848;0;0;0;-2.267508;
1584543112;122087;827;619251;1584543112;122087;0;0;0;-2.260031;
1584543112;156525;827;649810;1584543112;156525;0;0;0;-2.251547;
1584543112;243090;827;736966;1584543112;243090;0;0;0;-2.245462;
1584543112;331589;827;831805;1584543112;331589;0;0;0;-2.240878;
1584543112;431725;827;932048;1584543112;431725;0;0;0;-2.234071;
1584543112;533374;828;34689;1584543112;533374;0;0;0;-2.22509;
1584543112;633036;828;125741;1584543112;633036;0;0;0;-2.215111;
1584543112;726814;828;223250;1584543112;726814;0;0;0;-2.205127;
1584543112;760464;828;253207;1584543112;760464;0;0;0;-2.194008;
1584543112;858870;828;351652;1584543112;858870;0;0;0;-2.173465;
1584543112;956892;828;449899;1584543112;956892;0;0;0;-2.130689;
1584543113;34508;828;526793;1584543113;34508;0;0;0;-2.070642;
1584543113;64807;828;558026;1584543113;64807;0;0;0;-2.042725;
1584543113;142841;828;643873;1584543113;142841;0;0;0;-1.976136;
1584543113;172983;828;666202;1584543113;172983;0;0;0;-1.946122;
1584543113;198228;828;690910;1584543113;198228;0;0;0;-1.904566;
1584543113;235438;828;727893;1584543113;235438;0;0;0;-1.870407;
1584543113;326383;828;823200;1584543113;326383;0;0;0;-1.839851;
1584543113;420971;828;914272;1584543113;420971;0;0;0;-1.819914;
1584543113;503396;828;996176;1584543113;503396;0;0;0;-1.775753;
1584543113;542794;829;35339;1584543113;542794;0;0;0;-1.737404;
1584543113;625212;829;118315;1584543113;625212;0;0;0;-1.641674;
1584543113;672278;829;166075;1584543113;672278;0;0;0;-1.619284;
1584543113;758653;829;264812;1584543113;758653;0;0;0;-1.599098;
1584543113;869053;829;361864;1584543113;869053;0;0;0;-1.578563;
1584543113;891012;829;383830;1584543113;891012;0;0;0;-1.547332;
1584543113;924302;829;418070;1584543113;924302;0;0;0;-1.4972;
1584543114;16109;829;509119;1584543114;16109;0;0;0;-1.407632;
1584543114;45149;829;537926;1584543114;45149;0;0;0;-1.379843;
1584543114;129624;829;626432;1584543114;129624;0;0;0;-1.33993;
1584543114;167676;829;660422;1584543114;167676;0;0;0;-1.320615;
1584543114;244946;829;741799;1584543114;244946;0;0;0;-1.251325;
1584543114;277284;829;770231;1584543114;277284;0;0;0;-1.214434;
1584543114;366370;829;858942;1584543114;366370;0;0;0;-1.125453;
1584543114;469445;829;964733;1584543114;469445;0;0;0;-1.045577;
1584543114;574204;830;66699;1584543114;574204;0;0;0;-0.9612658;
1584543114;675597;830;168670;1584543114;675597;0;0;0;-0.9331962;
1584543114;772739;830;266241;1584543114;772739;0;0;0;-0.9257162;
1584543114;849306;830;342699;1584543114;849306;0;0;0;-0.9655702;
1584543114;893340;830;386643;1584543114;893340;0;0;0;-0.9740828;
1584543114;980631;830;474049;1584543114;980631;0;0;0;-1.031303;
1584543115;2636;830;499160;1584543115;2636;0;0;0;-1.02586;
1584543115;37157;830;529430;1584543115;37157;0;0;0;-1.020268;
1584543115;132075;830;625215;1584543115;132075;0;0;0;-1.012429;
1584543115;156361;830;648753;1584543115;156361;0;0;0;-0.9955097;
1584543115;190874;830;683072;1584543115;190874;0;0;0;-0.9723988;
1584543115;292109;830;784879;1584543115;292109;0;0;0;-0.8952153;
1584543115;325328;830;818087;1584543115;325328;0;0;0;-0.8649788;
1584543115;401646;830;895342;1584543115;401646;0;0;0;-0.8048411;
1584543115;494657;830;987939;1584543115;494657;0;0;0;-0.7908015;
1584543115;533444;831;26184;1584543115;533444;0;0;0;-0.7785192;
1584543115;616095;831;108502;1584543115;616095;0;0;0;-0.7644145;
1584543115;642044;831;135522;1584543115;642044;0;0;0;-0.7528778;
1584543115;667675;831;172365;1584543115;667675;0;0;0;-0.7415539;
1584543115;753166;831;249851;1584543115;753166;0;0;0;-0.7274864;
1584543115;795317;831;288935;1584543115;795317;0;0;0;-0.7157911;
1584543115;906487;831;403305;1584543115;906487;0;0;0;-0.70646;
1584543115;998911;831;492005;1584543115;998911;0;0;0;-0.7000341;
1584543116;90259;831;583367;1584543116;90259;0;0;0;-0.6917532;
1584543116;187833;831;680685;1584543116;187833;0;0;0;-0.6884314;
1584543116;270845;831;763397;1584543116;270845;0;0;0;-0.697293;
1584543116;310125;831;806240;1584543116;310125;0;0;0;-0.6870459;
1584543116;407223;831;900416;1584543116;407223;0;0;0;-0.6837085;
1584543116;504137;831;998199;1584543116;504137;0;0;0;-0.6774425;
1584543116;600947;832;93835;1584543116;600947;0;0;0;-0.6663089;
1584543116;688968;832;185573;1584543116;688968;0;0;0;-0.6554164;
1584543116;778344;832;271848;1584543116;778344;0;0;0;-0.6439492;
1584543116;862705;832;357474;1584543116;862705;0;0;0;-0.6340356;
1584543116;913587;832;409685;1584543116;913587;0;0;0;-0.6240773;
1584543117;9483;832;502889;1584543117;9483;0;0;0;-0.6188744;
1584543117;104385;832;597533;1584543117;104385;0;0;0;-0.6108366;
1584543117;181960;832;675169;1584543117;181960;0;0;0;-0.6052939;
1584543117;224815;832;717551;1584543117;224815;0;0;0;-0.5939296;
1584543117;314966;832;809882;1584543117;314966;0;0;0;-0.584743;
1584543117;415993;832;912845;1584543117;415993;0;0;0;-0.5754054;
1584543117;522577;833;14295;1584543117;522577;0;0;0;-0.5653762;
1584543117;622309;833;116125;1584543117;622309;0;0;0;-0.5568393;
1584543117;717398;833;214752;1584543117;717398;0;0;0;-0.5474319;
1584543117;832896;833;329056;1584543117;832896;0;0;0;-0.538138;
1584543117;926967;833;419273;1584543117;926967;0;0;0;-0.5299117;
1584543118;28451;833;521720;1584543118;28451;0;0;0;-0.519;
1584543118;128339;833;622055;1584543118;128339;0;0;0;-0.5096363;
1584543118;225323;833;718906;1584543118;225323;0;0;0;-0.4986355;
1584543118;325627;833;820241;1584543118;325627;0;0;0;-0.4890367;
1584543118;426683;833;918548;1584543118;426683;0;0;0;-0.4787066;
1584543118;518968;834;17168;1584543118;518968;0;0;0;-0.4737714;
1584543118;627224;834;120668;1584543118;627224;0;0;0;-0.4652051;
1584543118;731402;834;224478;1584543118;731402;0;0;0;-0.4262915;
1584543118;831456;834;324675;1584543118;831456;0;0;0;-0.3677014;
1584543118;910108;834;410293;1584543118;910108;0;0;0;-0.3482023;
1584543119;3279;834;496152;1584543119;3279;0;0;0;-0.3368941;
1584543119;44491;834;538337;1584543119;44491;0;0;0;-0.3263291;
1584543119;137952;834;631803;1584543119;137952;0;0;0;-0.3127493;
1584543119;232532;834;725493;1584543119;232532;0;0;0;-0.2894816;
1584543119;331608;834;824912;1584543119;331608;0;0;0;-0.263117;
1584543119;415339;834;921596;1584543119;415339;0;0;0;-0.2301902;
1584543119;514764;835;16138;1584543119;514764;0;0;0;-0.1989679;
1584543119;610031;835;103221;1584543119;610031;0;0;0;-0.1628627;
1584543119;685038;835;178274;1584543119;685038;0;0;0;-0.132925;
1584543119;734553;835;227213;1584543119;734553;0;0;0;-0.1117632;
1584543119;813615;835;307308;1584543119;813615;0;0;0;-0.06211285;
1584543119;918373;835;425033;1584543119;918373;0;0;0;-0.02090212;
1584543120;15226;835;510384;1584543120;15226;0;0;0;0.0247977;
1584543120;118932;835;612674;1584543120;118932;0;0;0;0.07651721;
1584543120;218984;835;712086;1584543120;218984;0;0;0;0.1391601;
1584543120;290264;835;783483;1584543120;290264;0;0;0;0.1885275;
1584543120;339504;835;832620;1584543120;339504;0;0;0;0.2165608;
1584543120;443371;835;936118;1584543120;443371;0;0;0;0.2849513;
1584543120;549485;836;42488;1584543120;549485;0;0;0;0.3581077;
1584543120;651551;836;144701;1584543120;651551;0;0;0;0.408063;
1584543120;749979;836;242513;1584543120;749979;0;0;0;0.4663792;
1584543120;843893;836;337548;1584543120;843893;0;0;0;0.5238927;
1584543120;945085;836;437535;1584543120;945085;0;0;0;0.5675422;
1584543121;51685;836;544568;1584543121;51685;0;0;0;0.5837979;
1584543121;130679;836;622844;1584543121;130679;0;0;0;0.5986332;
1584543121;163838;836;657036;1584543121;163838;0;0;0;0.6112478;
1584543121;254094;836;747367;1584543121;254094;0;0;0;0.6328333;
1584543121;334747;836;835155;1584543121;334747;0;0;0;0.6509386;
1584543121;369494;836;863298;1584543121;369494;0;0;0;0.6642159;
1584543121;468102;836;960453;1584543121;468102;0;0;0;0.6821294;
1584543121;547489;837;46059;1584543121;547489;0;0;0;0.6980461;
1584543121;630007;837;123475;1584543121;630007;0;0;0;0.7053296;
1584543121;665056;837;158187;1584543121;665056;0;0;0;0.7159609;
1584543121;759719;837;252860;1584543121;759719;0;0;0;0.7331861;
1584543121;850194;837;346453;1584543121;850194;0;0;0;0.7852584;
1584543121;934488;837;428677;1584543121;934488;0;0;0;0.8372319;
1584543121;971884;837;466079;1584543121;971884;0;0;0;0.8496917;
1584543122;64126;837;557216;1584543122;64126;0;0;0;0.8697606;
1584543122;168433;837;660475;1584543122;168433;0;0;0;0.8848736;
1584543122;271225;837;764795;1584543122;271225;0;0;0;0.8957779;
1584543122;364718;837;857063;1584543122;364718;0;0;0;0.9093007;
1584543122;440339;837;933664;1584543122;440339;0;0;0;0.9213485;
1584543122;480747;837;973932;1584543122;480747;0;0;0;0.9362522;
1584543122;567845;838;60760;1584543122;567845;0;0;0;1.003471;
1584543122;677877;838;171373;1584543122;677877;0;0;0;1.094239;
1584543122;766853;838;260485;1584543122;766853;0;0;0;1.121121;
1584543122;851106;838;343930;1584543122;851106;0;0;0;1.134434;
1584543122;883320;838;376052;1584543122;883320;0;0;0;1.150226;
1584543122;974795;838;468516;1584543122;974795;0;0;0;1.208863;
1584543123;54406;838;558816;1584543123;54406;0;0;0;1.233297;
1584543123;146380;838;642848;1584543123;146380;0;0;0;1.247243;
1584543123;182872;838;675647;1584543123;182872;0;0;0;1.262347;
1584543123;279547;838;772789;1584543123;279547;0;0;0;1.308276;
1584543123;374149;838;867285;1584543123;374149;0;0;0;1.337065;
1584543123;455747;838;948957;1584543123;455747;0;0;0;1.350076;
1584543123;491167;838;984193;1584543123;491167;0;0;0;1.359129;
1584543123;604226;839;97790;1584543123;604226;0;0;0;1.36573;
1584543123;697602;839;191153;1584543123;697602;0;0;0;1.375071;
1584543123;787248;839;281153;1584543123;787248;0;0;0;1.385554;
1584543123;868901;839;376085;1584543123;868901;0;0;0;1.396127;
1584543123;966191;839;458680;1584543123;966191;0;0;0;1.406915;
1584543124;1434;839;493788;1584543124;1434;0;0;0;1.41746;
1584543124;115645;839;608534;1584543124;115645;0;0;0;1.428339;
1584543124;220765;839;720173;1584543124;220765;0;0;0;1.439481;
1584543124;306981;839;799250;1584543124;306981;0;0;0;1.450324;
1584543124;323352;839;815704;1584543124;323352;0;0;0;1.460848;
1584543124;342178;839;834120;1584543124;342178;0;0;0;1.471338;
1584543124;373454;839;872032;1584543124;373454;0;0;0;1.481851;
1584543124;457204;839;966568;1584543124;457204;0;0;0;1.492746;
1584543124;551045;840;42969;1584543124;551045;0;0;0;1.503507;
1584543124;606291;840;97805;1584543124;606291;0;0;0;1.514001;
1584543124;681469;840;173832;1584543124;681469;0;0;0;1.524895;
1584543124;777217;840;269517;1584543124;777217;0;0;0;1.535581;
1584543124;845563;840;337635;1584543124;845563;0;0;0;1.5463;
1584543124;868448;840;368225;1584543124;868448;0;0;0;1.556784;
1584543124;945569;840;437814;1584543124;945569;0;0;0;1.567521;
1584543124;960750;840;456585;1584543124;960750;0;0;0;1.57796;
1584543124;997208;840;489661;1584543124;997208;0;0;0;1.58845;
1584543125;69653;840;566224;1584543125;69653;0;0;0;1.599271;
1584543125;104682;840;597997;1584543125;104682;0;0;0;1.609773;
1584543125;182186;840;674104;1584543125;182186;0;0;0;1.620593;
1584543125;207542;840;699615;1584543125;207542;0;0;0;1.631064;
1584543125;236431;840;728818;1584543125;236431;0;0;0;1.6416;
1584543125;317185;840;810323;1584543125;317185;0;0;0;1.652366;
1584543125;340972;840;832851;1584543125;340972;0;0;0;1.662809;
